DT ENTREGA;ABERTURA CH;CHAMADO ORACLE;OCORRÊNCIA;CONCESSIONÁRIA;CÓD.;CIDADE;UF;CTE CEVA;CIA;TRANSPORTADORA;NOTA FISCAL;VOLUME;RESSALVA; RETORNO DO PARCEIRO;AÇÃO SIT ;PRAZO FINAL;STATUS FINAL;STATUS DO CHAMADO ;VENCIMENTO;ACOMPANHAMENTO EXTRAVIO;OBSERVAÇÃO;TEMPO EM ABERTO;REGIÃO;Aging
02/01/2025;02/01/2026;260102-000019;EXTRAVIO ;GRAMARCA (VARZEA GRANDE);G22;VARZEA GRANDE;MT;679409;SCB01;CARVALIMA;13999904;7273109;SIM;05/01/2026 - NOTIFICAÇÃO A CARVALIMA;FINALIZADO COMO RESOLVIDO;09/01/2026;LOCALIZADO;FINALIZADO;FINALIZADO;;;-;CO;NORMAL
02/01/2025;03/01/2026;260103-000015;EXTRAVIO ;ACCIOLY BARAO DE LIMEIRA;A50;RIO DE JANEIRO;RJ;679244;SCB01;CAMILO;13995573;7251861;SIM;05/01/2026 - NOTIFICAÇÃO A CAMILO;FINALIZADO COMO RESOLVIDO;09/01/2026;LOCALIZADO;FINALIZADO;FINALIZADO;;;-;Sudeste;NORMAL
05/01/2026;05/01/2026;260105-000155;EXTRAVIO ;AUTUS (AFONSO PENA);X44;UBERLANDIA;MG;680581;SCB01;OPERAÇÃO SOR;14012251;7275968;SIM;05/01/2026 - NOTIFICAÇÃO A XD MINAS;FINALIZADO COMO RESOLVIDO;12/01/2026;LOCALIZADO;FINALIZADO;FINALIZADO;;;-;Sudeste;NORMAL
23/12/2025;05/01/2026;260105-000086;EXTRAVIO ;CVC (VITORIA);L93;VITORIA;ES;678517;SCB01;CAMILO;13981178;7204477;SIM;05/01/2026 - NOTIFICAÇÃO A CAMILO;FINALIZADO COMO RESOLVIDO;12/01/2026;LOCALIZADO;FINALIZADO;FINALIZADO;;;-;Sudeste;NORMAL
06/11/2026;05/01/2026;260105-000310;EXTRAVIO ;GARCIA (MANAUS);J37;MANAUS;AM;661699;SCB01;NORTEX;13772641;6395442;SIM;08/01/2026 - NOTIFICAÇÃO A NORTEX;CARTA ENVIADA;12/01/2026;NÃO LOCALIZADO;FINALIZADO;FINALIZADO;;;-;Norte;NORMAL
29/12/2025;06/01/2026;260106-000031;EXTRAVIO ;PIANNA (LINHARES);J67;LINHARES;ES;229932;GRU01;CAMILO;1284269;2091603;SIM;09/01/2026 - NOTIFICAÇÃO A CAMILO;FINALIZADO COMO RESOLVIDO;13/01/2026;LOCALIZADO;FINALIZADO;FINALIZADO;;;-;Sudeste;NORMAL
29/12/2025;06/01/2026;260106-000030;EXTRAVIO ;PIANNA (LINHARES);J67;LINHARES;ES;229932;GRU01;CAMILO;1283835;2091602;SIM;09/01/2026 - NOTIFICAÇÃO A CAMILO;FINALIZADO COMO RESOLVIDO;13/01/2026;LOCALIZADO;FINALIZADO;FINALIZADO;;;-;Sudeste;NORMAL
07/01/2026;07/01/2026;260107-000266;EXTRAVIO ;ACCIOLY BARAO DE LIMEIRA;A50;RIO DE JANEIRO;RJ;680549;SCB01;CAMILO;14011881;7317061/7317064;SIM;09/01/2026 - NOTIFICAÇÃO A CAMILO;FINALIZADO COMO RESOLVIDO;14/01/2026;LOCALIZADO;FINALIZADO;FINALIZADO;;;-;Sudeste;NORMAL
26/12/2025;07/01/2026;260107-000176;EXTRAVIO ;GURIVEL (PIANNA SAO MATEUS);J97;SÃO MATEUS;ES;677770;SCB01;CAMILO;13976125;80209991;SIM;09/01/2026 - NOTIFICAÇÃO A CAMILO;FINALIZADO COMO RESOLVIDO;14/01/2026;LOCALIZADO;FINALIZADO;FINALIZADO;;;-;Sudeste;NORMAL
07/01/2026;08/01/2026;260108-000037;EXTRAVIO ;RIO NORTE (SANTAREM);S68;SANTAREM ;PA;230405;GRU01;CARVALIMA;1286516;23367;SIM;09/01/2026 - NOTIFICAÇÃO A CARVALIMA;CARTA ENVIADA;15/01/2026;NÃO LOCALIZADO;FINALIZADO;FINALIZADO;;;-;Norte;NORMAL
06/01/2026;08/01/2026;260108-000031;EXTRAVIO ;AMERICAS (BARRA);F34;RIO DE JANEIRO;RJ;680133;SCB01;XD DIADEMA;14009530;298414;SIM;09/01/2026 - NOTIFICAÇÃO A XD DDA;CARTA ENVIADA;15/01/2026;NÃO LOCALIZADO;FINALIZADO;FINALIZADO;;;-;Sudeste;NORMAL
12/01/2026;12/01/2026;260112-000334;EXTRAVIO ;PIANNA (LINHARES);J67;LINHARES;ES;679259;SCB01;OPERAÇÃO SOR;13995255;7255534;SIM;15/01/2026 - NOTIFICAÇÃO CAMILO;CARTA ENVIADA;19/01/2026;NÃO LOCALIZADO;FINALIZADO;FINALIZADO;;;-;Sudeste;NORMAL
21/11/2025;13/01/2026;260113-000351;EXTRAVIO ;VESSA (VILA VELHA);B15;VILA VELHA;ES;227674;GRU01;CAMILO;1274768;2017399;SIM;15/01/2026 - NOTIFICAÇÃO CAMILO;CARTA ENVIADA;20/01/2026;NÃO LOCALIZADO;FINALIZADO;FINALIZADO;;;-;Sudeste;NORMAL
12/12/2025;13/01/2026;260113-000341;EXTRAVIO ;VESSA (VILA VELHA);B15;VILA VELHA;ES;676130;SCB01;CAMILO;13958318;7130864;SIM;15/01/2026 - NOTIFICAÇÃO CAMILO;CARTA ENVIADA;20/01/2026;NÃO LOCALIZADO;FINALIZADO;FINALIZADO;;;-;Sudeste;NORMAL
29/12/2025;14/01/2026;260114-000034;EXTRAVIO ;GRAMARCA (MIGUEL SUTIL);G21;CUIABA ;MT;678874;SCB01;CARVALIMA;13984958/13986511;7220097/7226873;SIM;15/01/2026 - NOTIFICAÇÃO CARVALIMA;CARTA ENVIADA;21/01/2026;NÃO LOCALIZADO;FINALIZADO;FINALIZADO;;;-;CO;NORMAL
30/12/2025;16/01/2026;260116-000155;EXTRAVIO ;AUTOMEC (INDAIATUBA);I80;INDAIATUBA;SP;679729;SCB01;ALFA;14004927;7296069;SIM;20/01/2026 - NOTIFICAÇÃO ALFA;CARTA ENVIADA;23/01/2026;NÃO LOCALIZADO;FINALIZADO;FINALIZADO;;;-;Sudeste;NORMAL
29/12/2025;17/01/2026;260117-000067;EXTRAVIO ;PERKAL (CAMPO GRANDE);P04;CAMPO GRANDE;MS;678885;SCB01;CARVALIMA;13991763;7246393;SIM;20/01/2026 - NOTIFICAÇÃO CARVALIMA;FINALIZADO COMO RESOLVIDO;23/01/2026;LOCALIZADO;FINALIZADO;FINALIZADO;;;-;CO;NORMAL
19/01/2026;19/01/2026;260119-000179;EXTRAVIO ;JORLAN (BARAO H. DE MELO);J66;BELO HORIZONTE;MG;681807;SCB01;XD MINAS;14026239;80222976;SIM;20/01/2026 - NOTIFICAÇÃO XD MINAS;FINALIZADO COMO RESOLVIDO;26/01/2026;LOCALIZADO;FINALIZADO;FINALIZADO;;;-;Sudeste;NORMAL
30/12/2025;19/01/2026;260119-000300;EXTRAVIO ;GARCIA (MANAUS);J37;MANAUS;AM;670485;SCB01;NORTEX;13882875;6810168;SIM;20/01/2026 - NOTIFICAÇÃO NORTEX;CARTA ENVIADA;26/01/2026;NÃO LOCALIZADO;FINALIZADO;FINALIZADO;;;-;Norte;NORMAL
30/12/2025;19/01/2026;260119-000308;EXTRAVIO ;GARCIA (MANAUS);J37;MANAUS;AM;228526;GRU01;NORTEX;1277232;2033035;SIM;20/01/2026 - NOTIFICAÇÃO NORTEX;CARTA ENVIADA;26/01/2026;NÃO LOCALIZADO;FINALIZADO;FINALIZADO;;;-;Norte;NORMAL
29/12/2025;20/01/2026;260120-000229;EXTRAVIO ;VEIBRAS;V43;SÃO JOSE DOS CAMPOS ;SP;679861;SCB01;XD DIADEMA;14004584;7292574;SIM;20/01/2026 - NOTIFICAÇÃO XD DDA;CARTA ENVIADA;27/01/2026;NÃO LOCALIZADO;FINALIZADO;FINALIZADO;;;-;Sudeste;NORMAL
20/01/2026;20/01/2026;260120-000368;EXTRAVIO ;WEST MOTORS (PIRACICABA);W25;PIRACICABA;SP;230933;GRU01;ALFA;1288687/1288686;2136996/2136997;SIM;23/01/2026 - NOTIFICAÇÃO ALFA;CARTA ENVIADA;27/01/2026;NÃO LOCALIZADO;FINALIZADO;FINALIZADO;;;-;Sudeste;NORMAL
20/01/2026;20/01/2026;260120-000322;EXTRAVIO ;JORLAN (BARAO H. DE MELO);J66;BELO HORIZONTE;MG;231060;GRU01;XD MINAS;1289189;2141767;SIM;23/01/2026 - NOTIFICAÇÃO XD MINAS;FINALIZADO COMO RESOLVIDO;27/01/2026;LOCALIZADO;FINALIZADO;FINALIZADO;;;-;Sudeste;NORMAL
21/01/2026;21/01/2026;260121-000228;EXTRAVIO ;JORLAN (BARAO H. DE MELO);J66;BELO HORIZONTE;MG;231152;GRU01;XD MINAS;1289650;2146391;SIM;23/01/2026 - NOTIFICAÇÃO XD MINAS;FINALIZADO COMO RESOLVIDO;28/01/2026;LOCALIZADO;FINALIZADO;FINALIZADO;;;-;Sudeste;NORMAL
07/01/2026;21/01/2026;260121-000126;EXTRAVIO ;GARCIA (MANAUS);J37;MANAUS;AM;675042;SCB01;NORTEX;13934325;7025450;SIM;23/01/2026 - NOTIFICAÇÃO NORTEX;CARTA ENVIADA;28/01/2026;NÃO LOCALIZADO;FINALIZADO;FINALIZADO;;;-;Norte;NORMAL
07/01/2026;21/01/2026;260121-000108;EXTRAVIO ;GARCIA (MANAUS);J37;MANAUS;AM;675042;SCB01;NORTEX;13930478;7013372;SIM;23/01/2026 - NOTIFICAÇÃO NORTEX;CARTA ENVIADA;28/01/2026;NÃO LOCALIZADO;FINALIZADO;FINALIZADO;;;-;Norte;NORMAL
21/01/2026;22/01/2026;260122-000154;EXTRAVIO ;LIDER (RECREIO);L45;RIO DE JANEIRO;RJ;681618;SCB01;CAMILO;14024951;7358562;SIM;23/01/2026 - NOTIFICAÇÃO CAMILO;FINALIZADO COMO RESOLVIDO;29/01/2026;LOCALIZADO;FINALIZADO;FINALIZADO;;;-;Sudeste;NORMAL
21/01/2026;22/01/2026;260122-000153;EXTRAVIO ;LIDER (RECREIO);L45;RIO DE JANEIRO;RJ;681618;SCB01;CAMILO;14025014;7358223;SIM;23/01/2026 - NOTIFICAÇÃO CAMILO;FINALIZADO COMO RESOLVIDO;29/01/2026;LOCALIZADO;FINALIZADO;FINALIZADO;;;-;Sudeste;NORMAL
21/01/2026;22/01/2026;260122-000150;EXTRAVIO ;LIDER (RECREIO);L45;RIO DE JANEIRO;RJ;681618;SCB01;CAMILO;14023301;7358146;SIM;23/01/2026 - NOTIFICAÇÃO CAMILO;FINALIZADO COMO RESOLVIDO;29/01/2026;LOCALIZADO;FINALIZADO;FINALIZADO;;;-;Sudeste;NORMAL
14/01/2026;23/01/2026;260123-000109;EXTRAVIO ;STEFANINI MOTORS VEICULOS E PECAS LTDA;W25;CAPIVARI;SP;681004;SCB01;ALFA;14016905;7328761;SIM;23/01/2026 - NOTIFICAÇÃO ALFA;CARTA ENVIADA;30/01/2026;NÃO LOCALIZADO;FINALIZADO;FINALIZADO;;;-;Sudeste;NORMAL
22/01/2026;23/01/2026;260123-000004;EXTRAVIO ;JORLAN (BARAO H. DE MELO);J66;BELO HORIZONTE;MG;682475;SCB01;OPERAÇÃO SOR;14039472;7411333;SIM;23/01/2026 - NOTIFICAÇÃO XD MINAS;CARTA ENVIADA;30/01/2026;NÃO LOCALIZADO;FINALIZADO;FINALIZADO;;;-;Sudeste;NORMAL
14/01/2026;23/01/2026;260123-000233;EXTRAVIO ;VELMAX (ITAPETININGA);V27;ITAPETINIGA;SP;681349;SCB01;XD DIADEMA;14021584;7341590;SIM;23/01/2026 - NOTIFICAÇÃO XD DDA;CARTA ENVIADA;30/01/2026;NÃO LOCALIZADO;FINALIZADO;FINALIZADO;;;-;Sudeste;NORMAL
21/01/2026;23/01/2026;260123-000315;EXTRAVIO ;ROQUEVILLE;R48;SÃO ROQUE;SP;682573;SCB01;XD DIADEMA;14041473/e/14041472;7408514;SIM;23/01/2026 - NOTIFICAÇÃO XD DDA;CARTA ENVIADA;30/01/2026;NÃO LOCALIZADO;FINALIZADO;FINALIZADO;;;-;Sudeste;NORMAL
22/01/2026;23/01/2026;260123-000347;EXTRAVIO ;CIVESA;C20;ARARAS ;SP;682235;SCB01;ALFA;14035429;7401295;SIM;23/01/2026 - NOTIFICAÇÃO ALFA;CARTA ENVIADA;30/01/2026;NÃO LOCALIZADO;FINALIZADO;FINALIZADO;;;-;Sudeste;NORMAL
22/01/2026;26/01/2026;260126-000176;EXTRAVIO ;ACCIOLY BARAO DE LIMEIRA;A50;RIO DE JANEIRO;RJ;681605;SCB01;CAMILO;14018289;7333033;SIM;26/01/2026 - NOTIFICAÇÃO DA CAMILO;FINALIZADO COMO RESOLVIDO;02/02/2026;LOCALIZADO;FINALIZADO;FINALIZADO;;;-;Sudeste;NORMAL
22/01/2026;26/01/2026;260126-000166;EXTRAVIO ;ACCIOLY BARAO DE LIMEIRA;A50;RIO DE JANEIRO;RJ;681605;SCB01;CAMILO;14018288;7333033;SIM;26/01/2026 - NOTIFICAÇÃO DA CAMILO;CARTA ENVIADA;02/02/2026;NÃO LOCALIZADO;FINALIZADO;FINALIZADO;;;-;Sudeste;NORMAL
22/01/2026;26/01/2026;260126-000163;EXTRAVIO ;ACCIOLY BARAO DE LIMEIRA;A50;RIO DE JANEIRO;RJ;681605;SCB01;CAMILO;14018284;7333033;SIM;26/01/2026 - NOTIFICAÇÃO DA CAMILO;CARTA ENVIADA;02/02/2026;NÃO LOCALIZADO;FINALIZADO;FINALIZADO;;;-;Sudeste;NORMAL
22/01/2026;26/01/2026;260126-000152;EXTRAVIO ;ACCIOLY BARAO DE LIMEIRA;A50;RIO DE JANEIRO;RJ;681605;SCB01;CAMILO;14024932;7358588;SIM;26/01/2026 - NOTIFICAÇÃO DA CAMILO;FINALIZADO COMO RESOLVIDO;02/02/2026;LOCALIZADO;FINALIZADO;FINALIZADO;;;-;Sudeste;NORMAL
22/01/2026;26/01/2026;260126-000143;EXTRAVIO ;ACCIOLY BARAO DE LIMEIRA;A50;RIO DE JANEIRO;RJ;681605;SCB01;CAMILO;14018041;7332231/7332232;SIM;26/01/2026 - NOTIFICAÇÃO DA CAMILO;CARTA ENVIADA;02/02/2026;NÃO LOCALIZADO;FINALIZADO;FINALIZADO;;;-;Sudeste;NORMAL
22/01/2026;26/01/2026;260126-000135;EXTRAVIO ;ACCIOLY BARAO DE LIMEIRA;A50;RIO DE JANEIRO;RJ;681605;SCB01;CAMILO;14018040;7332231/7332232;SIM;26/01/2026 - NOTIFICAÇÃO DA CAMILO;CARTA ENVIADA;02/02/2026;NÃO LOCALIZADO;FINALIZADO;FINALIZADO;;;-;Sudeste;NORMAL
22/01/2026;26/01/2026;260126-000098;EXTRAVIO ;ACCIOLY BARAO DE LIMEIRA;A50;RIO DE JANEIRO;RJ;681974;SCB01;CAMILO;202776/202778/202779;1550987949/1552091011/1552091503/;SIM;26/01/2026 - NOTIFICAÇÃO DA CAMILO;FINALIZADO COMO RESOLVIDO;02/02/2026;LOCALIZADO;FINALIZADO;FINALIZADO;;;-;Sudeste;NORMAL
26/01/2026;26/01/2026;260126-000403;EXTRAVIO ;ABSOLUTA (DIREITOS HUMANOS);D97;SÃO PAULO;SP;683327;SCB01;XD DIADEMA;14050498;7453972;SIM;28/01/2026 - NOTIFICAÇÃO DA XD DDA;CARTA ENVIADA;02/02/2026;NÃO LOCALIZADO;FINALIZADO;FINALIZADO;;;-;Sudeste;NORMAL
27/01/2026;27/01/2026;260127-000041;EXTRAVIO ;GRANDE MINAS (PAMPULHA);F51;BELO HORIZONTE;MG;231549;GRU01;XD MINAS;1291025;/2158045/2158046/2158047;SIM;28/01/2026 - NOTIFICAÇÃO DA XD MINAS;CARTA ENVIADA;03/02/2026;NÃO LOCALIZADO;FINALIZADO;FINALIZADO;;;-;Sudeste;NORMAL
26/01/2026;27/01/2026;260127-000083;EXTRAVIO ;BRAGA VEICULOS ;B40;MANAUS;AM;675651;SCB01;NORTEX;13947202;7084080;SIM;28/01/2026 - NOTIFICAÇÃO DA NORTEX;FINALIZADO COMO RESOLVIDO;03/02/2026;LOCALIZADO;FINALIZADO;FINALIZADO;;;-;Norte;NORMAL
26/01/2026;27/01/2026;260127-000086;EXTRAVIO ;BRAGA VEICULOS ;B40;MANAUS;AM;679658;SCB01;NORTEX;13988803;7227157/7227158/7227160;SIM;28/01/2026 - NOTIFICAÇÃO DA NORTEX;CARTA ENVIADA;03/02/2026;NÃO LOCALIZADO;FINALIZADO;FINALIZADO;;;-;Norte;NORMAL
26/01/2026;27/01/2026;260127-000090;EXTRAVIO ;BRAGA VEICULOS ;B40;MANAUS;AM;679658;SCB01;NORTEX;13988804;7227256;SIM;28/01/2026 - NOTIFICAÇÃO DA NORTEX;CARTA ENVIADA;03/02/2026;NÃO LOCALIZADO;FINALIZADO;FINALIZADO;;;-;Norte;NORMAL
26/01/2026;27/01/2026;260127-000092;EXTRAVIO ;BRAGA VEICULOS ;B40;MANAUS;AM;679658;SCB01;NORTEX;13993474;7235616;SIM;28/01/2026 - NOTIFICAÇÃO DA NORTEX;FINALIZADO COMO RESOLVIDO;03/02/2026;LOCALIZADO;FINALIZADO;FINALIZADO;;;-;Norte;NORMAL
26/01/2026;27/01/2026;260127-000093;EXTRAVIO ;BRAGA VEICULOS ;B40;MANAUS;AM;679658;SCB01;NORTEX;13988805;7227699/7227722/0007227699;SIM;28/01/2026 - NOTIFICAÇÃO DA NORTEX;FINALIZADO COMO RESOLVIDO;03/02/2026;LOCALIZADO;FINALIZADO;FINALIZADO;;;-;Norte;NORMAL
05/01/2026;27/01/2026;260127-000227;EXTRAVIO ;JORLAN (GOIANIA);J23;GOIANIA;GO;679669;SCB01;XD DIADEMA;14002553;7286128;SIM;28/01/2026 - NOTIFICAÇÃO DA XD DDA;CARTA ENVIADA;03/02/2026;NÃO LOCALIZADO;FINALIZADO;FINALIZADO;;;-;CO;NORMAL
26/01/2026;28/01/2026;260128-000098;EXTRAVIO ;ACCIOLY BARAO DE LIMEIRA;A50;RIO DE JANEIRO;RJ;682495;SCB01;CAMILO;14040707;7410408;SIM;28/01/2026 - NOTIFICAÇÃO DA CAMILO;CARTA ENVIADA;04/02/2026;NÃO LOCALIZADO;FINALIZADO;FINALIZADO;;;-;Sudeste;NORMAL
28/01/2026;28/01/2026;260128-000114;EXTRAVIO ;GRAMARCA (VARZEA GRANDE);G22;VARZEA GRANDE;MT;682892;SCB01;CARVALIMA;14046900;7437089;SIM;28/01/2026 - NOTIFICAÇÃO DA CARVALIMA;FINALIZADO COMO RESOLVIDO;04/02/2026;LOCALIZADO;FINALIZADO;FINALIZADO;;;-;CO;NORMAL
26/01/2026;29/01/2026;260129-000170;EXTRAVIO ;GARCIA (MANAUS);J37;MANAUS;AM;679898;SCB01;NORTEX;13998406;7263169;SIM;30/01/2026 - NOTIFICAÇÃO DA NORTEX;FINALIZADO COMO RESOLVIDO;05/02/2026;LOCALIZADO;FINALIZADO;FINALIZADO;;;-;Norte;NORMAL
29/01/2026;29/01/2026;260129-000211;EXTRAVIO ;METRONORTE (SAO JOSE);X50;SÃO JOSE ;SC;231827;GRU01;OPERAÇÃO GRU;1292151;2168401;SIM;30/01/2026 - NOTIFICAÇÃO DA OPERAÇÃO GRU;CARTA ENVIADA;05/02/2026;NÃO LOCALIZADO;FINALIZADO;FINALIZADO;;;-;Sul;NORMAL
26/01/2026;29/01/2026;260129-000294;EXTRAVIO ;ASPEN (BARRA MANSA);B05;MACAE;RJ;680552;SCB01;CAMILO;14011810;7317823;SIM;30/01/2026 - NOTIFICAÇÃO DA CAMILO;CARTA ENVIADA;05/02/2026;NÃO LOCALIZADO;FINALIZADO;FINALIZADO;;;-;Sudeste;NORMAL
22/01/2026;30/01/2026;260130-000052;EXTRAVIO ;GARCIA (MANAUS);J37;MANAUS;AM;678392;SCB01;NORTEX;13978468;7193268;SIM;30/01/2026 - NOTIFICAÇÃO DA NORTEX;CARTA ENVIADA;06/02/2026;NÃO LOCALIZADO;FINALIZADO;FINALIZADO;;;-;Norte;NORMAL
22/01/2026;30/01/2026;260130-000055;EXTRAVIO ;GARCIA (MANAUS);J37;MANAUS;AM;678392;SCB01;NORTEX;13978470;7193268;SIM;30/01/2026 - NOTIFICAÇÃO DA NORTEX;CARTA ENVIADA;06/02/2026;NÃO LOCALIZADO;FINALIZADO;FINALIZADO;;;-;Norte;NORMAL
22/01/2026;30/01/2026;260130-000062;EXTRAVIO ;GARCIA (MANAUS);J37;MANAUS;AM;678392;SCB01;NORTEX;13968554;7165139;SIM;30/01/2026 - NOTIFICAÇÃO DA NORTEX;CARTA ENVIADA;06/02/2026;NÃO LOCALIZADO;FINALIZADO;FINALIZADO;;;-;Norte;NORMAL
27/01/2026;30/01/2026;260130-000075;EXTRAVIO ;SABENAUTO (PORTO VELHO);U15;BRASILIA;DF;231385;GRU01;RIO VERMELHO;1290539;2154967;SIM;30/01/2026 - NOTIFICAÇÃO DA RIO VERMELHO;FINALIZADO COMO RESOLVIDO;06/02/2026;LOCALIZADO;FINALIZADO;FINALIZADO;;;-;CO;NORMAL
30/01/2026;30/01/2026;260130-000329;EXTRAVIO ;ABSOLUTA (DIREITOS HUMANOS);D97;SAO PAULO;SP;231862;GRU01;XD DIADEMA;1292413;2174217;SIM;03/02/2026 NOTIFICAÇÃO PARA XD DDA;CARTA ENVIADA;06/02/2026;NÃO LOCALIZADO;FINALIZADO;FINALIZADO;;;-;Sudeste;NORMAL
30/01/2026;31/01/2026;260131-000022;EXTRAVIO ;ACCIOLY BARAO DE LIMEIRA;A50;RIO DE JANEIRO;RJ;683710;SCB01;CAMILO;14055674;7439463;SIM;03/02/2026 NOTIFICAÇÃO PARA CAMILO;FINALIZADO COMO RESOLVIDO;06/02/2026;LOCALIZADO;FINALIZADO;FINALIZADO;;;-;Sudeste;NORMAL
02/02/2026;02/02/2026;260202-000422;EXTRAVIO ;ABSOLUTA (DIREITOS HUMANOS);D97;SAO PAULO;SP;684759;SCB01;XD DIADEMA;14068356;7527342;SIM;03/02/2026 NOTIFICAÇÃO PARA XD DDA;FINALIZADO COMO RESOLVIDO;09/02/2026;LOCALIZADO;FINALIZADO;FINALIZADO;;;-;Sudeste;NORMAL
27/01/2026;02/02/2026;260202-000395;EXTRAVIO ;STEFANINI MOTORS VEICULOS E PECAS LTDA;W25;CAPIVARI;SP;683261;SCB01;ALFA;14050375;7451927/7451928;SIM;03/02/2026 NOTIFICAÇÃO PARA ALFA;CARTA ENVIADA;09/02/2026;NÃO LOCALIZADO;FINALIZADO;FINALIZADO;;;-;Sudeste;NORMAL
29/01/2026;02/02/2026;260202-000326;EXTRAVIO ;CODIVE (CAMPINAS);K15;CAMPINAS;SP;231780;GRU01;XD DIADEMA;1292084;2170361;SIM;03/02/2026 NOTIFICAÇÃO PARA XD DDA;CARTA ENVIADA;09/02/2026;NÃO LOCALIZADO;FINALIZADO;FINALIZADO;;;-;Sudeste;NORMAL
30/01/2026;02/02/2026;260202-000324;EXTRAVIO ;CODIVE (CAMPINAS);K15;CAMPINAS;SP;231877;GRU01;XD DIADEMA;1292614;2172798;SIM;03/02/2026 NOTIFICAÇÃO PARA XD DDA;CARTA ENVIADA;09/02/2026;NÃO LOCALIZADO;FINALIZADO;FINALIZADO;;;-;Sudeste;NORMAL
30/01/2026;03/02/2026;260203-000011;EXTRAVIO ;JORLAN (GOIANIA);J23;GOIANIA;GO;683874;SCB01;XD DIADEMA;14058678;7487752;SIM;03/02/2026 NOTIFICAÇÃO PARA XD DDA;CARTA ENVIADA;10/02/2026;NÃO LOCALIZADO;FINALIZADO;FINALIZADO;;;-;CO;NORMAL
29/01/2026;03/02/2026;260203-000207;EXTRAVIO ;VESSA (VILA VELHA);B15;VILA VELHA;ES;231467;GRU01;CAMILO;1289980;2149542/2149543.;SIM;03/02/2026 NOTIFICAÇÃO PARA CAMILO;FINALIZADO COMO RESOLVIDO;10/02/2026;LOCALIZADO;FINALIZADO;FINALIZADO;;;-;Sudeste;NORMAL
29/01/2026;03/02/2026;260203-000223;EXTRAVIO ;VESSA (VILA VELHA);B15;VILA VELHA;ES;682520;SCB01;CAMILO;14032309/14041119/;7359384/7409911;SIM;03/02/2026 NOTIFICAÇÃO PARA CAMILO;FINALIZADO COMO RESOLVIDO;10/02/2026;LOCALIZADO;FINALIZADO;FINALIZADO;;;-;Sudeste;NORMAL
02/02/2026;04/02/2026;260204-000033;EXTRAVIO ;JORLAN (GOIANIA);J23;GOIANIA;GO;684740;SCB01;XD DIADEMA;14069264;7488024;SIM;03/02/2026 NOTIFICAÇÃO PARA XD DDA;CARTA ENVIADA;11/02/2026;NÃO LOCALIZADO;FINALIZADO;FINALIZADO;;;-;CO;NORMAL
04/02/2026;04/02/2026;260204-000035;EXTRAVIO ;JORLAN (GOIANIA);J23;GOIANIA;GO;684740;SCB01;XD DIADEMA;14065145;7517470;SIM;03/02/2026 NOTIFICAÇÃO PARA XD DDA;FINALIZADO COMO RESOLVIDO;11/02/2026;LOCALIZADO;FINALIZADO;FINALIZADO;;;-;CO;NORMAL
04/02/2026;04/02/2026;260204-000098;EXTRAVIO ;GRAMARCA (VARZEA GRANDE);G22;VARZEA GRANDE;MT;231836;GRU01;CARVALIMA;1292446;2174198;SIM;04/02/2026 NOTIFICAÇÃO PARA CARVALIMA;FINALIZADO COMO RESOLVIDO;11/02/2026;LOCALIZADO;FINALIZADO;FINALIZADO;;;-;CO;NORMAL
05/02/2026;05/02/2026;260205-000167;EXTRAVIO ;AMERICAS (BARRA);F34;RIO DE JANEIRO;RJ;232127;GRU01;XD DIADEMA;1293720;183917;SIM;10/02/2026 NOTIFICAÇÃO PARA XD DDA;CARTA ENVIADA;12/02/2026;NÃO LOCALIZADO;FINALIZADO;FINALIZADO;;;-;Sudeste;NORMAL
30/01/2026;05/02/2026;260205-000160;EXTRAVIO ;AMERICAS (BARRA);F34;RIO DE JANEIRO;RJ;231718;GRU01;XD DIADEMA;1291595;2164048;SIM;10/02/2026 NOTIFICAÇÃO PARA XD DDA;CARTA ENVIADA;12/02/2026;NÃO LOCALIZADO;FINALIZADO;FINALIZADO;;;-;Sudeste;NORMAL
06/02/2026;06/02/2026;260206-000341;EXTRAVIO ;COTAC (SUZANO);Y21;SUZANO;SP;232412;GRU01;XD DIADEMA;1294636;2194353;SIM;11/02/2026 NOTIFICAÇÃO PARA XD DDA;CARTA ENVIADA;13/02/2026;NÃO LOCALIZADO;FINALIZADO;FINALIZADO;;;-;Sudeste;NORMAL
07/02/2026;06/02/2026;260206-000329;EXTRAVIO ;VEIBRAS;V43;SÃO JOSE DOS CAMPOS ;SP;684913;SCB01;XD DIADEMA;14051193;80389124;SIM;11/02/2026 NOTIFICAÇÃO PARA XD DDA;CARTA ENVIADA;13/02/2026;NÃO LOCALIZADO;FINALIZADO;FINALIZADO;;;-;Sudeste;NORMAL
29/01/2026;06/02/2026;260206-000266;EXTRAVIO ;CVC (SERRA);L91;SERRA;ES;230766;GRU01;CAMILO;1287893;2129602;SIM;11/02/2026 NOTIFICAÇÃO PARA CAMILO;CARTA ENVIADA;13/02/2026;NÃO LOCALIZADO;FINALIZADO;FINALIZADO;;;-;Sudeste;NORMAL
04/01/2026;06/02/2026;260206-000229;EXTRAVIO ;CVC (VITORIA);L93;VITORIA;ES;683500;SCB01;CAMILO;14051240;7424984;SIM;10/02/2026 NOTIFICAÇÃO PARA CAMILO;CARTA ENVIADA;13/02/2026;NÃO LOCALIZADO;FINALIZADO;FINALIZADO;;;-;Sudeste;NORMAL
28/01/2026;06/02/2026;260206-000189;EXTRAVIO ;PEDRAGON (MANAUS);M65;MANAUS;AM;670789;SCB01;NORTEX;13988666/e/13988669;7227417/7226974;SIM;10/02/2026 NOTIFICAÇÃO PARA NORTEX;CARTA ENVIADA;13/02/2026;NÃO LOCALIZADO;FINALIZADO;FINALIZADO;;;-;Norte;NORMAL
06/02/2026;06/02/2026;260206-000174;EXTRAVIO ;ABSOLUTA (SANTOS);J07;SANTOS;SP;232404;GRU01;XD DIADEMA;1294814;2194362;SIM;10/02/2026 NOTIFICAÇÃO PARA XD DDA;CARTA ENVIADA;13/02/2026;NÃO LOCALIZADO;FINALIZADO;FINALIZADO;;;-;Sudeste;NORMAL
16/12/2025;06/02/2026;260206-000172;EXTRAVIO ;PEDRAGON (MANAUS);M65;MANAUS;AM;670789;SCB01;NORTEX;13886194;6825238;SIM;10/02/2026 NOTIFICAÇÃO PARA NORTEX;CARTA ENVIADA;13/02/2026;NÃO LOCALIZADO;FINALIZADO;FINALIZADO;;;-;Norte;NORMAL
12/01/2026;06/02/2026;260206-000168;EXTRAVIO ;PEDRAGON (MANAUS);M65;MANAUS;AM;672564;SCB01;NORTEX;/13907575/e/13907577;/6923323/6923398;SIM;10/02/2026 NOTIFICAÇÃO PARA NORTEX;CARTA ENVIADA;13/02/2026;NÃO LOCALIZADO;FINALIZADO;FINALIZADO;;;-;Norte;NORMAL
12/01/2026;06/02/2026;260206-000159;EXTRAVIO ;PEDRAGON (MANAUS);M65;MANAUS;AM;675030;SCB01;NORTEX;13936402;7013328;SIM;10/02/2026 NOTIFICAÇÃO PARA NORTEX;CARTA ENVIADA;13/02/2026;NÃO LOCALIZADO;FINALIZADO;FINALIZADO;;;-;Norte;NORMAL
06/02/2026;09/02/2026;260209-000137;EXTRAVIO ;CODIVE (CAMPINAS);K15;CAMPINAS;SP;232282;GRU01;XD DIADEMA;1293677;2184003;SIM;11/02/2026 NOTIFICAÇÃO PARA XD DDA;FINALIZADO COMO RESOLVIDO;16/02/2026;LOCALIZADO;FINALIZADO;FINALIZADO;;;-;Sudeste;NORMAL
06/02/2026;09/02/2026;260209-000139;EXTRAVIO ;CODIVE (CAMPINAS);K15;CAMPINAS;SP;685775;SCB01;XD DIADEMA;14080946;7593247;SIM;11/02/2026 NOTIFICAÇÃO PARA XD DDA;FINALIZADO COMO RESOLVIDO;16/02/2026;LOCALIZADO;FINALIZADO;FINALIZADO;;;-;Sudeste;NORMAL
03/02/2026;09/02/2026;260209-000285;EXTRAVIO ;JAVEP (JAU);C14;JAU;SP;680982/682785;SCB01;ALFA;/14017853/14017854/14035665;7329143/7401022;SIM;11/02/2026 NOTIFICAÇÃO PARA ALFA;CARTA ENVIADA;16/02/2026;NÃO LOCALIZADO;FINALIZADO;FINALIZADO;;;-;Sudeste;NORMAL
10/02/2026;10/02/2026;260210-000347;EXTRAVIO ;SPASSUS;S66;JUNDIAI;SP;686020;SCB01;XD DIADEMA;14081202;7586968;SIM;11/02/2026 NOTIFICAÇÃO PARA XD DDA;FINALIZADO COMO RESOLVIDO;17/02/2026;LOCALIZADO;FINALIZADO;FINALIZADO;;;-;Sudeste;NORMAL
09/02/2026;10/02/2026;260210-000382;EXTRAVIO ;JORLAN (GOIANIA);J23;GOIANIA;GO;685438;SCB01;XD DIADEMA;14076723;7569028;SIM;11/02/2026 NOTIFICAÇÃO PARA XD DDA;CARTA ENVIADA;17/02/2026;NÃO LOCALIZADO;FINALIZADO;FINALIZADO;;;-;CO;NORMAL
04/02/2026;11/02/2026;260211-000042;EXTRAVIO ;LIDER (RECREIO);L45;RIO DE JANEIRO;RJ;684484;SCB01;CAMILO;14059551;80227332;SIM;12/02/2026 NOTIFICAÇÃO PARA CAMILO;FINALIZADO COMO RESOLVIDO;18/02/2026;LOCALIZADO;FINALIZADO;FINALIZADO;;;-;Sudeste;NORMAL
09/02/2026;11/02/2026;260211-000169;EXTRAVIO ;JAVEP (JAU);C14;JAU;SP;684935;SCB01;ALFA;14071593;7548494;SIM;12/02/2026 NOTIFICAÇÃO PARA ALFA;CARTA ENVIADA;18/02/2026;NÃO LOCALIZADO;FINALIZADO;FINALIZADO;;;-;Sudeste;NORMAL
09/02/2026;12/02/2026;260212-000103;EXTRAVIO ;AUTUS (AFONSO PENA);X44;PATOS DE MINAS;MG;685672;SCB01;XD MINAS;14079084;7585404;SIM;12/02/2026 NOTIFICAÇÃO PARA MINAS;CARTA ENVIADA;19/02/2026;NÃO LOCALIZADO;FINALIZADO;FINALIZADO;;;-;Sudeste;NORMAL
04/02/2026;12/02/2026;260212-000142;EXTRAVIO ;VIAMAR (PEREIRA BARRETO);B68;SÃO PAULO;SP;685262;SCB01;XD DIADEMA;14074454;7557355;SIM;12/02/2026 NOTIFICAÇÃO PARA XD DDA;FINALIZADO COMO RESOLVIDO;19/02/2026;LOCALIZADO;FINALIZADO;FINALIZADO;;;-;Sudeste;NORMAL
08/02/2026;12/02/2026;260212-000283;EXTRAVIO ;STEFANINI MOTORS VEICULOS E PECAS LTDA;W25;CAPIVARI;SP;231811;GRU01;ALFA;1291867;2169792;SIM;16/02/2026 NOTIFICAÇÃO PARA ALFA;CARTA ENVIADA;19/02/2026;NÃO LOCALIZADO;FINALIZADO;FINALIZADO;;;-;Sudeste;NORMAL
06/02/2026;12/02/2026;260212-000300;EXTRAVIO ;STEFANINI MOTORS VEICULOS E PECAS LTDA;W25;CAPIVARI;SP;684953;SCB01;ALFA;14071534;7538940;SIM;16/02/2026 NOTIFICAÇÃO PARA ALFA;FINALIZADO COMO RESOLVIDO;19/02/2026;LOCALIZADO;FINALIZADO;FINALIZADO;;;-;Sudeste;NORMAL
02/02/2026;12/02/2026;260212-000299;EXTRAVIO ;SABENAUTO (DPEC CUIABA);C93;CUIABA ;MT;683606;SCB01;CARVALIMA;14054877/14054481;7468607/7469192;SIM;16/02/2026 NOTIFICAÇÃO PARA CARVALIMA;CARTA ENVIADA;19/02/2026;NÃO LOCALIZADO;FINALIZADO;FINALIZADO;;;-;CO;NORMAL
11/02/2026;12/02/2026;260212-000316;EXTRAVIO ;STEFANINI MOTORS VEICULOS E PECAS LTDA;W25;CAPIVARI;SP;232221;GRU01;ALFA;1293924;2188134;SIM;16/02/2026 NOTIFICAÇÃO PARA ALFA;CARTA ENVIADA;19/02/2026;NÃO LOCALIZADO;FINALIZADO;FINALIZADO;;;-;Sudeste;NORMAL
12/02/2026;13/02/2026;260213-000212;EXTRAVIO ;LIDER (RECREIO);L45;RIO DE JANEIRO;RJ;686263;SCB01;CAMILO;14089290;7617884;SIM;16/02/2026 NOTIFICAÇÃO PARA CAMILO;FINALIZADO COMO RESOLVIDO;20/02/2026;LOCALIZADO;FINALIZADO;FINALIZADO;;;-;Sudeste;NORMAL
10/02/2026;13/02/2026;260213-000358;EXTRAVIO ;ROQUEVILLE;R48;SAO ROQUE;SP;686322;SCB01;XD DIADEMA;14086125;7557951;SIM;16/02/2026 NOTIFICAÇÃO PARA XD DDA;FINALIZADO COMO RESOLVIDO;20/02/2026;LOCALIZADO;FINALIZADO;FINALIZADO;;;-;Sudeste;NORMAL
28/01/2026;13/02/2026;260213-000388;EXTRAVIO ;ACCIOLY BARAO DE LIMEIRA;A50;BELO HORIZONTE;MG;683417;SCB01;OPERAÇÃO SOR;14051229;7439461;SIM;16/02/2026 NOTIFICAÇÃO PARA XD MINAS;CARTA ENVIADA;20/02/2026;NÃO LOCALIZADO;FINALIZADO;FINALIZADO;;;-;Sudeste;NORMAL
10/02/2026;14/02/2026;260214-000024;EXTRAVIO ;GARCIA (MANAUS);J37;MANAUS;AM;681391;SCB01;NORTEX;14006313;7290412;SIM;16/02/2026 NOTIFICAÇÃO PARA NORTEX;CARTA ENVIADA;20/02/2026;NÃO LOCALIZADO;FINALIZADO;FINALIZADO;;;-;Norte;NORMAL
10/02/2026;14/02/2026;260214-000025;EXTRAVIO ;GARCIA (MANAUS);J37;MANAUS;AM;681391;SCB01;NORTEX;14006308;7290574;SIM;16/02/2026 NOTIFICAÇÃO PARA NORTEX;CARTA ENVIADA;20/02/2026;NÃO LOCALIZADO;FINALIZADO;FINALIZADO;;;-;Norte;NORMAL
10/02/2026;14/02/2026;260214-000028;EXTRAVIO ;GARCIA (MANAUS);J37;MANAUS;AM;681391;SCB01;NORTEX;14006307;7290574;SIM;16/02/2026 NOTIFICAÇÃO PARA NORTEX;CARTA ENVIADA;20/02/2026;NÃO LOCALIZADO;FINALIZADO;FINALIZADO;;;-;Norte;NORMAL
19/02/2026;19/02/2026;260219-000360;EXTRAVIO ;JAVEP (JAU);C14;MARILIA;SP;686962;SCB01;ALFA;14098184;7656668;SIM;23/02/2026 - NOTIFICAÇÃO PARA ALFA;CARTA ENVIADA;26/02/2026;NÃO LOCALIZADO;FINALIZADO;FINALIZADO;;;-;Sudeste;NORMAL
09/02/2026;19/02/2026;260219-000429;EXTRAVIO ;VIGORITO (ABC);E92;SÃO PAULO;SP;685994;SCB01;XD DIADEMA;14084382;7601602;SIM;23/02/2026 - NOTIFICAÇÃO PARA XD DDA;CARTA ENVIADA;26/02/2026;NÃO LOCALIZADO;FINALIZADO;FINALIZADO;;;-;Sudeste;NORMAL
09/02/2026;19/02/2026;260219-000504;EXTRAVIO ;ACCIOLY BARAO DE LIMEIRA;A50;SÃO JOSE DOS CAMPOS ;SP;686614;SCB01;XD DIADEMA;14090688;80229568;SIM;23/02/2026 - NOTIFICAÇÃO PARA XD DDA;FINALIZADO COMO RESOLVIDO;26/02/2026;LOCALIZADO;FINALIZADO;FINALIZADO;;;-;Sudeste;NORMAL
20/02/2026;20/02/2026;260220-000345;EXTRAVIO ;OURICAR;O84;OURINHOS;SP;687733;SCB01;ALFA;14108047;7686057;SIM;23/02/2026 - NOTIFICAÇÃO PARA ALFA;FINALIZADO COMO RESOLVIDO;27/02/2026;LOCALIZADO;FINALIZADO;FINALIZADO;;;-;Sudeste;NORMAL
16/02/2026;21/02/2026;260221-000049;EXTRAVIO ;GARCIA (MANAUS);J37;MANAUS;AM;231363;GRU01;NORTEX;1289746;2146962;SIM;23/02/2026 - NOTIFICAÇÃO PARA NORTEX;CARTA ENVIADA;27/02/2026;NÃO LOCALIZADO;FINALIZADO;FINALIZADO;;;-;Norte;NORMAL
18/02/2026;21/02/2026;260221-000054;EXTRAVIO ;GARCIA (MANAUS);J37;MANAUS;AM;682663;SCB01;NORTEX;14033467;7379990;SIM;23/02/2026 - NOTIFICAÇÃO PARA NORTEX;CARTA ENVIADA;27/02/2026;NÃO LOCALIZADO;FINALIZADO;FINALIZADO;;;-;Norte;NORMAL
18/02/2026;21/02/2026;260221-000064;EXTRAVIO ;GARCIA (MANAUS);J37;MANAUS;AM;683541;SCB01;NORTEX;14045018;7418732;SIM;23/02/2026 - NOTIFICAÇÃO PARA NORTEX;CARTA ENVIADA;27/02/2026;NÃO LOCALIZADO;FINALIZADO;FINALIZADO;;;-;Norte;NORMAL
18/02/2026;21/02/2026;260221-000066;EXTRAVIO ;GARCIA (MANAUS);J37;MANAUS;AM;682663;SCB01;NORTEX;14033486;7380713;SIM;23/02/2026 - NOTIFICAÇÃO PARA NORTEX;CARTA ENVIADA;27/02/2026;NÃO LOCALIZADO;FINALIZADO;FINALIZADO;;;-;Norte;NORMAL
18/02/2026;21/02/2026;260221-000071;EXTRAVIO ;GARCIA (MANAUS);J37;MANAUS;AM;682663;SCB01;NORTEX;14033475;7380294;SIM;23/02/2026 - NOTIFICAÇÃO PARA NORTEX;CARTA ENVIADA;27/02/2026;NÃO LOCALIZADO;FINALIZADO;FINALIZADO;;;-;Norte;NORMAL
23/02/2026;23/02/2026;260223-000357;EXTRAVIO ;LIDER (RECREIO);L45;RIO DE JANEIRO;RJ;687758;SCB01;CAMILO;14107133;7687479;SIM;25/02/2026 - NOTIFICAÇÃO PARA CAMILO;CARTA ENVIADA;02/03/2026;NÃO LOCALIZADO;FINALIZADO;FINALIZADO;;;-;Sudeste;NORMAL
19/02/2026;23/02/2026;260223-000475;EXTRAVIO ;AMERICAS (BARRA);F34;RIO DE JANEIRO;RJ;687302;SCB01;XD DIADEMA;14101222;80230246;SIM;25/02/2026 - NOTIFICAÇÃO PARA XD DDA;CARTA ENVIADA;02/03/2026;NÃO LOCALIZADO;FINALIZADO;FINALIZADO;;;-;Sudeste;NORMAL
30/01/2026;23/02/2026;260223-000509;EXTRAVIO ;AMERICAS (BARRA);F34;RIO DE JANEIRO;RJ;683912;SCB01;XD DIADEMA;14057875;7478026;SIM;25/02/2026 - NOTIFICAÇÃO PARA XD DDA;CARTA ENVIADA;02/03/2026;NÃO LOCALIZADO;FINALIZADO;FINALIZADO;;;-;Sudeste;NORMAL
20/02/2026;24/02/2026;260224-000052;EXTRAVIO ;JORLAN (BARAO H. DE MELO);J66;BELO HORIZONTE;MG;687515;SCB01;XD MINAS;14099267;7651694;SIM;25/02/2026 - NOTIFICAÇÃO PARA XD MINAS;FINALIZADO COMO RESOLVIDO;03/03/2026;LOCALIZADO;FINALIZADO;FINALIZADO;;;-;Sudeste;NORMAL
20/02/2026;24/02/2026;260224-000096;EXTRAVIO ;JORLAN (BARAO H. DE MELO);J66;BELO HORIZONTE;MG;233005;GRU01;XD MINAS;1297195;2214797;SIM;25/02/2026 - NOTIFICAÇÃO PARA XD MINAS;FINALIZADO COMO RESOLVIDO;03/03/2026;LOCALIZADO;FINALIZADO;FINALIZADO;;;-;Sudeste;NORMAL
20/02/2026;24/02/2026;260224-000097;EXTRAVIO ;JORLAN (BARAO H. DE MELO);J66;BELO HORIZONTE;MG;233005;GRU01;XD MINAS;1297189;22114784;SIM;25/02/2026 - NOTIFICAÇÃO PARA XD MINAS;FINALIZADO COMO RESOLVIDO;03/03/2026;LOCALIZADO;FINALIZADO;FINALIZADO;;;-;Sudeste;NORMAL
20/02/2026;24/02/2026;260224-000099;EXTRAVIO ;JORLAN (BARAO H. DE MELO);J66;BELO HORIZONTE;MG;233005;GRU01;XD MINAS;1296953;2211834;SIM;25/02/2026 - NOTIFICAÇÃO PARA XD MINAS;FINALIZADO COMO RESOLVIDO;03/03/2026;LOCALIZADO;FINALIZADO;FINALIZADO;;;-;Sudeste;NORMAL
25/02/2026;25/02/2026;260225-000236;EXTRAVIO ;AMERICAS (BARRA);F34;RIO DE JANEIRO;RJ;233403;GRU01;XD DIADEMA;1298841;2226526;SIM;27/02/2026 - NOTIFICAÇÃO PARA XD DDA;CARTA ENVIADA;04/03/2026;NÃO LOCALIZADO;FINALIZADO;FINALIZADO;;;-;Sudeste;NORMAL
24/02/2026;25/02/2026;260225-000302;EXTRAVIO ;GRAMARCA (VARZEA GRANDE);G22;VARZEA GRANDE;MT;687146;SCB01;CARVALIMA;14100346;7659512;SIM;27/02/2026 - NOTIFICAÇÃO PARA CARVALIMA;CARTA ENVIADA;04/03/2026;NÃO LOCALIZADO;FINALIZADO;FINALIZADO;;;-;CO;NORMAL
24/02/2026;25/02/2026;260225-000308;EXTRAVIO ;GRAMARCA (VARZEA GRANDE);G22;VARZEA GRANDE;MT;688272;SCB01;CARVALIMA;14113872;7704906;SIM;27/02/2026 - NOTIFICAÇÃO PARA CARVALIMA;CARTA ENVIADA;04/03/2026;NÃO LOCALIZADO;FINALIZADO;FINALIZADO;;;-;CO;NORMAL
23/02/2026;25/02/2026;260225-000310;EXTRAVIO ;GRAMARCA (MIGUEL SUTIL);G21;CUIABA ;MT;687629;SCB01;CARVALIMA;14104627;7673501;SIM;27/02/2026 - NOTIFICAÇÃO PARA CARVALIMA;FINALIZADO COMO RESOLVIDO;04/03/2026;LOCALIZADO;FINALIZADO;FINALIZADO;;;-;CO;NORMAL
24/02/2026;25/02/2026;260225-000318;EXTRAVIO ;GRAMARCA (VARZEA GRANDE);G22;VARZEA GRANDE;MT;233061;GRU01;CARVALIMA;1297332;2213611;SIM;27/02/2026 - NOTIFICAÇÃO PARA CARVALIMA;FINALIZADO COMO RESOLVIDO;04/03/2026;LOCALIZADO;FINALIZADO;FINALIZADO;;;-;CO;NORMAL
20/02/2026;26/02/2026;260226-000050;EXTRAVIO ;JAVEP (JAU);C14;JAU;SP;688042;SCB01;ALFA;14108977;7685837;SIM;27/02/2026 - NOTIFICAÇÃO PARA ALFA;CARTA ENVIADA;05/03/2026;NÃO LOCALIZADO;FINALIZADO;FINALIZADO;;;-;Sudeste;NORMAL
02/02/2026;26/02/2026;260226-000219;EXTRAVIO ;WEST MOTORS (PIRACICABA);W25;PIRACICABA;SP;682261;SCB01;ALFA;14035751;7401446;SIM;27/02/2026 - NOTIFICAÇÃO PARA ALFA;CARTA ENVIADA;05/03/2026;NÃO LOCALIZADO;FINALIZADO;FINALIZADO;;;-;Sudeste;NORMAL
23/02/2026;26/02/2026;260226-000297;EXTRAVIO ;ACCIOLY BARAO DE LIMEIRA;A50;SÃO JOSE DOS CAMPOS ;SP;688434;SCB01;XD DIADEMA;14114455;7676756;SIM;27/02/2026 - NOTIFICAÇÃO PARA XD DDA;FINALIZADO COMO RESOLVIDO;05/03/2026;LOCALIZADO;FINALIZADO;FINALIZADO;;;-;Sudeste;NORMAL
23/02/2026;26/02/2026;260226-000303;EXTRAVIO ;ACCIOLY BARAO DE LIMEIRA;A50;SÃO JOSE DOS CAMPOS ;SP;688434;SCB01;XD DIADEMA;14115281;7708834/7708837/7708844;SIM;27/02/2026 - NOTIFICAÇÃO PARA XD DDA;FINALIZADO COMO RESOLVIDO;05/03/2026;LOCALIZADO;FINALIZADO;FINALIZADO;;;-;Sudeste;NORMAL
24/02/2026;26/02/2026;260226-000347;EXTRAVIO ;JORLAN (BARAO H. DE MELO);J66;BELO HORIZONTE;MG;233120;GRU01;XD MINAS;1297792;2217585;SIM;27/02/2026 - NOTIFICAÇÃO PARA XD MINAS;FINALIZADO COMO RESOLVIDO;05/03/2026;LOCALIZADO;FINALIZADO;FINALIZADO;;;-;Sudeste;NORMAL
23/02/2026;28/02/2026;260228-000048;EXTRAVIO ;PROESTE (BOTUCATU);R69;BOTUCATU;SP;688048;SCB01;ALFA;14109919;7686132;SIM;03/03/2026 - NOTIFICAÇÃO PARA ALFA;CARTA ENVIADA;06/03/2026;NÃO LOCALIZADO;FINALIZADO;FINALIZADO;;;-;Sudeste;NORMAL
27/02/2026;02/03/2026;260302-000137;EXTRAVIO ;LUCHINI;L30;JUNDIAI;SP;689580;SCB01;XD DIADEMA;14121915;7738190;SIM;03/03/2026 - NOTIFICAÇÃO PARA XD DDA;FINALIZADO COMO RESOLVIDO;09/03/2026;LOCALIZADO;FINALIZADO;FINALIZADO;;;-;Sudeste;NORMAL
26/02/2026;02/03/2026;260302-000141;EXTRAVIO ;LUCHINI;L30;JUNDIAI;SP;689307;SCB01;XD DIADEMA;14126565;7756461;SIM;03/03/2026 - NOTIFICAÇÃO PARA XD DDA;FINALIZADO COMO RESOLVIDO;09/03/2026;LOCALIZADO;FINALIZADO;FINALIZADO;;;-;Sudeste;NORMAL
28/02/2026;02/03/2026;260302-000204;EXTRAVIO ;GRAMARCA (VARZEA GRANDE);G22;VARZEA GRANDE;MT;688827;SCB01;CARVALIMA;14121650;7733624;SIM;03/03/2026 - NOTIFICAÇÃO PARA CARVALIMA;FINALIZADO COMO RESOLVIDO;09/03/2026;LOCALIZADO;FINALIZADO;FINALIZADO;;;-;CO;NORMAL
02/03/2026;02/03/2026;260302-000261;EXTRAVIO ;JORLAN (BARAO H. DE MELO);J66;BELO HORIZONTE;MG;689252;SCB01;XD MINAS;14126417;7752220/7752221;SIM;03/03/2026 - NOTIFICAÇÃO PARA XD MINAS;FINALIZADO COMO RESOLVIDO;09/03/2026;LOCALIZADO;FINALIZADO;FINALIZADO;;;-;Sudeste;NORMAL
13/02/2026;02/03/2026;260302-000275;EXTRAVIO ;NOVA (BELEM) - PECAS;N43;SÃO PAULO;SP;687082;SCB01;XD DIADEMA;14098272;hyun9i;SIM;03/03/2026 - NOTIFICAÇÃO PARA XD DDA;FINALIZADO COMO RESOLVIDO;09/03/2026;LOCALIZADO;FINALIZADO;FINALIZADO;;;-;Sudeste;NORMAL
03/03/2026;03/03/2026;260303-000346;EXTRAVIO ;LIDER (RECREIO);L45;RIO DE JANEIRO;RJ;689441;SCB01;CAMILO;14126966;7752333;SIM;04/03/2026 - NOTIFICAÇÃO PARA CAMILO;CARTA ENVIADA;10/03/2026;NÃO LOCALIZADO;FINALIZADO;FINALIZADO;;;-;Sudeste;NORMAL
03/03/2026;04/03/2026;260304-000051;EXTRAVIO ;GNC AUTOMOTORES LTDA;F51;CONTAGEM ;MG;689739;SCB01;XD MINAS;14133717;7781283/7781631;SIM;04/03/2026 - NOTIFICAÇÃO PARA XD MINAS;FINALIZADO COMO RESOLVIDO;11/03/2026;LOCALIZADO;FINALIZADO;FINALIZADO;;;-;Sudeste;NORMAL
03/03/2026;04/03/2026;260304-000054;EXTRAVIO ;GNC AUTOMOTORES LTDA;F51;CONTAGEM ;MG;233812;GRU01;XD MINAS;1300286;2242393;SIM;04/03/2026 - NOTIFICAÇÃO PARA XD MINAS;FINALIZADO COMO RESOLVIDO;11/03/2026;LOCALIZADO;FINALIZADO;FINALIZADO;;;-;Sudeste;NORMAL
02/03/2026;04/03/2026;260304-000056;EXTRAVIO ;GARCIA (MANAUS);J37;MANAUS;AM;232108;GRU01;NORTEX;1292173;2168922/2168923/2168924;SIM;04/03/2026 - NOTIFICAÇÃO PARA NORTEX;FINALIZADO COMO RESOLVIDO;11/03/2026;LOCALIZADO;FINALIZADO;FINALIZADO;;;-;Norte;NORMAL
24/02/2026;04/03/2026;260304-000067;EXTRAVIO ;GARCIA (MANAUS);J37;MANAUS;AM;684198;SCB01;NORTEX;14048763;7441862;SIM;05/03/2026 - NOTIFICAÇÃO PARA NORTEX;CARTA ENVIADA;11/03/2026;NÃO LOCALIZADO;FINALIZADO;FINALIZADO;;;-;Norte;NORMAL
28/02/2026;04/03/2026;260304-000071;EXTRAVIO ;GARCIA (MANAUS);J37;MANAUS;AM;684198;SCB01;NORTEX;14048769;7442243;SIM;05/03/2026 - NOTIFICAÇÃO PARA NORTEX;CARTA ENVIADA;11/03/2026;NÃO LOCALIZADO;FINALIZADO;FINALIZADO;;;-;Norte;NORMAL
28/02/2026;04/03/2026;260304-000135;EXTRAVIO ;SABENAUTO (DPEC MANAUS);W93;MANAUS;AM;684286;SCB01;NORTEX;14048627;7442256;SIM;05/03/2026 - NOTIFICAÇÃO PARA NORTEX;FINALIZADO COMO RESOLVIDO;11/03/2026;LOCALIZADO;FINALIZADO;FINALIZADO;;;-;Norte;NORMAL
28/02/2026;04/03/2026;260304-000137;EXTRAVIO ;SABENAUTO (DPEC MANAUS);W93;MANAUS;AM;684286;SCB01;NORTEX;14048628;7441519;SIM;05/03/2026 - NOTIFICAÇÃO PARA NORTEX;FINALIZADO COMO RESOLVIDO;11/03/2026;LOCALIZADO;FINALIZADO;FINALIZADO;;;-;Norte;NORMAL
03/03/2026;04/03/2026;260304-000221;EXTRAVIO ;LUCHINI;L30;JUNDIAI;SP;689803;SCB01;XD DIADEMA;14130977;7764985;SIM;05/03/2026 - NOTIFICAÇÃO PARA XD DDA;FINALIZADO COMO RESOLVIDO;11/03/2026;LOCALIZADO;FINALIZADO;FINALIZADO;;;-;Sudeste;NORMAL
03/03/2026;04/03/2026;260304-000222;EXTRAVIO ;LUCHINI;L30;JUNDIAI;SP;689803;SCB01;XD DIADEMA;14130754;7765129;SIM;05/03/2026 - NOTIFICAÇÃO PARA XD DDA;FINALIZADO COMO RESOLVIDO;11/03/2026;LOCALIZADO;FINALIZADO;FINALIZADO;;;-;Sudeste;NORMAL
03/03/2026;04/03/2026;260304-000223;EXTRAVIO ;LUCHINI;L30;JUNDIAI;SP;689803;SCB01;XD DIADEMA;14130757;7765129;SIM;05/03/2026 - NOTIFICAÇÃO PARA XD DDA;FINALIZADO COMO RESOLVIDO;11/03/2026;LOCALIZADO;FINALIZADO;FINALIZADO;;;-;Sudeste;NORMAL
03/03/2026;04/03/2026;260304-000224;EXTRAVIO ;LUCHINI;L30;JUNDIAI;SP;689803;SCB01;XD DIADEMA;14130759;7765129;SIM;05/03/2026 - NOTIFICAÇÃO PARA XD DDA;CARTA ENVIADA;11/03/2026;NÃO LOCALIZADO;FINALIZADO;FINALIZADO;;;-;Sudeste;NORMAL
03/03/2026;04/03/2026;260304-000225;EXTRAVIO ;LUCHINI;L30;JUNDIAI;SP;689803;SCB01;XD DIADEMA;14134400;7784812;SIM;05/03/2026 - NOTIFICAÇÃO PARA XD DDA;CARTA ENVIADA;11/03/2026;NÃO LOCALIZADO;FINALIZADO;FINALIZADO;;;-;Sudeste;NORMAL
04/03/2026;04/03/2026;260304-000282;EXTRAVIO ;JAVEP (JAU);C14;JAU;SP;688329;SCB01;ALFA;14114396;7695736;SIM;05/03/2026 - NOTIFICAÇÃO PARA ALFA;CARTA ENVIADA;11/03/2026;NÃO LOCALIZADO;FINALIZADO;FINALIZADO;;;-;Sudeste;NORMAL
23/02/2026;04/03/2026;260304-000443;EXTRAVIO ;MARKA (DIVINOPOLIS);D73;DIVINOPOLIS;MG;233127;GRU01;XD MINAS;1297884;2217462;SIM;05/03/2026 - NOTIFICAÇÃO PARA XD MINAS;CARTA ENVIADA;11/03/2026;NÃO LOCALIZADO;FINALIZADO;FINALIZADO;;;-;Sudeste;NORMAL
04/03/2026;05/03/2026;260305-000005;EXTRAVIO ;CODIVE (CAMPINAS);K15;CAMPINAS;SP;690052;SCB01;XD DIADEMA;14136982;7798227;SIM;05/03/2026 - NOTIFICAÇÃO PARA XD DDA;FINALIZADO COMO RESOLVIDO;12/03/2026;LOCALIZADO;FINALIZADO;FINALIZADO;;;-;Sudeste;NORMAL
18/12/2025;05/03/2026;260305-000021;EXTRAVIO ;LUCVEL (STO. ANTONIO PADUA);B23;SANTO ANTONIO DE PADUA;RJ;671102;SCB01;CAMILO;13894951;6874170/6874875/0006874919;SIM;05/03/2026 - NOTIFICAÇÃO PARA CAMILO;CARTA ENVIADA;12/03/2026;NÃO LOCALIZADO;FINALIZADO;FINALIZADO;;;-;Sudeste;NORMAL
18/12/2025;05/03/2026;260305-000024;EXTRAVIO ;LUCVEL (STO. ANTONIO PADUA);B23;SANTO ANTONIO DE PADUA;RJ;674856;SCB01;CAMILO;13941425;7068149/7068148/7068202/7068203/7068204/7068201;SIM;05/03/2026 - NOTIFICAÇÃO PARA CAMILO;CARTA ENVIADA;12/03/2026;NÃO LOCALIZADO;FINALIZADO;FINALIZADO;;;-;Sudeste;NORMAL
18/12/2025;05/03/2026;260305-000025;EXTRAVIO ;LUCVEL (STO. ANTONIO PADUA);B23;SANTO ANTONIO DE PADUA;RJ;674856;SCB01;CAMILO;13942032;CARGA/TOTAL;SIM;05/03/2026 - NOTIFICAÇÃO PARA CAMILO;PENDENTE - AGUARDANDO NÚMERO DO VOLUME;12/03/2026;NÃO LOCALIZADO;FINALIZADO;FINALIZADO;;;-;Sudeste;NORMAL
28/02/2026;05/03/2026;260305-000075;EXTRAVIO ;RIO NORTE (SANTAREM);S68;SANTAREM ;PA;688286;SCB01;CARVALIMA;14113686;306440212;SIM;05/03/2026 - NOTIFICAÇÃO PARA CARVALIMA;FINALIZADO COMO RESOLVIDO;12/03/2026;LOCALIZADO;FINALIZADO;FINALIZADO;;;-;Norte;NORMAL
08/01/2026;05/03/2026;260305-000094;EXTRAVIO ;BAVEP (BEBEDOURO);L53;BEBEDOURO;SP;679733;SCB01;ALFA;14004745;7287928;SIM;05/03/2026 - NOTIFICAÇÃO PARA ALFA;CARTA ENVIADA;12/03/2026;NÃO LOCALIZADO;FINALIZADO;FINALIZADO;;;-;Sudeste;NORMAL
03/03/2026;05/03/2026;260305-000265;EXTRAVIO ;JORLAN (BARAO H. DE MELO);J66;BELO HORIZONTE;MG;689530;SCB01;XD MINAS;14129594;7766423;SIM;09/03/2026 - NOTIFICAÇÃO PARA XD MINAS;FINALIZADO COMO RESOLVIDO;12/03/2026;LOCALIZADO;FINALIZADO;FINALIZADO;;;-;Sudeste;NORMAL
27/02/2026;05/03/2026;260305-000328;EXTRAVIO ;VIGORITO (ABC);E92;SAO PAULO;SP;689296;SCB01;XD DIADEMA;14126980;7751684;SIM;09/03/2026 - NOTIFICAÇÃO PARA XD DDA;CARTA ENVIADA;12/03/2026;NÃO LOCALIZADO;FINALIZADO;FINALIZADO;;;-;Sudeste;NORMAL
05/03/2026;05/03/2026;260305-000348;EXTRAVIO ;ABSOLUTA (DIREITOS HUMANOS);D97;SAO PAULO;SP;690273;SCB01;XD DIADEMA;14135027;7784789;SIM;09/03/2026 - NOTIFICAÇÃO PARA XD DDA;FINALIZADO COMO RESOLVIDO;12/03/2026;LOCALIZADO;FINALIZADO;FINALIZADO;;;-;Sudeste;NORMAL
06/03/2026;06/03/2026;260306-000233;EXTRAVIO ;ABSOLUTA (SANTOS);J07;SANTOS;SP;690548;SCB01;XD DIADEMA;14143435;7810452;SIM;0903/2026 - NOTIFICAÇÃO PARA XD DDA;FINALIZADO COMO RESOLVIDO;13/03/2026;LOCALIZADO;FINALIZADO;FINALIZADO;;;-;Sudeste;NORMAL
06/03/2026;06/03/2026;260306-000261;EXTRAVIO ;GRANDE MINAS (PAMPULHA);F51;CONTAGEM ;MG;234140;GRU01;XD MINAS;1301409;2258947;SIM;09/03/2026 - NOTIFICAÇÃO PARA XD MINAS;FINALIZADO COMO RESOLVIDO;13/03/2026;LOCALIZADO;FINALIZADO;FINALIZADO;;;-;Sudeste;NORMAL
28/02/2026;06/03/2026;260306-000264;EXTRAVIO ;ACCIOLY BARAO DE LIMEIRA;A50;SÃO JOSE DOS CAMPOS ;SP;689551;SCB01;XD DIADEMA;14127300;7751810;SIM;09/03/2026 - NOTIFICAÇÃO PARA XD DDA;FINALIZADO COMO RESOLVIDO;13/03/2026;LOCALIZADO;FINALIZADO;FINALIZADO;;;-;Sudeste;NORMAL
28/02/2026;06/03/2026;260306-000270;EXTRAVIO ;ACCIOLY BARAO DE LIMEIRA;A50;SÃO JOSE DOS CAMPOS ;SP;689551;SCB01;XD DIADEMA;14130729;7765303;SIM;09/03/2026 - NOTIFICAÇÃO PARA XD DDA;FINALIZADO COMO RESOLVIDO;13/03/2026;LOCALIZADO;FINALIZADO;FINALIZADO;;;-;Sudeste;NORMAL
06/03/2026;06/03/2026;260306-000294;EXTRAVIO ;ABSOLUTA (DIREITOS HUMANOS);D97;SAO PAULO;SP;690549;SCB01;XD DIADEMA;14140772;7813928;SIM;09/03/2026 - NOTIFICAÇÃO PARA XD DDA;FINALIZADO COMO RESOLVIDO;13/03/2026;LOCALIZADO;FINALIZADO;FINALIZADO;;;-;Sudeste;NORMAL
06/03/2026;06/03/2026;260306-000358;EXTRAVIO ;ACCIOLY BARAO DE LIMEIRA;A50;RIO DE JANEIRO;RJ;689428;SCB01;CAMILO;14120177;7718993/7719045;SIM;09/03/2026 - NOTIFICAÇÃO PARA CAMILO;CARTA ENVIADA;13/03/2026;NÃO LOCALIZADO;FINALIZADO;FINALIZADO;;;-;Sudeste;NORMAL
04/03/2026;07/03/2026;260307-000042;EXTRAVIO ;GARCIA (MANAUS);J37;MANAUS;AM;232839;GRU01;NORTEX;1295412;2200156/2200158;SIM;09/03/2026 - NOTIFICAÇÃO PARA NORTEX;CARTA ENVIADA;13/03/2026;NÃO LOCALIZADO;FINALIZADO;FINALIZADO;;;-;Norte;NORMAL
04/03/2026;07/03/2026;260307-000043;EXTRAVIO ;GARCIA (MANAUS);J37;MANAUS;AM;232839;GRU01;NORTEX;1295410;2199431;SIM;09/03/2026 - NOTIFICAÇÃO PARA NORTEX;FINALIZADO COMO RESOLVIDO;13/03/2026;LOCALIZADO;FINALIZADO;FINALIZADO;;;-;Norte;NORMAL
21/02/2026;07/03/2026;260307-000057;EXTRAVIO ;SABENAUTO (DPEC CUIABA);C93;CUIABA ;MT;687407;SCB01;CARVALIMA;14104221;7672928;SIM;09/03/2026 - NOTIFICAÇÃO PARA CARVALIMA;FINALIZADO COMO RESOLVIDO;13/03/2026;LOCALIZADO;FINALIZADO;FINALIZADO;;;-;CO;NORMAL
28/01/2026;07/03/2026;260307-000079;EXTRAVIO ;SABENAUTO (DPEC CUIABA);C93;CUIABA ;MT;682911;SCB01;CARVALIMA;14046451;7437385;SIM;09/03/2026 - NOTIFICAÇÃO PARA CARVALIMA;FINALIZADO COMO RESOLVIDO;13/03/2026;LOCALIZADO;FINALIZADO;FINALIZADO;;;-;CO;NORMAL
03/03/2026;09/03/2026;260309-000053;EXTRAVIO ;ACCIOLY BARAO DE LIMEIRA;A50;SAO PAULO;SP;689774;SCB01;XD DIADEMA;14134193;7782570;SIM;09/03/2026 - NOTIFICAÇÃO PARA XD DDA;FINALIZADO COMO RESOLVIDO;16/03/2026;LOCALIZADO;FINALIZADO;FINALIZADO;;;-;Sudeste;NORMAL
05/03/2026;09/03/2026;260309-000082;EXTRAVIO ;BAVEP (BEBEDOURO);L53;BEBEDOURO;SP;689169;SCB01;ALFA;14123415;7736048;SIM;09/03/2026 - NOTIFICAÇÃO PARA ALFA;CARTA ENVIADA;16/03/2026;NÃO LOCALIZADO;FINALIZADO;FINALIZADO;;;-;Sudeste;NORMAL
03/03/2026;09/03/2026;260309-000092;EXTRAVIO ;CVC (VITORIA);L93;VITORIA;ES;233555;GRU01;CAMILO;1298578;2224749;SIM;09/03/2026 - NOTIFICAÇÃO PARA CAMILO;CARTA ENVIADA;16/03/2026;NÃO LOCALIZADO;FINALIZADO;FINALIZADO;;;-;Sudeste;NORMAL
04/03/2026;09/03/2026;260309-000299;EXTRAVIO ;STEFANINI MOTORS VEICULOS E PECAS LTDA;W25;CAPIVARI;SP;690253;SCB01;ALFA;14138492;7805610;SIM;09/03/2026 - NOTIFICAÇÃO PARA ALFA;CARTA ENVIADA;16/03/2026;NÃO LOCALIZADO;FINALIZADO;FINALIZADO;;;-;Sudeste;NORMAL
04/03/2026;09/03/2026;260309-000296;EXTRAVIO ;STEFANINI MOTORS VEICULOS E PECAS LTDA;W25;CAPIVARI;SP;690253;SCB01;ALFA;14137725;80275339;SIM;09/03/2026 - NOTIFICAÇÃO PARA ALFA;CARTA ENVIADA;16/03/2026;NÃO LOCALIZADO;FINALIZADO;FINALIZADO;;;-;Sudeste;NORMAL
04/03/2026;09/03/2026;260309-000293;EXTRAVIO ;STEFANINI MOTORS VEICULOS E PECAS LTDA;W25;CAPIVARI;SP;690253;SCB01;ALFA;14135053;7764125;SIM;09/03/2026 - NOTIFICAÇÃO PARA ALFA;CARTA ENVIADA;16/03/2026;NÃO LOCALIZADO;FINALIZADO;FINALIZADO;;;-;Sudeste;NORMAL
09/03/2026;09/03/2026;260309-000199;EXTRAVIO ;ACCIOLY BARAO DE LIMEIRA;A50;RIO DE JANEIRO;RJ;689898;SCB01;CAMILO;14133762;7781556;SIM;09/03/2026 - NOTIFICAÇÃO PARA CAMILO;CARTA ENVIADA;16/03/2026;NÃO LOCALIZADO;FINALIZADO;FINALIZADO;;;-;Sudeste;NORMAL
09/03/2026;09/03/2026;260309-000197;EXTRAVIO ;ACCIOLY BARAO DE LIMEIRA;A50;RIO DE JANEIRO;RJ;689898;SCB01;CAMILO;14133392;7782060;SIM;09/03/2026 - NOTIFICAÇÃO PARA CAMILO;CARTA ENVIADA;16/03/2026;NÃO LOCALIZADO;FINALIZADO;FINALIZADO;;;-;Sudeste;NORMAL
09/03/2026;09/03/2026;260309-000196;EXTRAVIO ;ACCIOLY BARAO DE LIMEIRA;A50;RIO DE JANEIRO;RJ;689898;SCB01;CAMILO;14130947;7766462;SIM;09/03/2026 - NOTIFICAÇÃO PARA CAMILO;CARTA ENVIADA;16/03/2026;NÃO LOCALIZADO;FINALIZADO;FINALIZADO;;;-;Sudeste;NORMAL
09/03/2026;09/03/2026;260309-000192;EXTRAVIO ;ACCIOLY BARAO DE LIMEIRA;A50;RIO DE JANEIRO;RJ;233825;GRU01;CAMILO;1300344;52159359;SIM;09/03/2026 - NOTIFICAÇÃO PARA CAMILO;FINALIZADO COMO RESOLVIDO;16/03/2026;LOCALIZADO;FINALIZADO;FINALIZADO;;;-;Sudeste;NORMAL
09/03/2026;09/03/2026;260309-000189;EXTRAVIO ;ACCIOLY BARAO DE LIMEIRA;A50;RIO DE JANEIRO;RJ;233825;GRU01;CAMILO;1300297;52181839;SIM;09/03/2026 - NOTIFICAÇÃO PARA CAMILO;FINALIZADO COMO RESOLVIDO;16/03/2026;LOCALIZADO;FINALIZADO;FINALIZADO;;;-;Sudeste;NORMAL
09/03/2026;09/03/2026;260309-000186;EXTRAVIO ;ACCIOLY BARAO DE LIMEIRA;A50;RIO DE JANEIRO;RJ;233825;GRU01;CAMILO;1299848;94708088;SIM;09/03/2026 - NOTIFICAÇÃO PARA CAMILO;CARTA ENVIADA;16/03/2026;NÃO LOCALIZADO;FINALIZADO;FINALIZADO;;;-;Sudeste;NORMAL
25/02/2026;09/03/2026;260309-000393;EXTRAVIO ;STEFANINI MOTORS VEICULOS E PECAS LTDA;W25;CAPIVARI;SP;688908;SCB01;ALFA;14121317;7734429;SIM;09/03/2026 - NOTIFICAÇÃO PARA ALFA;FINALIZADO COMO RESOLVIDO;16/03/2026;LOCALIZADO;FINALIZADO;FINALIZADO;;;-;Sudeste;NORMAL
04/03/2026;09/03/2026;260309-000359;EXTRAVIO ;ACCIOLY BARAO DE LIMEIRA;A50;SÃO PAULO;SP;689775;SCB01;XD DIADEMA;14134101;7782335;SIM;09/03/2026 - NOTIFICAÇÃO PARA XD DDA;FINALIZADO COMO RESOLVIDO;16/03/2026;LOCALIZADO;FINALIZADO;FINALIZADO;;;-;Sudeste;NORMAL
04/03/2026;09/03/2026;260309-000358;EXTRAVIO ;ACCIOLY BARAO DE LIMEIRA;A50;SÃO PAULO;SP;690027;SCB01;XD DIADEMA;14137453;7798155;SIM;09/03/2026 - NOTIFICAÇÃO PARA XD DDA;FINALIZADO COMO RESOLVIDO;16/03/2026;LOCALIZADO;FINALIZADO;FINALIZADO;;;-;Sudeste;NORMAL
04/03/2026;09/03/2026;260309-000355;EXTRAVIO ;ACCIOLY BARAO DE LIMEIRA;A50;SÃO PAULO;SP;688436;SCB01;XD DIADEMA;14114454;7676309;SIM;09/03/2026 - NOTIFICAÇÃO PARA XD DDA;FINALIZADO COMO RESOLVIDO;16/03/2026;LOCALIZADO;FINALIZADO;FINALIZADO;;;-;Sudeste;NORMAL
10/03/2026;10/03/2026;260310-000390;EXTRAVIO ;SULPAVE;S54;REGISTRO;SP;691449;SCB01;XD DIADEMA;14152589;7856630;SIM;12/03/2026 - NOTIFICAÇÃO PARA XD DDA;CARTA ENVIADA;17/03/2026;NÃO LOCALIZADO;FINALIZADO;FINALIZADO;;;-;Sudeste;NORMAL
04/03/2026;10/03/2026;260310-000245;EXTRAVIO ;JAVEP (ARAÇATUBA);C14;ARAÇATUBA;SP;689482;SCB01;ALFA;14126940;7756406;SIM;12/03/2026 - NOTIFICAÇÃO PARA ALFA;FINALIZADO COMO RESOLVIDO;17/03/2026;LOCALIZADO;FINALIZADO;FINALIZADO;;;-;Sudeste;NORMAL
03/03/2026;10/03/2026;260310-000228;EXTRAVIO ;CARRERA  EDGAR FACÓ;Y18;SÃO PAULO;SP;689783;SCB01;XD DIADEMA;14134213;7782328;SIM;12/03/2026 - NOTIFICAÇÃO PARA XD DDA;FINALIZADO COMO RESOLVIDO;17/03/2026;LOCALIZADO;FINALIZADO;FINALIZADO;;;-;Sudeste;NORMAL
06/03/2026;10/03/2026;260310-000222;EXTRAVIO ;CARRERA  EDGAR FACÓ;Y18;SÃO PAULO;SP;690562;SCB01;XD DIADEMA;14143458;7810456;SIM;12/03/2026 - NOTIFICAÇÃO PARA XD DDA;FINALIZADO COMO RESOLVIDO;17/03/2026;LOCALIZADO;FINALIZADO;FINALIZADO;;;-;Sudeste;NORMAL
09/03/2026;10/03/2026;260310-000002;EXTRAVIO ;CODIVE (CAMPINAS);K15;CAMPINAS;SP;234276;GRU01;XD DIADEMA;1301955;2265141;SIM;12/03/2026 - NOTIFICAÇÃO PARA XD DDA;FINALIZADO COMO RESOLVIDO;17/03/2026;LOCALIZADO;FINALIZADO;FINALIZADO;;;-;Sudeste;NORMAL
05/03/2026;11/03/2026;260311-000223;EXTRAVIO ;BAVEP (BEBEDOURO);L53;BEBEDOURO;SP;689684;SCB01;ALFA;14131150;7770546;SIM;12/03/2026 - NOTIFICAÇÃO PARA ALFA;FINALIZADO COMO RESOLVIDO;18/03/2026;LOCALIZADO;FINALIZADO;FINALIZADO;;;-;Sudeste;NORMAL
25/02/2026;11/03/2026;260311-000158;EXTRAVIO ;CVC (SERRA);L91;SERRA;ES;688403;SCB01;CAMILO;14109669;7687043;SIM;12/03/2026 - NOTIFICAÇÃO PARA CAMILO;CARTA ENVIADA;18/03/2026;NÃO LOCALIZADO;FINALIZADO;FINALIZADO;;;-;Sudeste;NORMAL
24/02/2026;11/03/2026;260311-000145;EXTRAVIO ;CVC (SERRA);L91;SERRA;ES;687474;SCB01;CAMILO;14101324;7661174;SIM;12/03/2026 - NOTIFICAÇÃO PARA CAMILO;CARTA ENVIADA;18/03/2026;NÃO LOCALIZADO;FINALIZADO;FINALIZADO;;;-;Sudeste;NORMAL
09/03/2026;11/03/2026;260311-000364;EXTRAVIO ;TUDO (GOIANIA);S16;GOIANIA;GO;690381;SCB01;XD DIADEMA;14139053;7812857/85045319;SIM;12/03/2026 - NOTIFICAÇÃO PARA XD DDA;FINALIZADO COMO RESOLVIDO;18/03/2026;LOCALIZADO;FINALIZADO;FINALIZADO;;;-;CO;NORMAL
06/03/2026;11/03/2026;260311-000356;EXTRAVIO ;TUDO (GOIANIA);S16;GOIANIA;GO;233897;GRU01;XD DIADEMA;1300505;2245909;SIM;12/03/2026 - NOTIFICAÇÃO PARA XD DDA;FINALIZADO COMO RESOLVIDO;18/03/2026;LOCALIZADO;FINALIZADO;FINALIZADO;;;-;CO;NORMAL
09/03/2026;11/03/2026;260311-000343;EXTRAVIO ;TUDO (GOIANIA);S16;GOIANIA;GO;689655;SCB01;XD DIADEMA;14131724;"7779468/7778572/7778663/7778738/7778736/7778739/7778726/7778479/7778500/7778480/7778505/7778531
7779195
7779529
7779562
7779600
7778766
7774833
7779467
7779276
7772882
7779469
7770412
7778750";SIM;12/03/2026 - NOTIFICAÇÃO PARA XD DDA;CARTA ENVIADA;18/03/2026;NÃO LOCALIZADO;FINALIZADO;FINALIZADO;;;-;CO;NORMAL
09/03/2026;11/03/2026;260311-000281;EXTRAVIO ;RITMO (POCOS DE CALDAS);R81;POÇOS DE CALDA;MG;690747;SCB01;XD MINAS;14145903;7834487;SIM;12/03/2026 - NOTIFICAÇÃO PARA XD MINAS;FINALIZADO COMO RESOLVIDO;18/03/2026;LOCALIZADO;FINALIZADO;FINALIZADO;;;-;Sudeste;NORMAL
11/03/2026;12/03/2026;260312-000192;EXTRAVIO ;ACCIOLY BARAO DE LIMEIRA;A50;RIO DE JANEIRO;RJ;691102;SCB01;CAMILO;14150662;7846530;SIM;12/03/2026 - NOTIFICAÇÃO PARA CAMILO;CARTA ENVIADA;19/03/2026;NÃO LOCALIZADO;FINALIZADO;FINALIZADO;;;-;Sudeste;NORMAL
11/03/2026;12/03/2026;260312-000186;EXTRAVIO ;ACCIOLY BARAO DE LIMEIRA;A50;RIO DE JANEIRO;RJ;691102;SCB01;CAMILO;14150661;7846530;SIM;12/03/2026 - NOTIFICAÇÃO PARA CAMILO;CARTA ENVIADA;19/03/2026;NÃO LOCALIZADO;FINALIZADO;FINALIZADO;;;-;Sudeste;NORMAL
11/03/2026;12/03/2026;260312-000176;EXTRAVIO ;ACCIOLY BARAO DE LIMEIRA;A50;RIO DE JANEIRO;RJ;691102;SCB01;CAMILO;14145687;19527757;SIM;12/03/2026 - NOTIFICAÇÃO PARA CAMILO;CARTA ENVIADA;19/03/2026;NÃO LOCALIZADO;FINALIZADO;FINALIZADO;;;-;Sudeste;NORMAL
11/03/2026;12/03/2026;260312-000164;EXTRAVIO ;ACCIOLY BARAO DE LIMEIRA;A50;RIO DE JANEIRO;RJ;691102;SCB01;CAMILO;14145461;19349229/19527766;SIM;12/03/2026 - NOTIFICAÇÃO PARA CAMILO;CARTA ENVIADA;19/03/2026;NÃO LOCALIZADO;FINALIZADO;FINALIZADO;;;-;Sudeste;NORMAL
18/02/2026;12/03/2026;260312-000087;EXTRAVIO ;CARRERA (ALPHAVILLE);K18;BARUERI;SP;687574;SCB01;XD DIADEMA;14102341;7662180;SIM;12/03/2026 - NOTIFICAÇÃO PARA XD DDA;CARTA ENVIADA;19/03/2026;NÃO LOCALIZADO;FINALIZADO;FINALIZADO;;;-;Sudeste;NORMAL
06/03/2026;12/03/2026;260312-000072;EXTRAVIO ;CARRERA (ALPHAVILLE);K18;BARUERI;SP;690587;SCB01;XD DIADEMA;14143450;0007810453//0007810454;SIM;12/03/2026 - NOTIFICAÇÃO PARA XD DDA;FINALIZADO COMO RESOLVIDO;19/03/2026;LOCALIZADO;FINALIZADO;FINALIZADO;;;-;Sudeste;NORMAL
20/02/2026;12/03/2026;260312-000066;EXTRAVIO ;CARRERA (ALPHAVILLE);K18;BARUERI;SP;688164;SCB01;XD DIADEMA;14112115;80213334;SIM;12/03/2026 - NOTIFICAÇÃO PARA XD DDA;FINALIZADO COMO RESOLVIDO;19/03/2026;LOCALIZADO;FINALIZADO;FINALIZADO;;;-;Sudeste;NORMAL
24/02/2026;12/03/2026;260312-000040;EXTRAVIO ;CARRERA (ALPHAVILLE);K18;BARUERI;SP;688466;SCB01;XD DIADEMA;14115258;7708614/7708617/7708619;SIM;12/03/2026 - NOTIFICAÇÃO PARA XD DDA;CARTA ENVIADA;19/03/2026;NÃO LOCALIZADO;FINALIZADO;FINALIZADO;;;-;Sudeste;NORMAL
09/03/2026;13/03/2026;260313-000072;EXTRAVIO ;VIGORITO (ABC);E92;SÃO PAULO;SP;690858;SCB01;XD DIADEMA;14146282;7838945;SIM;17/03/2026 - NOTIFICAÇÃO PARA XD DDA;FINALIZADO COMO RESOLVIDO;20/03/2026;LOCALIZADO;FINALIZADO;FINALIZADO;;;-;Sudeste;NORMAL
10/03/2026;13/03/2026;260313-000371;EXTRAVIO ;AMERICAS (BARRA);F34;RIO DE JANEIRO;RJ;691155;SCB01;XD DIADEMA;14150180;7848005;SIM;17/03/2026 - NOTIFICAÇÃO PARA XD DDA;CARTA ENVIADA;20/03/2026;NÃO LOCALIZADO;FINALIZADO;FINALIZADO;;;-;Sudeste;NORMAL
11/03/2026;16/03/2026;260316-000301;EXTRAVIO ;ASPEN (BARRA MANSA);B05;BARRA MANSA;RJ;688964;SCB01;CAMILO;14118963;7718734;SIM;19/03/2026 - NOTIFICAÇÃO PARA CAMILO;CARTA ENVIADA;23/03/2026;NÃO LOCALIZADO;FINALIZADO;FINALIZADO;;;-;Sudeste;NORMAL
12/03/2026;16/03/2026;260316-000328;EXTRAVIO ;VIGORITO (ABC);E92;SÃO PAULO;SP;691959;SCB01;XD DIADEMA;14160391;7882275;SIM;19/03/2026 - NOTIFICAÇÃO PARA XD DDA;FINALIZADO COMO RESOLVIDO;23/03/2026;LOCALIZADO;FINALIZADO;FINALIZADO;;;-;Sudeste;NORMAL
16/03/2026;18/03/2026;260318-000011;EXTRAVIO ;JORLAN (GOIANIA);J23;GOIANIA;GO;692026;SCB01;XD DIADEMA;14159939;7887787;SIM;20/03/2026 - NOTIFICAÇÃO PARA XD DDA;FINALIZADO COMO RESOLVIDO;25/03/2026;LOCALIZADO;FINALIZADO;FINALIZADO;;;-;CO;NORMAL
06/03/2026;18/03/2026;260318-000017;EXTRAVIO ;GRANLESTE (ALCANTARA MACHADO);G07;SÃO PAULO;SP;690578;GRU01;XD DIADEMA;14143562;7829008;SIM;20/03/2026 - NOTIFICAÇÃO PARA XD DDA;FINALIZADO COMO RESOLVIDO;25/03/2026;LOCALIZADO;FINALIZADO;FINALIZADO;;;-;Sudeste;NORMAL
18/03/2026;18/03/2026;260318-000177;EXTRAVIO ;ACCIOLY BARAO DE LIMEIRA;A50;RIO DE JANEIRO;RJ;692371;SCB01;CAMILO;14164609;007907039/&/7906982;SIM;20/03/2026 - NOTIFICAÇÃO PARA CAMILO;CARTA ENVIADA;25/03/2026;NÃO LOCALIZADO;FINALIZADO;FINALIZADO;;;-;Sudeste;NORMAL
18/03/2026;18/03/2026;260318-000186;EXTRAVIO ;ACCIOLY BARAO DE LIMEIRA;A50;RIO DE JANEIRO;RJ;692371;SCB01;CAMILO;14165994;007907039/&/7906982;SIM;20/03/2026 - NOTIFICAÇÃO PARA CAMILO;CARTA ENVIADA;25/03/2026;NÃO LOCALIZADO;FINALIZADO;FINALIZADO;;;-;Sudeste;NORMAL
12/03/2026;18/03/2026;260318-000226;EXTRAVIO ;STEFANINI MOTORS VEICULOS E PECAS LTDA;W25;CAPIVARI;SP;691323;SCB01;ALFA;14152313;7857636;SIM;20/03/2026 - NOTIFICAÇÃO PARA ALFA;FINALIZADO COMO RESOLVIDO;25/03/2026;LOCALIZADO;FINALIZADO;FINALIZADO;;;-;Sudeste;NORMAL
18/03/2026;18/03/2026;260318-000340;EXTRAVIO ;VIGORITO (ABC);E92;SANTO ANDRE;SP;693028;SCB01;XD DIADEMA;14172568;7937317;SIM;20/03/2026 - NOTIFICAÇÃO PARA XD DDA;FINALIZADO COMO RESOLVIDO;25/03/2026;LOCALIZADO;FINALIZADO;FINALIZADO;;;-;Sudeste;NORMAL
17/03/2026;18/03/2026;260318-000443;EXTRAVIO ;AMERICAS (BARRA);F34;RIO DE JANEIRO;RJ;683103;SCB01;XD DIADEMA;14044747;745537/7425819;SIM;20/03/2026 - NOTIFICAÇÃO PARA XD DDA;CARTA ENVIADA;25/03/2026;NÃO LOCALIZADO;FINALIZADO;FINALIZADO;;;-;Sudeste;NORMAL
13/03/2026;19/03/2026;260319-000086;EXTRAVIO ;VESSA (VILA VELHA);B15;VILA VELHA;ES;234372;GRU01;CAMILO;1301614;2263164;SIM;20/03/2026 - NOTIFICAÇÃO PARA CAMILO;CARTA ENVIADA;26/03/2026;NÃO LOCALIZADO;FINALIZADO;FINALIZADO;;;-;Sudeste;NORMAL
13/03/2026;19/03/2026;260319-000091;EXTRAVIO ;VESSA (VILA VELHA);B15;VILA VELHA;ES;234372;GRU01;CAMILO;1301692;2261858;SIM;20/03/2026 - NOTIFICAÇÃO PARA CAMILO;FINALIZADO COMO RESOLVIDO;26/03/2026;LOCALIZADO;FINALIZADO;FINALIZADO;;;-;Sudeste;NORMAL
11/03/2026;19/03/2026;260319-000124;EXTRAVIO ;NOVO RIO (ARAGUAINA);N94;ARAGUAINA;TO;689382;SCB01;RIO VERMELHO;14125318;87081000;SIM;20/03/2026 - NOTIFICAÇÃO PARA RIO VERMELHO;CARTA ENVIADA;26/03/2026;NÃO LOCALIZADO;FINALIZADO;FINALIZADO;;;-;CO;NORMAL
18/03/2026;19/03/2026;260319-000236;EXTRAVIO ;VIGORITO (ABC);E92;SAO PAULO;SP;693032;SCB01;XD DIADEMA;14173348;7932467;SIM;20/03/2026 - NOTIFICAÇÃO PARA XD DDA;FINALIZADO COMO RESOLVIDO;26/03/2026;LOCALIZADO;FINALIZADO;FINALIZADO;;;-;Sudeste;NORMAL
18/03/2026;20/03/2026;260320-000146;EXTRAVIO ;ACCIOLY BARAO DE LIMEIRA;A50;RIO DE JANEIRO;RJ;692631;SCB01;CAMILO;14168217;7919354;SIM;20/03/2026 - NOTIFICAÇÃO PARA CAMILO;CARTA ENVIADA;27/03/2026;NÃO LOCALIZADO;FINALIZADO;FINALIZADO;;;-;Sudeste;NORMAL
18/03/2026;20/03/2026;260320-000134;EXTRAVIO ;ACCIOLY BARAO DE LIMEIRA;A50;RIO DE JANEIRO;RJ;692631;SCB01;CAMILO;14169391;7919521;SIM;20/03/2026 - NOTIFICAÇÃO PARA CAMILO;CARTA ENVIADA;27/03/2026;NÃO LOCALIZADO;FINALIZADO;FINALIZADO;;;-;Sudeste;NORMAL
18/03/2026;20/03/2026;260320-000127;EXTRAVIO ;ACCIOLY BARAO DE LIMEIRA;A50;RIO DE JANEIRO;RJ;692631;SCB01;CAMILO;14169393;7919521;SIM;20/03/2026 - NOTIFICAÇÃO PARA CAMILO;CARTA ENVIADA;27/03/2026;NÃO LOCALIZADO;FINALIZADO;FINALIZADO;;;-;Sudeste;NORMAL
18/03/2026;20/03/2026;260320-000119;EXTRAVIO ;ACCIOLY BARAO DE LIMEIRA;A50;RIO DE JANEIRO;RJ;692631;SCB01;CAMILO;14169386;7919521;SIM;20/03/2026 - NOTIFICAÇÃO PARA CAMILO;CARTA ENVIADA;27/03/2026;NÃO LOCALIZADO;FINALIZADO;FINALIZADO;;;-;Sudeste;NORMAL
18/03/2026;20/03/2026;260320-000112;EXTRAVIO ;ACCIOLY BARAO DE LIMEIRA;A50;RIO DE JANEIRO;RJ;692631;SCB01;CAMILO;14169388;7919521;SIM;20/03/2026 - NOTIFICAÇÃO PARA CAMILO;CARTA ENVIADA;27/03/2026;NÃO LOCALIZADO;FINALIZADO;FINALIZADO;;;-;Sudeste;NORMAL
18/03/2026;20/03/2026;260320-000106;EXTRAVIO ;ACCIOLY BARAO DE LIMEIRA;A50;RIO DE JANEIRO;RJ;692631;SCB01;CAMILO;14168220;7919354;SIM;20/03/2026 - NOTIFICAÇÃO PARA CAMILO;CARTA ENVIADA;27/03/2026;NÃO LOCALIZADO;FINALIZADO;FINALIZADO;;;-;Sudeste;NORMAL
18/03/2026;20/03/2026;260320-000083;EXTRAVIO ;ACCIOLY BARAO DE LIMEIRA;A50;RIO DE JANEIRO;RJ;692631;SCB01;CAMILO;14168222;7919354;SIM;20/03/2026 - NOTIFICAÇÃO PARA CAMILO;CARTA ENVIADA;27/03/2026;NÃO LOCALIZADO;FINALIZADO;FINALIZADO;;;-;Sudeste;NORMAL
18/03/2026;20/03/2026;260320-000072;EXTRAVIO ;ACCIOLY BARAO DE LIMEIRA;A50;RIO DE JANEIRO;RJ;692631;SCB01;CAMILO;14168685;7918687;SIM;20/03/2026 - NOTIFICAÇÃO PARA CAMILO;CARTA ENVIADA;27/03/2026;NÃO LOCALIZADO;FINALIZADO;FINALIZADO;;;-;Sudeste;NORMAL
20/03/2026;20/03/2026;260320-000408;EXTRAVIO ;ACCIOLY BARAO DE LIMEIRA;A50;RIO DE JANEIRO;RJ;234359;GRU01;CAMILO;1302113;2265895;SIM;25/03/2026 - NOTIFICAÇÃO PARA CAMILO;CARTA ENVIADA;27/03/2026;NÃO LOCALIZADO;FINALIZADO;FINALIZADO;;;-;Sudeste;NORMAL
12/03/2026;23/03/2026;260323-000036;EXTRAVIO ;ACCIOLY BARAO DE LIMEIRA;A50;SÃO JOSE DOS CAMPOS ;SP;692735;SCB01;XD DIADEMA;14169358;79211161;SIM;25/03/2026 - NOTIFICAÇÃO PARA XD DDA;FINALIZADO COMO RESOLVIDO;30/03/2026;LOCALIZADO;FINALIZADO;FINALIZADO;;;-;Sudeste;NORMAL
24/03/2026;24/03/2026;260324-000435;EXTRAVIO ;ACCIOLY BARAO DE LIMEIRA;A50;RIO DE JANEIRO;RJ;693315;SCB01;CAMILO;14175763;7942963;SIM;27/03/2026 - NOTIFICAÇÃO PARA CAMILO;CARTA ENVIADA;31/03/2026;NÃO LOCALIZADO;FINALIZADO;FINALIZADO;;;-;Sudeste;NORMAL
24/03/2026;24/03/2026;260324-000421;EXTRAVIO ;ACCIOLY BARAO DE LIMEIRA;A50;RIO DE JANEIRO;RJ;693315;SCB01;CAMILO;14173105;7932268;SIM;27/03/2026 - NOTIFICAÇÃO PARA CAMILO;CARTA ENVIADA;31/03/2026;NÃO LOCALIZADO;FINALIZADO;FINALIZADO;;;-;Sudeste;NORMAL
24/03/2026;24/03/2026;260324-000413;EXTRAVIO ;ACCIOLY BARAO DE LIMEIRA;A50;RIO DE JANEIRO;RJ;693315;SCB01;CAMILO;14173095;7932268;SIM;27/03/2026 - NOTIFICAÇÃO PARA CAMILO;CARTA ENVIADA;31/03/2026;NÃO LOCALIZADO;FINALIZADO;FINALIZADO;;;-;Sudeste;NORMAL
23/03/2026;24/03/2026;260324-000248;EXTRAVIO ;JORLAN (BARAO H. DE MELO);J66;BELO HORIZONTE;MG;235225;GRU01;OPERAÇÃO GRU;1305688;2301504;SIM;01/04/2026 - NOTIFICAÇÃO PARA OPERAÇÃO GRU;FINALIZADO COMO RESOLVIDO;31/03/2026;LOCALIZADO;FINALIZADO;FINALIZADO;;;-;Sudeste;NORMAL
23/03/2026;24/03/2026;260324-000205;EXTRAVIO ;VIGORITO (ABC);E92;SANTO ANDRE;SP;693804;SCB01;XD DIADEMA;14181030/14182670/;7967722/7968262;SIM;27/03/2026 - NOTIFICAÇÃO PARA XD DDA;FINALIZADO COMO RESOLVIDO;31/03/2026;LOCALIZADO;FINALIZADO;FINALIZADO;;;-;Sudeste;NORMAL
25/03/2026;25/03/2026;260325-000285;EXTRAVIO ;CODIVE (CAMPINAS);K15;CAMPINAS;SP;694324;SCB01;XD DIADEMA;14186703;7979370/7979371;SIM;27/03/2026 - NOTIFICAÇÃO PARA XD DDA;CARTA ENVIADA;01/04/2026;NÃO LOCALIZADO;FINALIZADO;FINALIZADO;;;-;Sudeste;NORMAL
23/03/2026;25/03/2026;260325-000071;EXTRAVIO ;STEFANINI MOTORS VEICULOS E PECAS LTDA;W25;CAPIVARI;SP;693540;SCB01;ALFA;14177328;7953334;SIM;27/03/2026 - NOTIFICAÇÃO PARA ALFA;FINALIZADO COMO RESOLVIDO;01/04/2026;LOCALIZADO;FINALIZADO;FINALIZADO;;;-;Sudeste;NORMAL
23/03/2026;25/03/2026;260325-000057;EXTRAVIO ;STEFANINI MOTORS VEICULOS E PECAS LTDA;W25;CAPIVARI;SP;693540;SCB01;ALFA;14177461;7953352;SIM;27/03/2026 - NOTIFICAÇÃO PARA ALFA;FINALIZADO COMO RESOLVIDO;01/04/2026;LOCALIZADO;FINALIZADO;FINALIZADO;;;-;Sudeste;NORMAL
Carga não entregue;26/03/2026;260326-000019;EXTRAVIO ;ABSOLUTA (DIREITOS HUMANOS);D97;SAO PAULO;SP;234773;GRU01;XD DIADEMA;1302037;85638716;SIM;27/03/2026 - NOTIFICAÇÃO PARA XD DDA;CARTA ENVIADA;02/04/2026;NÃO LOCALIZADO;FINALIZADO;FINALIZADO;;;-;Sudeste;NORMAL
09/03/2026;26/03/2026;260326-000058;EXTRAVIO ;GARCIA (MANAUS);J37;MANAUS;AM;685436;SCB01;NORTEX;14066347;7512768;SIM;27/03/2026 - NOTIFICAÇÃO PARA NORTEX;FINALIZADO COMO RESOLVIDO;02/04/2026;LOCALIZADO;FINALIZADO;FINALIZADO;;;-;Norte;NORMAL
09/03/2026;26/03/2026;260326-000060;EXTRAVIO ;GARCIA (MANAUS);J37;MANAUS;AM;685436;SCB01;NORTEX;14066321;7512673;SIM;27/03/2026 - NOTIFICAÇÃO PARA NORTEX;FINALIZADO COMO RESOLVIDO;02/04/2026;LOCALIZADO;FINALIZADO;FINALIZADO;;;-;Norte;NORMAL
27/03/2026;27/03/2026;260327-000115;EXTRAVIO ;ACCIOLY BARAO DE LIMEIRA;A50;RIO DE JANEIRO;RJ;693906;SCB01;CAMILO;14184198;7980675;SIM;01/04/2026 - NOTIFICAÇÃO PARA CAMILO;CARTA ENVIADA;03/04/2026;NÃO LOCALIZADO;FINALIZADO;FINALIZADO;;;-;Sudeste;NORMAL
27/03/2026;27/03/2026;260327-000117;EXTRAVIO ;ACCIOLY BARAO DE LIMEIRA;A50;RIO DE JANEIRO;RJ;693906;SCB01;CAMILO;14183378;85046806;SIM;01/04/2026 - NOTIFICAÇÃO PARA CAMILO;CARTA ENVIADA;03/04/2026;NÃO LOCALIZADO;FINALIZADO;FINALIZADO;;;-;Sudeste;NORMAL
24/03/2026;27/03/2026;260327-000325;EXTRAVIO ;VIGORITO (ABC);E92;SÃO PAULO;SP;694055;SCB01;XD DIADEMA;14186329;7979768;SIM;01/04/2026 - NOTIFICAÇÃO PARA XD DDA;FINALIZADO COMO RESOLVIDO;03/04/2026;LOCALIZADO;FINALIZADO;FINALIZADO;;;-;Sudeste;NORMAL
27/03/2026;27/03/2026;260327-000242;EXTRAVIO ;JORLAN (BARAO H. DE MELO);J66;BELO HORIZONTE;MG;235682;GRU01;OPERAÇÃO GRU;1307157;2319740;SIM;01/04/2026 - NOTIFICAÇÃO PARA OPERAÇÃO GRU;FINALIZADO COMO RESOLVIDO;03/04/2026;LOCALIZADO;FINALIZADO;FINALIZADO;;;-;Sudeste;NORMAL
23/03/2026;27/03/2026;260327-000240;EXTRAVIO ;JAVEP (JAU);C14;SÃO CARLOS;SP;692942;SCB01;ALFA;14171021;7929517;SIM;01/04/2026 - NOTIFICAÇÃO PARA ALFA;FINALIZADO COMO RESOLVIDO;03/04/2026;LOCALIZADO;FINALIZADO;FINALIZADO;;;-;Sudeste;NORMAL
26/03/2026;27/03/2026;260327-000236;EXTRAVIO ;JORLAN (BARAO H. DE MELO);J66;BELO HORIZONTE;MG;235682;GRU01;OPERAÇÃO GRU;1307589;2323779;SIM;01/04/2026 - NOTIFICAÇÃO PARA OPERAÇÃO GRU;FINALIZADO COMO RESOLVIDO;03/04/2026;LOCALIZADO;FINALIZADO;FINALIZADO;;;-;Sudeste;NORMAL
25/03/2026;27/03/2026;260327-000234;EXTRAVIO ;COTAC (SUZANO);Y21;MOGI DAS CRUZES;SP;694308;SCB01;XD DIADEMA;14186669;7979392;SIM;01/04/2026 - NOTIFICAÇÃO PARA XD DDA;CARTA ENVIADA;03/04/2026;NÃO LOCALIZADO;FINALIZADO;FINALIZADO;;;-;Sudeste;NORMAL
26/03/2026;27/03/2026;260327-000233;EXTRAVIO ;JORLAN (BARAO H. DE MELO);J66;BELO HORIZONTE;MG;235682;GRU01;OPERAÇÃO GRU;1307588;2322972/2323030/2323036/2323045;SIM;01/04/2026 - NOTIFICAÇÃO PARA OPERAÇÃO GRU;FINALIZADO COMO RESOLVIDO;03/04/2026;LOCALIZADO;FINALIZADO;FINALIZADO;;;-;Sudeste;NORMAL
26/03/2026;27/03/2026;260327-000230;EXTRAVIO ;JORLAN (BARAO H. DE MELO);J66;BELO HORIZONTE;MG;235682;GRU01;OPERAÇÃO GRU;1307597;2322962/2322986;SIM;01/04/2026 - NOTIFICAÇÃO PARA OPERAÇÃO GRU;FINALIZADO COMO RESOLVIDO;03/04/2026;LOCALIZADO;FINALIZADO;FINALIZADO;;;-;Sudeste;NORMAL
26/03/2026;27/03/2026;260327-000224;EXTRAVIO ;JORLAN (BARAO H. DE MELO);J66;BELO HORIZONTE;MG;235682;GRU01;OPERAÇÃO GRU;1307663;2322901;SIM;01/04/2026 - NOTIFICAÇÃO PARA OPERAÇÃO GRU;FINALIZADO COMO RESOLVIDO;03/04/2026;LOCALIZADO;FINALIZADO;FINALIZADO;;;-;Sudeste;NORMAL
26/03/2026;27/03/2026;260327-000218;EXTRAVIO ;JORLAN (BARAO H. DE MELO);J66;BELO HORIZONTE;MG;235682;GRU01;OPERAÇÃO GRU;1307639;2322896/2322897/2322898/2322899/2322900/2322902;SIM;01/04/2026 - NOTIFICAÇÃO PARA OPERAÇÃO GRU;FINALIZADO COMO RESOLVIDO;03/04/2026;LOCALIZADO;FINALIZADO;FINALIZADO;;;-;Sudeste;NORMAL
26/03/2026;27/03/2026;260327-000203;EXTRAVIO ;JORLAN (BARAO H. DE MELO);J66;BELO HORIZONTE;MG;235576;SCB01;OPERAÇÃO GRU;1307237;2319647;SIM;01/04/2026 - NOTIFICAÇÃO PARA OPERAÇÃO GRU;FINALIZADO COMO RESOLVIDO;03/04/2026;LOCALIZADO;FINALIZADO;FINALIZADO;;;-;Sudeste;NORMAL
26/03/2026;27/03/2026;260327-000199;EXTRAVIO ;JORLAN (BARAO H. DE MELO);J66;BELO HORIZONTE;MG;235576;SCB01;OPERAÇÃO GRU;1307237;2319642;SIM;01/04/2026 - NOTIFICAÇÃO PARA OPERAÇÃO GRU;FINALIZADO COMO RESOLVIDO;03/04/2026;LOCALIZADO;FINALIZADO;FINALIZADO;;;-;Sudeste;NORMAL
26/03/2026;27/03/2026;260327-000194;EXTRAVIO ;JORLAN (BARAO H. DE MELO);J66;BELO HORIZONTE;MG;235576;GRU01;OPERAÇÃO GRU;1307089;2319552;SIM;01/04/2026 - NOTIFICAÇÃO PARA OPERAÇÃO GRU;FINALIZADO COMO RESOLVIDO;03/04/2026;LOCALIZADO;FINALIZADO;FINALIZADO;;;-;Sudeste;NORMAL
25/03/2026;30/03/2026;260330-000414;EXTRAVIO ;METRONORTE (AV JK);L56;LONDRINA;PR;235507;GRU01;MINA SUL;1306814;2314409;SIM;01/04/2026 - NOTIFICAÇÃO PARA MINA SUL;CARTA ENVIADA;06/04/2026;NÃO LOCALIZADO;FINALIZADO;FINALIZADO;;;-;Sul;NORMAL
30/03/2026;30/03/2026;260330-000375;EXTRAVIO ;ACCIOLY BARAO DE LIMEIRA;A50;RIO DE JANEIRO;RJ;694542;SCB01;CAMILO;14187853;7990553;SIM;01/04/2026 - NOTIFICAÇÃO PARA CAMILO;CARTA ENVIADA;06/04/2026;NÃO LOCALIZADO;FINALIZADO;FINALIZADO;;;-;Sudeste;NORMAL
30/03/2026;30/03/2026;260330-000213;EXTRAVIO ;JORLAN (BARAO H. DE MELO);J66;BELO HORIZONTE;MG;694010;SCB01;XD MINAS;14184879;7980275/7980276;SIM;01/04/2026 - NOTIFICAÇÃO PARA XD MINAS;FINALIZADO COMO RESOLVIDO;06/04/2026;LOCALIZADO;FINALIZADO;FINALIZADO;;;-;Sudeste;NORMAL
30/03/2026;30/03/2026;260330-000193;EXTRAVIO ;VIGORITO (ABC);E92;SAO BERNARDO DO CAMPO;SP;695133;SCB01;XD DIADEMA;14199559;8032269;SIM;01/04/2026 - NOTIFICAÇÃO PARA XD DDA;FINALIZADO COMO RESOLVIDO;06/04/2026;LOCALIZADO;FINALIZADO;FINALIZADO;;;-;Sudeste;NORMAL
26/03/2026;30/03/2026;260330-000149;EXTRAVIO ;AMERICAS (BARRA);F34;RIO DE JANEIRO;RJ;235537;GRU01;XD DIADEMA;1306994;2319085;SIM;01/04/2026 - NOTIFICAÇÃO PARA XD DDA;CARTA ENVIADA;06/04/2026;NÃO LOCALIZADO;FINALIZADO;FINALIZADO;;;-;Sudeste;NORMAL
31/03/2026;31/03/2026;260331-000393;EXTRAVIO ;CODIVE (CAMPINAS);K15;CAMPINAS;SP;695549;SCB01;XD DIADEMA;14202707;80447288;SIM;01/04/2026 - NOTIFICAÇÃO PARA XD DDA;FINALIZADO COMO RESOLVIDO;07/04/2026;LOCALIZADO;FINALIZADO;FINALIZADO;;;-;Sudeste;NORMAL
09/03/2026;31/03/2026;260331-000383;EXTRAVIO ;GURIVEL (PIANNA SAO MATEUS);J97;SÃO MATEUS ;ES;689445;SCB01;CAMILO;14125945;7753058;SIM;01/04/2026 - NOTIFICAÇÃO PARA CAMILO;FINALIZADO COMO RESOLVIDO;07/04/2026;LOCALIZADO;FINALIZADO;FINALIZADO;;;-;Sudeste;NORMAL
01/04/2026;01/04/2026;260401-000212;EXTRAVIO ;JORLAN (BARAO H. DE MELO);J66;BELO HORIZONTE;MG;695084;SCB01;XD MINAS;14196723;8019252;SIM;07/04/2026 - NOTIFICAÇÃO PARA XD MINAS;FINALIZADO COMO RESOLVIDO;08/04/2026;LOCALIZADO;FINALIZADO;FINALIZADO;;;-;Sudeste;NORMAL
01/04/2026;01/04/2026;260401-000214;EXTRAVIO ;JORLAN (BARAO H. DE MELO);J66;BELO HORIZONTE;MG;695084;SCB01;XD MINAS;14196936;8019536;SIM;07/04/2026 - NOTIFICAÇÃO PARA XD MINAS;FINALIZADO COMO RESOLVIDO;08/04/2026;LOCALIZADO;FINALIZADO;FINALIZADO;;;-;Sudeste;NORMAL
12/03/2026;01/04/2026;260401-000403;EXTRAVIO ;GUIAUTO (IPATINGA);D03;ITABIRA;MG;691636;SCB01;XD MINAS;14156357/14156358/;7869081;SIM;07/04/2026 - NOTIFICAÇÃO PARA XD MINAS;CARTA ENVIADA;08/04/2026;NÃO LOCALIZADO;FINALIZADO;FINALIZADO;;;-;Sudeste;NORMAL
01/04/2026;01/04/2026;260401-000422;EXTRAVIO ;SULPAVE;S54;REGISTRO;SP;695765;SCB01;XD DIADEMA;1420638;8067442;SIM;07/04/2026 - NOTIFICAÇÃO PARA XD DDA;FINALIZADO COMO RESOLVIDO;08/04/2026;LOCALIZADO;FINALIZADO;FINALIZADO;;;-;Sudeste;NORMAL
31/03/2026;02/04/2026;260402-000004;EXTRAVIO ;JORLAN (GOIANIA);J23;GOIANIA;GO;235809;GRU01;OPERAÇÃO GRU;1307404;2323352;SIM;07/04/2026 - NOTIFICAÇÃO PARA OPERAÇÃO GRU;CARTA ENVIADA;09/04/2026;NÃO LOCALIZADO;FINALIZADO;FINALIZADO;;;-;CO;NORMAL
31/03/2026;02/04/2026;260402-000005;EXTRAVIO ;JORLAN (GOIANIA);J23;GOIANIA;GO;235809;GRU01;OPERAÇÃO GRU;1308121;2332470;SIM;07/04/2026 - NOTIFICAÇÃO PARA OPERAÇÃO GRU;CARTA ENVIADA;09/04/2026;NÃO LOCALIZADO;FINALIZADO;FINALIZADO;;;-;CO;NORMAL
31/03/2026;02/04/2026;260402-000006;EXTRAVIO ;JORLAN (GOIANIA);J23;GOIANIA;GO;235809;GRU01;OPERAÇÃO GRU;1308121;2332471;SIM;07/04/2026 - NOTIFICAÇÃO PARA OPERAÇÃO GRU;CARTA ENVIADA;09/04/2026;NÃO LOCALIZADO;FINALIZADO;FINALIZADO;;;-;CO;NORMAL
31/03/2026;02/04/2026;260402-000013;EXTRAVIO ;JORLAN (GOIANIA);J23;GOIANIA;GO;235809;GRU01;OPERAÇÃO GRU;1308121;2332534;SIM;07/04/2026 - NOTIFICAÇÃO PARA OPERAÇÃO GRU;CARTA ENVIADA;09/04/2026;NÃO LOCALIZADO;FINALIZADO;FINALIZADO;;;-;CO;NORMAL
31/03/2026;02/04/2026;260402-000014;EXTRAVIO ;JORLAN (GOIANIA);J23;GOIANIA;GO;235809;GRU01;OPERAÇÃO GRU;1308121;2332535;SIM;07/04/2026 - NOTIFICAÇÃO PARA OPERAÇÃO GRU;CARTA ENVIADA;09/04/2026;NÃO LOCALIZADO;FINALIZADO;FINALIZADO;;;-;CO;NORMAL
30/03/2026;02/04/2026;260402-000064;EXTRAVIO ;LUCHINI;L30;JUNDIAI;SP;235770;GRU01;XD DIADEMA;1307959;2326080;SIM;07/04/2026 - NOTIFICAÇÃO PARA XD DDA;FINALIZADO COMO RESOLVIDO;09/04/2026;LOCALIZADO;FINALIZADO;FINALIZADO;;;-;Sudeste;NORMAL
30/03/2026;02/04/2026;260402-000066;EXTRAVIO ;LUCHINI;L30;JUNDIAI;SP;235770;GRU01;XD DIADEMA;1307762;2327155;SIM;07/04/2026 - NOTIFICAÇÃO PARA XD DDA;FINALIZADO COMO RESOLVIDO;09/04/2026;LOCALIZADO;FINALIZADO;FINALIZADO;;;-;Sudeste;NORMAL
26/03/2026;02/04/2026;260402-000300;EXTRAVIO ;NOVO RIO (ARAGUAINA);N94;ARAGUAINA;TO;691032;SCB01;XD DIADEMA;14149715;7845735;SIM;07/04/2026 - NOTIFICAÇÃO PARA XD DDA;FINALIZADO COMO RESOLVIDO;09/04/2026;LOCALIZADO;FINALIZADO;FINALIZADO;;;-;CO;NORMAL
26/03/2026;02/04/2026;260402-000304;EXTRAVIO ;NOVO RIO (ARAGUAINA);N94;ARAGUAINA;TO;691032;SCB01;XD DIADEMA;14149718;7845735;SIM;07/04/2026 - NOTIFICAÇÃO PARA XD DDA;FINALIZADO COMO RESOLVIDO;09/04/2026;LOCALIZADO;FINALIZADO;FINALIZADO;;;-;CO;NORMAL
26/03/2026;02/04/2026;260402-000307;EXTRAVIO ;NOVO RIO (ARAGUAINA);N94;ARAGUAINA;TO;691494;SCB01;XD DIADEMA;14154507;7863453;SIM;07/04/2026 - NOTIFICAÇÃO PARA XD DDA;FINALIZADO COMO RESOLVIDO;09/04/2026;LOCALIZADO;FINALIZADO;FINALIZADO;;;-;CO;NORMAL
30/03/2026;02/04/2026;260402-000365;EXTRAVIO ;GARCIA (MANAUS);J37;MANAUS;AM;688791;SCB01;NORTEX;14113028;7697513;SIM;07/04/2026 - NOTIFICAÇÃO PARA NORTEX;FINALIZADO COMO RESOLVIDO;09/04/2026;LOCALIZADO;FINALIZADO;FINALIZADO;;;-;Norte;NORMAL
13/03/2026;04/04/2026;260404-000043;EXTRAVIO ;VELMAX (ITAPETININGA);V27;ITAPETINIGA;SP;691455;SCB01;XD DIADEMA;14153359;7859897;SIM;07/04/2026 - NOTIFICAÇÃO PARA XD DDA;CARTA ENVIADA;10/04/2026;NÃO LOCALIZADO;FINALIZADO;FINALIZADO;;;-;Sudeste;NORMAL
27/03/2026;06/04/2026;260406-000174;EXTRAVIO ;NOVA (RIBEIRAO PRETO);N17;RIBEIRAO PRETO;SP;235678;GRU01;OPERAÇÃO GRU;1306976;2319226;SIM;07/04/2026 - NOTIFICAÇÃO PARA OPERAÇÃO GRU;CARTA ENVIADA;13/04/2026;NÃO LOCALIZADO;FINALIZADO;FINALIZADO;;;-;Sudeste;NORMAL
26/03/2026;06/04/2026;260406-000228;EXTRAVIO ;TUDO (GOIANIA);S16;GOIANIA;GO;693951;SCB01;XD DIADEMA;14183903;7978998;SIM;07/04/2026 - NOTIFICAÇÃO PARA XD DDA;CARTA ENVIADA;13/04/2026;NÃO LOCALIZADO;FINALIZADO;FINALIZADO;;;-;CO;NORMAL
01/04/2026;06/04/2026;260406-000271;EXTRAVIO ;AMERICAS (BARRA);F34;RIO DE JANEIRO;RJ;695545;SCB01;XD DIADEMA;14201842;8041411;SIM;07/04/2026 - NOTIFICAÇÃO PARA XD DDA;FINALIZADO COMO RESOLVIDO;13/04/2026;LOCALIZADO;FINALIZADO;FINALIZADO;;;-;Sudeste;NORMAL
06/04/2026;06/04/2026;260406-000486;EXTRAVIO ;GRAMARCA (VARZEA GRANDE);G22;VARZEA GRANDE;MT;695846;SCB01;OPERAÇÃO SOR;14208744;8077084;SIM;07/04/2026 - NOTIFICAÇÃO PARA CARVALIMA;CARTA ENVIADA;13/04/2026;NÃO LOCALIZADO;FINALIZADO;FINALIZADO;;;-;CO;NORMAL
06/04/2026;06/04/2026;260406-000487;EXTRAVIO ;GRAMARCA (VARZEA GRANDE);G22;VARZEA GRANDE;MT;694367;SCB01;CARVALIMA;14191297;8002201;SIM;07/04/2026 - NOTIFICAÇÃO PARA CARVALIMA;CARTA ENVIADA;13/04/2026;NÃO LOCALIZADO;FINALIZADO;FINALIZADO;;;-;CO;NORMAL
06/04/2026;06/04/2026;260406-000488;EXTRAVIO ;GRAMARCA (VARZEA GRANDE);G22;VARZEA GRANDE;MT;694367;SCB01;CARVALIMA;14191295;8001685;SIM;07/04/2026 - NOTIFICAÇÃO PARA CARVALIMA;FINALIZADO COMO RESOLVIDO;13/04/2026;LOCALIZADO;FINALIZADO;FINALIZADO;;;-;CO;NORMAL
06/04/2026;06/04/2026;260406-000489;EXTRAVIO ;GRAMARCA (VARZEA GRANDE);G22;VARZEA GRANDE;MT;694367;SCB01;CARVALIMA;14191296;8001685;SIM;07/04/2026 - NOTIFICAÇÃO PARA CARVALIMA;FINALIZADO COMO RESOLVIDO;13/04/2026;LOCALIZADO;FINALIZADO;FINALIZADO;;;-;CO;NORMAL
01/04/2026;07/04/2026;260407-000001;EXTRAVIO ;GUIAUTO (IPATINGA);D03;JOAO MONLEVADE;MG;695472;SCB01;XD MINAS;14201250;8041685;SIM;07/04/2026 - NOTIFICAÇÃO PARA XD MINAS;FINALIZADO COMO RESOLVIDO;14/04/2026;LOCALIZADO;FINALIZADO;FINALIZADO;;;-;Sudeste;NORMAL
02/04/2026;07/04/2026;260407-000023;EXTRAVIO ;GUIAUTO (IPATINGA);D03;GUANHAES;MG;695076;GRU01;OPERAÇÃO SOR;1419735;85047289;SIM;07/04/2026 - NOTIFICAÇÃO PARA XD MINAS;CARTA ENVIADA;14/04/2026;NÃO LOCALIZADO;FINALIZADO;FINALIZADO;;;-;Sudeste;NORMAL
08/04/2026;08/04/2026;260408-000004;EXTRAVIO ;NOVA (BELEM) - PECAS;N43;SÃO PAULO;SP;696526;SCB01;XD DIADEMA;14217210;8092513/8092514;SIM;10/04/2026 - NOTIFICAÇÃO ENVIADA PARA XD DDA;FINALIZADO COMO RESOLVIDO;15/04/2026;LOCALIZADO;FINALIZADO;FINALIZADO;;;-;Sudeste;NORMAL
09/04/2026;09/04/2026;260409-000007;EXTRAVIO ;NOVA (BELEM) - PECAS;N43;SÃO PAULO;SP;236245;GRU01;XD DIADEMA;1309439;2345449;SIM;10/04/2026 - NOTIFICAÇÃO ENVIADA PARA XD DDA;FINALIZADO COMO RESOLVIDO;16/04/2026;LOCALIZADO;FINALIZADO;FINALIZADO;;;-;Sudeste;NORMAL
09/04/2026;09/04/2026;260409-000013;EXTRAVIO ;ABSOLUTA (DIREITOS HUMANOS);D97;SÃO PAULO;SP;236238;GRU01;XD DIADEMA;1309441;2345886;SIM;10/04/2026 - NOTIFICAÇÃO ENVIADA PARA XD DDA;CARTA ENVIADA;16/04/2026;NÃO LOCALIZADO;FINALIZADO;FINALIZADO;;;-;Sudeste;NORMAL
09/04/2026;09/04/2026;260409-000139;EXTRAVIO ;PEDRAGON (MOEMA);S71;SÃO PAULO;SP;691697;SCB01;XD DIADEMA;14154331;52187659;SIM;10/04/2026 - NOTIFICAÇÃO ENVIADA PARA XD DDA;CARTA ENVIADA;16/04/2026;NÃO LOCALIZADO;FINALIZADO;FINALIZADO;;;-;Sudeste;NORMAL
09/04/2026;09/04/2026;260409-000229;EXTRAVIO ;ACCIOLY BARAO DE LIMEIRA;A50;RIO DE JANEIRO;RJ;696242;SCB01;CAMILO;14209751;8080519;SIM;10/04/2026 - NOTIFICAÇÃO ENVIADA PARA CAMILO;CARTA ENVIADA;16/04/2026;NÃO LOCALIZADO;FINALIZADO;FINALIZADO;;;-;Sudeste;NORMAL
09/04/2026;09/04/2026;260409-000232;EXTRAVIO ;ACCIOLY BARAO DE LIMEIRA;A50;RIO DE JANEIRO;RJ;696242;SCB01;CAMILO;14210792;8081393;SIM;10/04/2026 - NOTIFICAÇÃO ENVIADA PARA CAMILO;CARTA ENVIADA;16/04/2026;NÃO LOCALIZADO;FINALIZADO;FINALIZADO;;;-;Sudeste;NORMAL
09/04/2026;09/04/2026;260409-000258;EXTRAVIO ;SULPAVE;S54;REGISTRO;SP;236326;GRU01;XD DIADEMA;1310113;2353367;SIM;10/04/2026 - NOTIFICAÇÃO ENVIADA PARA XD DDA;FINALIZADO COMO RESOLVIDO;16/04/2026;LOCALIZADO;FINALIZADO;FINALIZADO;;;-;Sudeste;NORMAL
10/04/2026;10/04/2026;260410-000430;EXTRAVIO ;TUDO (GOIANIA);S16;GOIANIA;GO;694416;SCB01;XD DIADEMA;14185244;7984107;SIM;14/04/2026 - NOTIFICAÇÃO PARA XD DDA;CARTA ENVIADA;17/04/2026;NÃO LOCALIZADO;FINALIZADO;FINALIZADO;;;-;CO;NORMAL
10/04/2026;10/04/2026;260410-000431;EXTRAVIO ;AUTUS (AFONSO PENA);X44;PATROCIONIO;MG;696451;SCB01;XD MINAS;14216054;8107828;SIM;14/04/2026 - NOTIFICAÇÃO PARA XD MINAS;CARTA ENVIADA;17/04/2026;NÃO LOCALIZADO;FINALIZADO;FINALIZADO;;;-;Sudeste;NORMAL
10/04/2026;10/04/2026;260410-000000;EXTRAVIO ;ACCIOLY BARAO DE LIMEIRA;A50;RIO DE JANEIRO;RJ;235973;GRU01;CAMILO;1308941;2340573/2340574/2340575/2340576/2340577/2340578/2340579/2340580/2340581/2340582;SIM;10/04/2026 - NOTIFICAÇÃO ENVIADA PARA CAMILO;CARTA ENVIADA;17/04/2026;NÃO LOCALIZADO;FINALIZADO;FINALIZADO;;;-;Sudeste;NORMAL
10/04/2026;10/04/2026;260410-000001;EXTRAVIO ;ACCIOLY BARAO DE LIMEIRA;A50;RIO DE JANEIRO;RJ;235973;GRU01;CAMILO;1308962;2340539;SIM;10/04/2026 - NOTIFICAÇÃO ENVIADA PARA CAMILO;CARTA ENVIADA;17/04/2026;NÃO LOCALIZADO;FINALIZADO;FINALIZADO;;;-;Sudeste;NORMAL
10/04/2026;10/04/2026;260410-000002;EXTRAVIO ;ACCIOLY BARAO DE LIMEIRA;A50;RIO DE JANEIRO;RJ;235973;GRU01;CAMILO;1308966;0002340583/0002340584;SIM;10/04/2026 - NOTIFICAÇÃO ENVIADA PARA CAMILO;CARTA ENVIADA;17/04/2026;NÃO LOCALIZADO;FINALIZADO;FINALIZADO;;;-;Sudeste;NORMAL
10/04/2026;10/04/2026;260410-000003;EXTRAVIO ;ACCIOLY BARAO DE LIMEIRA;A50;RIO DE JANEIRO;RJ;235973;GRU01;CAMILO;1308846;2340588;SIM;10/04/2026 - NOTIFICAÇÃO ENVIADA PARA CAMILO;CARTA ENVIADA;17/04/2026;NÃO LOCALIZADO;FINALIZADO;FINALIZADO;;;-;Sudeste;NORMAL
25/03/2026;11/04/2026;260411-000079;EXTRAVIO ;VESSA (VILA VELHA);B15;VILA VELHA;ES;235249;GRU01;CAMILO;1305725;2301350/2301351;SIM;14/04/2026 - NOTIFICAÇÃO ENVIADA PARA CAMILO;CARTA ENVIADA;17/04/2026;NÃO LOCALIZADO;FINALIZADO;FINALIZADO;;;-;Sudeste;NORMAL
10/04/2026;13/04/2026;260413-000008;EXTRAVIO ;NOVA (BELEM) - PECAS;N43;SÃO PAULO;SP;236433;GRU01;OPERAÇÃO GRU;1308626;2339278/2339279/2339280/2339281/2339282/2337161;SIM;14/04/2026 - NOTIFICAÇÃO ENVIADA PARA CAMILO;CARTA ENVIADA;20/04/2026;NÃO LOCALIZADO;FINALIZADO;FINALIZADO;;;-;Sudeste;NORMAL
13/04/2026;13/04/2026;260413-000355;EXTRAVIO ;ARTVEL;P53;ITAPIRA;SP;696144;SCB01;ALFA;14213535;8094393;SIM;14/04/2026 - NOTIFICAÇÃO ENVIADA PARA ALFA;CARTA ENVIADA;20/04/2026;NÃO LOCALIZADO;FINALIZADO;FINALIZADO;;;-;Sudeste;NORMAL
13/04/2026;13/04/2026;260413-000367;EXTRAVIO ;ACCIOLY BARAO DE LIMEIRA;A50;RIO DE JANEIRO;RJ;696800;SCB01;CAMILO;14215568;008107866/8108050/810808;SIM;14/04/2026 - NOTIFICAÇÃO ENVIADA PARA CAMILO;CARTA ENVIADA;20/04/2026;NÃO LOCALIZADO;FINALIZADO;FINALIZADO;;;-;Sudeste;NORMAL
13/04/2026;13/04/2026;260413-000375;EXTRAVIO ;ACCIOLY BARAO DE LIMEIRA;A50;RIO DE JANEIRO;RJ;696800;SCB01;CAMILO;14215920;008107866/8108050/810808;SIM;14/04/2026 - NOTIFICAÇÃO ENVIADA PARA CAMILO;CARTA ENVIADA;20/04/2026;NÃO LOCALIZADO;FINALIZADO;FINALIZADO;;;-;Sudeste;NORMAL
13/04/2026;13/04/2026;260413-000379;EXTRAVIO ;ACCIOLY BARAO DE LIMEIRA;A50;RIO DE JANEIRO;RJ;696800;SCB01;CAMILO;14215855;008107866/8108050/810808;SIM;14/04/2026 - NOTIFICAÇÃO ENVIADA PARA CAMILO;CARTA ENVIADA;20/04/2026;NÃO LOCALIZADO;FINALIZADO;FINALIZADO;;;-;Sudeste;NORMAL
13/04/2026;14/04/2026;260414-000071;EXTRAVIO ;VIAMAR (PEREIRA BARRETO);B68;SAO PAULO;SP;692241;SCB01;XD DIADEMA;14162298;7893983;SIM;14/04/2026 - NOTIFICAÇÃO ENVIADA PARA XD DDA;FINALIZADO COMO RESOLVIDO;21/04/2026;LOCALIZADO;FINALIZADO;FINALIZADO;;;-;Sudeste;NORMAL
14/04/2026;14/04/2026;260414-000243;EXTRAVIO ;LIDER (RECREIO);L45;RIO DE JANEIRO;RJ;235985;GRU01;CAMILO;1308977;2341167;SIM;14/04/2026 - NOTIFICAÇÃO ENVIADA PARA CAMILO;CARTA ENVIADA;21/04/2026;NÃO LOCALIZADO;FINALIZADO;FINALIZADO;;;-;Sudeste;NORMAL
14/04/2026;14/04/2026;260414-000495;EXTRAVIO ;ACCIOLY BARAO DE LIMEIRA;A50;RIO DE JANEIRO;RJ;697347;SCB01;CAMILO;14225649;5370102;SIM;17/04/2026 - NOTIFICAÇÃO ENVIADA PARA CAMILO;CARTA ENVIADA;21/04/2026;NÃO LOCALIZADO;FINALIZADO;FINALIZADO;;;-;Sudeste;NORMAL
14/04/2026;14/04/2026;260414-000497;EXTRAVIO ;ACCIOLY BARAO DE LIMEIRA;A50;RIO DE JANEIRO;RJ;697347;SCB01;CAMILO;14222591;5370102;SIM;17/04/2026 - NOTIFICAÇÃO ENVIADA PARA CAMILO;CARTA ENVIADA;21/04/2026;NÃO LOCALIZADO;FINALIZADO;FINALIZADO;;;-;Sudeste;NORMAL
10/04/2026;15/04/2026;260415-000383;EXTRAVIO ;AUTOMEC (AMPARO);M78;AMPARO;SP;696152;SCB01;ALFA;14213568;8094128;SIM;17/04/2026 - NOTIFICAÇÃO ENVIADA PARA ALFA;CARTA ENVIADA;22/04/2026;NÃO LOCALIZADO;FINALIZADO;FINALIZADO;;;-;Sudeste;NORMAL
08/04/2026;16/04/2026;260416-000171;EXTRAVIO ;NOVA (BELEM) - PECAS;N43;SÃO PAULO;SP;696776;GRU01;XD DIADEMA;14220669;8079063;SIM;17/04/2026 - NOTIFICAÇÃO ENVIADA PARA XD DDA;CARTA ENVIADA;23/04/2026;NÃO LOCALIZADO;FINALIZADO;FINALIZADO;;;-;Sudeste;NORMAL
14/04/2026;16/04/2026;260416-000384;EXTRAVIO ;JAVEP (JAU);C14;JAU;SP;696972;SCB01;ALFA;14224028;8134953;SIM;17/04/2026 - NOTIFICAÇÃO ENVIADA PARA ALFA;CARTA ENVIADA;23/04/2026;NÃO LOCALIZADO;FINALIZADO;FINALIZADO;;;-;Sudeste;NORMAL
17/04/2026;17/04/2026;260417-000326;EXTRAVIO ;NOVA (SANTO AMARO);N09;SÃO PAULO;SP;236819;GRU01;XD DIADEMA;1312633;0002373634/0002373633/0002373635;SIM;17/04/2026 - NOTIFICAÇÃO ENVIADA PARA XD DDA;FINALIZADO COMO RESOLVIDO;24/04/2026;LOCALIZADO;FINALIZADO;FINALIZADO;;;-;Sudeste;NORMAL
17/04/2026;17/04/2026;260417-000354;EXTRAVIO ;OURICAR;O84;OURINHOS;SP;697835;SCB01;ALFA;14232866;8161778;SIM;20/04/2026 - NOTIFICAÇÃO ENVIADA PARA ALFA;CARTA ENVIADA;24/04/2026;NÃO LOCALIZADO;FINALIZADO;FINALIZADO;;;-;Sudeste;NORMAL
17/04/2026;17/04/2026;260417-000355;EXTRAVIO ;OURICAR;O84;OURINHOS;SP;697835;SCB01;ALFA;14232867;8161778;SIM;20/04/2026 - NOTIFICAÇÃO ENVIADA PARA ALFA;CARTA ENVIADA;24/04/2026;NÃO LOCALIZADO;FINALIZADO;FINALIZADO;;;-;Sudeste;NORMAL
09/04/2026;17/04/2026;260417-000390;EXTRAVIO ;NOVO RIO (ARAGUAINA);N94;ARAGUAINA;TO;695360;SCB01;RIO VERMELHO;14203850;8055046;SIM;20/04/2026 - NOTIFICAÇÃO ENVIADA PARA RIO VERMELHO;CARTA ENVIADA;24/04/2026;NÃO LOCALIZADO;FINALIZADO;FINALIZADO;;;-;CO;NORMAL
09/04/2026;17/04/2026;260417-000392;EXTRAVIO ;NOVO RIO (ARAGUAINA);N94;ARAGUAINA;TO;695636;SCB01;RIO VERMELHO;14204513;8054850;SIM;20/04/2026 - NOTIFICAÇÃO ENVIADA PARA RIO VERMELHO;CARTA ENVIADA;24/04/2026;NÃO LOCALIZADO;FINALIZADO;FINALIZADO;;;-;CO;NORMAL
02/04/2026;20/04/2026;260420-000016;EXTRAVIO ;ACCIOLY BARAO DE LIMEIRA;A50;BELO HORIZONTE;MG;235971;GRU01;XD MINAS;1308771;2341721;SIM;20/04/2026 - NOTIFICAÇÃO ENVIADA PARA XD MINAS;FINALIZADO COMO RESOLVIDO;27/04/2026;LOCALIZADO;FINALIZADO;FINALIZADO;;;-;Sudeste;NORMAL
27/03/2026;20/04/2026;260420-000017;EXTRAVIO ;ACCIOLY BARAO DE LIMEIRA;A50;BELO HORIZONTE;MG;235557;GRU01;XD MINAS;1307236;2319519;SIM;20/04/2026 - NOTIFICAÇÃO ENVIADA PARA XD MINAS;CARTA ENVIADA;27/04/2026;NÃO LOCALIZADO;FINALIZADO;FINALIZADO;;;-;Sudeste;NORMAL
14/04/2026;20/04/2026;260420-000184;EXTRAVIO ;GRAMARCA (VARZEA GRANDE);G22;VARZEA GRANDE;MT;235513;GRU01;CARVALIMA;1307111;2319040;SIM;20/04/2026 - NOTIFICAÇÃO ENVIADA PARA CARVALIMA;FINALIZADO COMO RESOLVIDO;27/04/2026;LOCALIZADO;FINALIZADO;FINALIZADO;;;-;CO;NORMAL
20/04/2026;20/04/2026;260420-000190;EXTRAVIO ;NOVA (BELEM) - PECAS;N43;SÃO PAULO;SP;236977;GRU01;XD DIADEMA;1312890;2376384;SIM;20/04/2026 - NOTIFICAÇÃO ENVIADA PARA XD DDA;FINALIZADO COMO RESOLVIDO;27/04/2026;LOCALIZADO;FINALIZADO;FINALIZADO;;;-;Sudeste;NORMAL
18/04/2026;22/04/2026;260422-000169;EXTRAVIO ;OURICAR;O84;OURINHOS;SP;698343;SCB01;ALFA;14239826;8191584;SIM;27/04/2026 - NOTIFICAÇÃO ENVIADA PARA ALFA;CARTA ENVIADA;29/04/2026;NÃO LOCALIZADO;FINALIZADO;FINALIZADO;;;-;Sudeste;NORMAL
16/04/2026;22/04/2026;260422-000250;EXTRAVIO ;LUCHINI;L30;JUNDIAI;SP;236755;GRU01;XD DIADEMA;1311820;2371793;SIM;27/04/2026 - NOTIFICAÇÃO ENVIADA PARA XD DDA;CARTA ENVIADA;29/04/2026;NÃO LOCALIZADO;FINALIZADO;FINALIZADO;;;-;Sudeste;NORMAL
22/04/2026;22/04/2026;260422-000324;EXTRAVIO ;GRAMARCA (VARZEA GRANDE);G22;VARZEA GRANDE;MT;236701;GRU01;CARVALIMA;1311869;2371849;SIM;27/04/2026 - NOTIFICAÇÃO ENVIADA PARA CARVALIMA;FINALIZADO COMO RESOLVIDO;29/04/2026;LOCALIZADO;FINALIZADO;FINALIZADO;;;-;CO;NORMAL
22/04/2026;22/04/2026;260422-000325;EXTRAVIO ;GRAMARCA (VARZEA GRANDE);G22;VARZEA GRANDE;MT;698554;SCB01;CARVALIMA;14239435;8186650;SIM;27/04/2026 - NOTIFICAÇÃO ENVIADA PARA CARVALIMA;CARTA ENVIADA;29/04/2026;NÃO LOCALIZADO;FINALIZADO;FINALIZADO;;;-;CO;NORMAL
10/04/2026;23/04/2026;260423-000510;EXTRAVIO ;WEST MOTORS (PIRACICABA);W25;PIRACICABA;SP;696192;SCB01;XD DIADEMA;14213515/14213516/14213517/;8093315;SIM;27/04/2026 - NOTIFICAÇÃO ENVIADA PARA ALFA;CARTA ENVIADA;30/04/2026;NÃO LOCALIZADO;FINALIZADO;FINALIZADO;;;-;Sudeste;NORMAL
14/04/2026;24/04/2026;260424-000417;EXTRAVIO ;VESSA (VILA VELHA);B15;VILA VELHA;ES;236287;GRU01;CAMILO;1309465;2345527;SIM;27/04/2026 - NOTIFICAÇÃO ENVIADA PARA CAMILO;CARTA ENVIADA;01/05/2026;NÃO LOCALIZADO;FINALIZADO;FINALIZADO;;;-;Sudeste;NORMAL
23/03/2026;27/04/2026;260427-000053;EXTRAVIO ;SINOSCAR;D35;NOVO HAMBURGO;RS;235258;GRU01;VIZZATTO;1305787;0002301730/0002301679;SIM;30/04/2026 - NOTIFICAÇÃO ENVIADA PARA OPERAÇÃO GRU;CARTA ENVIADA;04/05/2026;NÃO LOCALIZADO;FINALIZADO;FINALIZADO;;;-;Sul;NORMAL
27/04/2026;27/04/2026;260427-000441;EXTRAVIO ;SULPAVE;S54;REGISTRO;SP;699983;SCB01;XD DIADEMA;14258599;26378827;SIM;30/04/2026 - NOTIFICAÇÃO ENVIADA PARA XD DDA;CARTA ENVIADA;04/05/2026;NÃO LOCALIZADO;FINALIZADO;FINALIZADO;;;-;Sudeste;NORMAL
13/04/2026;28/04/2026;260428-000023;EXTRAVIO ;PROESTE (BOTUCATU);R69;BOTUCATU;SP;696980;SCB01;ALFA;14224033;8134839;SIM;30/04/2026 - NOTIFICAÇÃO ENVIADA PARA ALFA;CARTA ENVIADA;05/05/2026;NÃO LOCALIZADO;FINALIZADO;FINALIZADO;;;-;Sudeste;NORMAL
22/04/2026;28/04/2026;260428-000077;EXTRAVIO ;VIANORTE (SORRISO);L57;SORRISO;MT;698009;SCB01;CARVALIMA;14235847;8176294/8176165;SIM;30/04/2026 - NOTIFICAÇÃO ENVIADA PARA CARVALIMA;CARTA ENVIADA;05/05/2026;NÃO LOCALIZADO;FINALIZADO;FINALIZADO;;;-;CO;NORMAL
24/04/2026;28/04/2026;260428-000418;EXTRAVIO ;BAVEP (BEBEDOURO);L53;BEBEDOURO;SP;698325;SCB01;ALFA;14239923;8191561/8191564;SIM;30/04/2026 - NOTIFICAÇÃO ENVIADA PARA ALFA;CARTA ENVIADA;05/05/2026;NÃO LOCALIZADO;FINALIZADO;FINALIZADO;;;-;Sudeste;NORMAL
31/03/2026;28/04/2026;260428-000451;EXTRAVIO ;VIAMAR (PEREIRA BARRETO);B68;SAO BERNARDO DO CAMPO;SP;695577;SCB01;XD DIADEMA;14201641;8042458;SIM;30/04/2026 - NOTIFICAÇÃO ENVIADA PARA XD DDA;CARTA ENVIADA;05/05/2026;NÃO LOCALIZADO;FINALIZADO;FINALIZADO;;;-;Sudeste;NORMAL
23/04/2026;29/04/2026;260429-000029;EXTRAVIO ;JAVEP (S.J. RIO PRETO);J57;SAO JOSE DO RIO PRETO;SP;698338;SCB01;ALFA;14239114;8186046;SIM;30/04/2026 - NOTIFICAÇÃO ENVIADA PARA ALFA;FINALIZADO COMO RESOLVIDO;06/05/2026;LOCALIZADO;FINALIZADO;FINALIZADO;;;-;Sudeste;NORMAL
28/04/2026;30/04/2026;260430-000231;EXTRAVIO ;ARTVEL;P53;MOGI GUACU;SP;699545;SCB01;ALFA;14248775;80275739;SIM;30/04/2026 - NOTIFICAÇÃO ENVIADA PARA ALFA;CARTA ENVIADA;07/05/2026;NÃO LOCALIZADO;FINALIZADO;FINALIZADO;;;-;Sudeste;NORMAL
28/04/2026;30/04/2026;260430-000230;EXTRAVIO ;ARTVEL;P53;MOGI GUACU;SP;699545;SCB01;ALFA;14252678;8235395;SIM;30/04/2026 - NOTIFICAÇÃO ENVIADA PARA ALFA;CARTA ENVIADA;07/05/2026;NÃO LOCALIZADO;FINALIZADO;FINALIZADO;;;-;Sudeste;NORMAL
28/04/2026;30/04/2026;260430-000226;EXTRAVIO ;ARTVEL;P53;MOGI GUACU;SP;699545;SCB01;ALFA;14250722;8228753;SIM;30/04/2026 - NOTIFICAÇÃO ENVIADA PARA ALFA;CARTA ENVIADA;07/05/2026;NÃO LOCALIZADO;FINALIZADO;FINALIZADO;;;-;Sudeste;NORMAL
28/04/2026;30/04/2026;260430-000225;EXTRAVIO ;ARTVEL;P53;MOGI GUACU;SP;699545;SCB01;ALFA;14248776;80275742;SIM;30/04/2026 - NOTIFICAÇÃO ENVIADA PARA ALFA;CARTA ENVIADA;07/05/2026;NÃO LOCALIZADO;FINALIZADO;FINALIZADO;;;-;Sudeste;NORMAL
28/04/2026;30/04/2026;260430-000180;EXTRAVIO ;GRANLESTE (ALCANTARA MACHADO);G07;SÃO PAULO;SP;700455;SCB01;XD DIADEMA;14259864;8250722;SIM;30/04/2026 - NOTIFICAÇÃO ENVIADA PARA XD DDA;CARTA ENVIADA;07/05/2026;NÃO LOCALIZADO;FINALIZADO;FINALIZADO;;;-;Sudeste;NORMAL
28/04/2026;30/04/2026;260430-000032;EXTRAVIO ;WEST MOTORS (PIRACICABA);W25;PIRACICABA;SP;698354;SCB01;ALFA;14236542;8181497;SIM;30/04/2026 - NOTIFICAÇÃO ENVIADA PARA ALFA;CARTA ENVIADA;07/05/2026;NÃO LOCALIZADO;FINALIZADO;FINALIZADO;;;-;Sudeste;NORMAL
28/04/2026;30/04/2026;260430-000277;EXTRAVIO ;NOVA (RIBEIRAO PRETO);N17;RIBEIRÃO PRETO;SP;700318;SCB01;OPERAÇÃO SOR;14263587;82694474;SIM;08/05 e-mail enviado para operaçao Sorocaba;CARTA ENVIADA;07/05/2026;NÃO LOCALIZADO;FINALIZADO;FINALIZADO;;;-;Sudeste;NORMAL
29/04/2026;30/04/2026;260430-000300;EXTRAVIO ;BRAGA;B40;MANAUS ;AM;691480;SCB01;NORTEX;14144198;7825484;SIM;08/05 e-mail enviado para Nortex;CARTA ENVIADA;07/05/2026;NÃO LOCALIZADO;FINALIZADO;FINALIZADO;;;-;Norte;NORMAL
23/02/2026;30/04/2026;260430-000325;EXTRAVIO ;ARTVEL;P53;MOGI IGUAÇU ;SP;688013;SCB01;ALFA;14110561;7695267;SIM;08/05 e-mail enviado para Alfa;CARTA ENVIADA;07/05/2026;NÃO LOCALIZADO;FINALIZADO;FINALIZADO;;;-;Sudeste;NORMAL
05/04/2026;04/05/2026;260504-000038;EXTRAVIO ;JORLAN (BARAO H. DE MELO);J66;BELO HORIZONTE ;MG;237655;GRU01;OPERAÇÃO GRU;1315243;2394274;SIM;08/05 e-mail enviado para operaçao Guarulhos ;CARTA ENVIADA;11/05/2026;NÃO LOCALIZADO;FINALIZADO;FINALIZADO;;;-;Sudeste;NORMAL
05/04/2026;04/05/2026;260504-000045;EXTRAVIO ;JORLAN (BARAO H. DE MELO);J66;BELO HORIZONTE ;MG;700671;SCB01;XD MINAS;14266380;8292117;SIM;08/05 e-mail enviado para XD Betim;FINALIZADO COMO RESOLVIDO;11/05/2026;LOCALIZADO;FINALIZADO;FINALIZADO;;;-;Sudeste;NORMAL
28/04/2026;04/05/2026;260504-000254;EXTRAVIO ;VIGORITO (ABC);E92;SÃO BERNARDO DO CAMPO ;SP;699949;SCB01;XD DIADEMA;14258653;8250705;SIM;08/05 e-mail enviado para operaçao XD Diadema;FINALIZADO COMO RESOLVIDO;11/05/2026;LOCALIZADO;FINALIZADO;FINALIZADO;;;-;Sudeste;NORMAL
05/04/2026;04/05/2026;260504-000260;EXTRAVIO ;JORLAN (BARAO H. DE MELO);J66;BELO HORIZONTE ;MG;700407;SCB01;OPERAÇÃO SOR;14261565;8263989;SIM;08/05 e-mail enviado para operaçao XD Betim;FINALIZADO COMO RESOLVIDO;11/05/2026;LOCALIZADO;FINALIZADO;FINALIZADO;;;-;Sudeste;NORMAL
05/04/2026;04/05/2026;260504-000352;EXTRAVIO ;SULPAVE;S54;SÃO PAULO;SP;701013;SCB01;XD DIADEMA;14272062;25206966/\/8309679;SIM;08/05 e-mail enviado para operaçao XD Diadema;CARTA ENVIADA;11/05/2026;NÃO LOCALIZADO;FINALIZADO;FINALIZADO;;;-;Sudeste;NORMAL
30/04/2026;04/05/2026;260504-000377;EXTRAVIO ;NOVA (RIO PRETO);R07;SÃO JOSÉ DO RIO PRETO;SP;700861;SCB01;OPERAÇÃO SOR;14271425;8307512;SIM;08/05 e-mail enviado para operaçao Sorocaba;CARTA ENVIADA;11/05/2026;NÃO LOCALIZADO;FINALIZADO;FINALIZADO;;;-;Sudeste;NORMAL
29/04/2026;04/05/2026;260504-000441;EXTRAVIO ;NOVA (RIBEIRAO PRETO);N17;RIBEIRAO PRETO;SP;700641;SCB01;OPERAÇÃO SOR;14262534;/8289234/8269578;SIM;09/05 e-mail enviado para operaçao Sorocaba;CARTA ENVIADA;11/05/2026;NÃO LOCALIZADO;FINALIZADO;FINALIZADO;;;-;Sudeste;NORMAL
29/04/2026;04/05/2026;260504-000452;EXTRAVIO ;NOVA (RIBEIRAO PRETO);N17;RIBEIRAO PRETO;SP;700641;SCB01;OPERAÇÃO SOR;14262534;80276114/8269574;SIM;09/05 e-mail enviado para operaçao Sorocaba;CARTA ENVIADA;11/05/2026;NÃO LOCALIZADO;FINALIZADO;FINALIZADO;;;-;Sudeste;NORMAL
05/05/2026;04/05/2026;260504-000528;EXTRAVIO ;ACCIOLY BARAO DE LIMEIRA;A50;RIO DE JANEIRO;RJ;237463;GRU01;CAMILO;1314062;237463;SIM;09/05/2026 - NOTIFICAÇÃO ENVIADA PARA CAMILO;FINALIZADO COMO RESOLVIDO;11/05/2026;LOCALIZADO;FINALIZADO;FINALIZADO;;;-;Sudeste;NORMAL
30/04/2026;05/05/2026;260505-000066;EXTRAVIO ;VEIBRAS;V43;SÃO JOSE DOS CAMPOS ;SP;701017;SCB01;XD DIADEMA;14272127;8309398/8304929/8309430;SIM;09/05/2026 - NOTIFICAÇÃO ENVIADA PARA XD DDA;CARTA ENVIADA;12/05/2026;NÃO LOCALIZADO;FINALIZADO;FINALIZADO;;;-;Sudeste;NORMAL
30/04/2026;05/05/2026;260505-000122;EXTRAVIO ;GARCIA (MANAUS);J37;MANAUS ;AM;693131;SCB01;NORTEX;14166388;7908346;SIM;09/04/2026 - NOTIFICAÇÃO PARA NORTEX;CARTA ENVIADA;12/05/2026;NÃO LOCALIZADO;FINALIZADO;FINALIZADO;;;-;Norte;NORMAL
03/03/2026;05/05/2026;260505-000164;EXTRAVIO ;ELDORADO (MACAPA);E01;MACAPA;AP;230452;GRU01;NORTEX;1283150;2082164;SIM;09/04/2026 - NOTIFICAÇÃO PARA NORTEX;CARTA ENVIADA;12/05/2026;NÃO LOCALIZADO;FINALIZADO;FINALIZADO;;;-;Norte;NORMAL
04/05/2026;05/05/2026;260505-000475;EXTRAVIO ;ARTVEL;P53;MOGI GUACU;SP;237525;GRU01;ALFA;1314858;2389517;SIM;09/04/2026 - NOTIFICAÇÃO PARA ALFA;CARTA ENVIADA;12/05/2026;NÃO LOCALIZADO;FINALIZADO;FINALIZADO;;;-;Sudeste;NORMAL
07/05/2026;05/05/2026;260505-000505;EXTRAVIO ;SULPAVE;S54;REGISTRO;SP;701540;SCB01;XD DIADEMA;14272897;8325751;SIM;09/05/2026 - NOTIFICAÇÃO ENVIADA PARA XD DDA;CARTA ENVIADA;12/05/2026;NÃO LOCALIZADO;FINALIZADO;FINALIZADO;;;-;Sudeste;NORMAL
07/05/2026;06/05/2026;260506-000075;EXTRAVIO ;SULPAVE;S54;REGISTRO;SP;701540;SCB01;XD DIADEMA;14276800;8325777;SIM;09/05/2026 - NOTIFICAÇÃO ENVIADA PARA XD DDA;CARTA ENVIADA;13/05/2026;NÃO LOCALIZADO;FINALIZADO;FINALIZADO;;;-;Sudeste;NORMAL
07/05/2026;06/05/2026;260506-000081;EXTRAVIO ;SULPAVE;S54;REGISTRO;SP;701540;SCB01;XD DIADEMA;14276797;8310051;SIM;09/05/2026 - NOTIFICAÇÃO ENVIADA PARA XD DDA;CARTA ENVIADA;13/05/2026;NÃO LOCALIZADO;FINALIZADO;FINALIZADO;;;-;Sudeste;NORMAL
30/05/2026;06/05/2026;260506-000155;EXTRAVIO ;PROESTE (BOTUCATU);R69;BOTUCATU;SP;700364;SCB01;ALFA;14262943;8273078;SIM;14/05/2026 - NOTIFICAÇÃO ENVIADA PARA ALFA;CARTA ENVIADA;13/05/2026;NÃO LOCALIZADO;FINALIZADO;FINALIZADO;;;-;Sudeste;NORMAL
06/05/2026;06/05/2026;260506-000335;EXTRAVIO ;ABSOLUTA (DIREITOS HUMANOS);D97;SÃO PAULO;SP;701586;SCB01;OPERAÇÃO SOR;14271574;80/volumes;SIM;09/05 - NOTIFICAÇÃO ENVIADA PARA O XD DDA;FINALIZADO COMO RESOLVIDO;13/05/2026;LOCALIZADO;FINALIZADO;FINALIZADO;;;-;Sudeste;NORMAL
05/05/2026;06/05/2026;260506-000475;EXTRAVIO ;SABENAUTO (DPEC MANAUS);W93;MANAUS;AM;689387;SCB01;NORTEX;14120369;0007719831/0007720111;SIM;09/05 NOTIFICAÇÃO ENVIADA PARA NORTEX;CARTA ENVIADA;13/05/2026;NÃO LOCALIZADO;FINALIZADO;FINALIZADO;;;-;Norte;NORMAL
06/05/2026;06/05/2026;260506-000477;EXTRAVIO ;COTAC (SUZANO);Y21;SUZANO;SP;701503;SCB01;OPERAÇÃO SOR;14272889;8810093;SIM;09/05 - NOTIFICAÇÃO ENVIADA PARA O XD DDA;CARTA ENVIADA;13/05/2026;NÃO LOCALIZADO;FINALIZADO;FINALIZADO;;;-;Sudeste;NORMAL
06/05/2026;06/05/2026;260506-000489;EXTRAVIO ;MCV (MANHUACU);C48;MANHUACU;MG;701889;SCB01;XD MINAS;14279125;8346141;SIM;09/05 NOTIFICAÇÃO ENVIADA PARA XD BETIM;FINALIZADO COMO RESOLVIDO;13/05/2026;LOCALIZADO;FINALIZADO;FINALIZADO;;;-;Sudeste;NORMAL
06/05/2026;06/05/2026;260506-000495;EXTRAVIO ;VIGORITO (ABC);E92;SÃO BERNARDO DO CAMPO ;SP;701505;SCB01;OPERAÇÃO SOR;14276829;8326065;SIM;09/05 - NOTIFICAÇÃO ENVIADA PARA O XD DDA;CARTA ENVIADA;13/05/2026;NÃO LOCALIZADO;FINALIZADO;FINALIZADO;;;-;Sudeste;NORMAL
06/05/2026;07/05/2026;260507-000044;EXTRAVIO ;JORLAN (BARAO H. DE MELO);J66;BELO HORIZONTE ;MG;701324;SCB01;OPERAÇÃO SOR;14271467;8308677;SIM;09/05 NOTIFICAÇÃO ENVIADA PARA XD BETIM;FINALIZADO COMO RESOLVIDO;14/05/2026;LOCALIZADO;FINALIZADO;FINALIZADO;;;-;Sudeste;NORMAL
06/05/2026;07/05/2026;260507-000045;EXTRAVIO ;JORLAN (BARAO H. DE MELO);J66;BELO HORIZONTE ;MG;701324;SCB01;OPERAÇÃO SOR;14273714;8258986;SIM;09/05 NOTIFICAÇÃO ENVIADA PARA XD BETIM;FINALIZADO COMO RESOLVIDO;14/05/2026;LOCALIZADO;FINALIZADO;FINALIZADO;;;-;Sudeste;NORMAL
07/05/2026;07/05/2026;260507-000181;EXTRAVIO ;AUTOMEC (AMPARO);M78;AMPARO;SP;700336;SCB01;ALFA;14262320/14261704;8263495/8263762/;SIM;09/05 - NOTIFICAÇÃO ENVIADA PARA O ALFA;CARTA ENVIADA;14/05/2026;NÃO LOCALIZADO;FINALIZADO;FINALIZADO;;;-;Sudeste;NORMAL
06/05/2026;07/05/2026;260507-000219;EXTRAVIO ;ACCIOLY BARAO DE LIMEIRA;A50;RIO DE JANEIRO;RJ;701068;SCB01;CAMILO;14267349;8292132;SIM;09/05/2026 - NOTIFICAÇÃO ENVIADA PARA CAMILO;CARTA ENVIADA;14/05/2026;NÃO LOCALIZADO;FINALIZADO;FINALIZADO;;;-;Sudeste;NORMAL
07/05/2026;07/05/2026;260507-000287;EXTRAVIO ;SULPAVE;S54;REGISTRO;SP;702196;SCB01;XD DIADEMA;14282591;8310051;SIM;09/05/2026 - NOTIFICAÇÃO ENVIADA PARA XD DDA;CARTA ENVIADA;14/05/2026;NÃO LOCALIZADO;FINALIZADO;FINALIZADO;;;-;Sudeste;NORMAL
07/05/2026;07/05/2026;260507-000349;EXTRAVIO ;OURICAR;O84;OURINHOS;SP;700842;SCB01;ALFA;14267037;8288849;SIM;09/05 - NOTIFICAÇÃO ENVIADA PARA O ALFA;CARTA ENVIADA;14/05/2026;NÃO LOCALIZADO;FINALIZADO;FINALIZADO;;;-;Sudeste;NORMAL
07/05/2026;07/05/2026;260507-000360;EXTRAVIO ;NOVA (BELEM) - PECAS;N43;SÃO PAULO;SP;701531;SCB01;OPERAÇÃO SOR;14271790;8309217;SIM;09/05 - NOTIFICAÇÃO ENVIADA PARA O XD DDA;CARTA ENVIADA;14/05/2026;NÃO LOCALIZADO;FINALIZADO;FINALIZADO;;;-;Sudeste;NORMAL
07/05/2026;07/05/2026;260507-000370;EXTRAVIO ;NOVA (BELEM) - PECAS;N43;SÃO PAULO;SP;701478;SCB01;OPERAÇÃO SOR;14275912;8311604;SIM;09/05 - NOTIFICAÇÃO ENVIADA PARA O XD DDA;CARTA ENVIADA;14/05/2026;NÃO LOCALIZADO;FINALIZADO;FINALIZADO;;;-;Sudeste;NORMAL
07/05/2026;07/05/2026;260507-000400;EXTRAVIO ;NOVA (BELEM) - PECAS;N43;SÃO PAULO;SP;701380;SCB01;OPERAÇÃO SOR;14273805;0008322750/0008322755/0008325421;SIM;09/05 - NOTIFICAÇÃO ENVIADA PARA O XD DDA;CARTA ENVIADA;14/05/2026;NÃO LOCALIZADO;FINALIZADO;FINALIZADO;;;-;Sudeste;NORMAL
07/05/2026;07/05/2026;260507-000409;EXTRAVIO ;NOVA (BELEM) - PECAS;N43;SÃO PAULO;SP;701619;SCB01;OPERAÇÃO SOR;14262951;8274358;SIM;09/05 - NOTIFICAÇÃO ENVIADA PARA O XD DDA;CARTA ENVIADA;14/05/2026;NÃO LOCALIZADO;FINALIZADO;FINALIZADO;;;-;Sudeste;NORMAL
07/05/2026;07/05/2026;260507-000411;EXTRAVIO ;NOVA (BELEM) - PECAS;N43;SÃO PAULO;SP;701601;SCB01;OPERAÇÃO SOR;14277251;8322676;SIM;09/05 - NOTIFICAÇÃO ENVIADA PARA O XD DDA;CARTA ENVIADA;14/05/2026;NÃO LOCALIZADO;FINALIZADO;FINALIZADO;;;-;Sudeste;NORMAL
07/05/2026;07/05/2026;260507-000419;EXTRAVIO ;JORLAN (GOIANIA);J23;GOIANIA;GO;701213;SCB01;OPERAÇÃO SOR;14270100;0008305925/0008305926/000835927/0008305928/0008305929;SIM;09/05 - NOTIFICAÇÃO ENVIADA PARA O XD DDA;FINALIZADO COMO RESOLVIDO;14/05/2026;LOCALIZADO;FINALIZADO;FINALIZADO;;;-;CO;NORMAL
07/05/2026;07/05/2026;260507-000427;EXTRAVIO ;JORLAN (GOIANIA);J23;GOIANIA;GO;700912;SCB01;OPERAÇÃO SOR;14270137;8306258;SIM;09/05 - NOTIFICAÇÃO ENVIADA PARA O XD DDA;CARTA ENVIADA;14/05/2026;NÃO LOCALIZADO;FINALIZADO;FINALIZADO;;;-;CO;NORMAL
07/05/2026;07/05/2026;260507-000445;EXTRAVIO ;ACCIOLY BARAO DE LIMEIRA;A50;RIO DE JANEIRO;RJ;237854;GRU01;CAMILO;1315588;2395986;SIM;09/05/2026 - NOTIFICAÇÃO ENVIADA PARA CAMILO;FINALIZADO COMO RESOLVIDO;14/05/2026;LOCALIZADO;FINALIZADO;FINALIZADO;;;-;Sudeste;NORMAL
06/05/2026;08/05/2026;260508-000135;EXTRAVIO ;SABENAUTO (DPEC FECHADO BRASILIA);T94;BRASILIA;DF;701667;SCB01;OPERAÇÃO SOR;14277200;0008320690/0008320691;SIM;09/05 - NOTIFICAÇÃO ENVIADA PARA O RIO VERMELHO;CARTA ENVIADA;15/05/2026;NÃO LOCALIZADO;FINALIZADO;FINALIZADO;;;-;CO;NORMAL
07/05/2026;08/05/2026;260508-000160;EXTRAVIO ;TUDO (GOIANIA);S16;GOIANIA;GO;700147;SCB01;OPERAÇÃO SOR;14260907;8266181/8265790/8265798;SIM;09/05 - NOTIFICAÇÃO ENVIADA PARA O XD DDA;CARTA ENVIADA;15/05/2026;NÃO LOCALIZADO;FINALIZADO;FINALIZADO;;;-;CO;NORMAL
07/05/2026;08/05/2026;260508-000165;EXTRAVIO ;TUDO (GOIANIA);S16;GOIANIA;GO;700218;SCB01;OPERAÇÃO SOR;14263065;8274296;SIM;09/05 - NOTIFICAÇÃO ENVIADA PARA O XD DDA;CARTA ENVIADA;15/05/2026;NÃO LOCALIZADO;FINALIZADO;FINALIZADO;;;-;CO;NORMAL
07/05/2026;08/05/2026;260508-000170;EXTRAVIO ;TUDO (GOIANIA);S16;GOIANIA;GO;701188;SCB01;OPERAÇÃO SOR;14274490;8320050/8320051;SIM;09/05 - NOTIFICAÇÃO ENVIADA PARA O XD DDA;CARTA ENVIADA;15/05/2026;NÃO LOCALIZADO;FINALIZADO;FINALIZADO;;;-;CO;NORMAL
07/05/2026;08/05/2026;260508-000175;EXTRAVIO ;TUDO (GOIANIA);S16;GOIANIA;GO;701245;SCB01;OPERAÇÃO SOR;14273352;8319927/8319930/8319965;SIM;09/05 - NOTIFICAÇÃO ENVIADA PARA O XD DDA;CARTA ENVIADA;15/05/2026;NÃO LOCALIZADO;FINALIZADO;FINALIZADO;;;-;CO;NORMAL
07/05/2026;08/05/2026;260508-000183;EXTRAVIO ;TUDO (GOIANIA);S16;GOIANIA;GO;701678;SCB01;OPERAÇÃO SOR;14275139;8265606/8265607/8306499/8319848/8322661/8316137;SIM;09/05 - NOTIFICAÇÃO ENVIADA PARA O XD DDA;FINALIZADO COMO RESOLVIDO;15/05/2026;LOCALIZADO;FINALIZADO;FINALIZADO;;;-;CO;NORMAL
08/05/2026;08/05/2026;260508-000225;EXTRAVIO ;VIAMAR (PEREIRA BARRETO);B68;SÃO PAULO;SP;701549;SCB01;OPERAÇÃO SOR;14271793;8316148;SIM;09/05 - NOTIFICAÇÃO ENVIADA PARA O XD DDA;FINALIZADO COMO RESOLVIDO;15/05/2026;LOCALIZADO;FINALIZADO;FINALIZADO;;;-;Sudeste;NORMAL
08/05/2026;08/05/2026;260508-000243;EXTRAVIO ;NOVA (SANTO AMARO);N09;SÃO PAULO;SP;702189;SCB01;OPERAÇÃO SOR;14282695/14277384;8341786/85053730;SIM;09/05 - NOTIFICAÇÃO ENVIADA PARA O XD DDA;CARTA ENVIADA;15/05/2026;NÃO LOCALIZADO;FINALIZADO;FINALIZADO;;;-;Sudeste;NORMAL
08/05/2026;08/05/2026;260508-000245;EXTRAVIO ;GRANDE MINAS (PAMPULHA);F51;CONTAGEM;MG;701422;SCB01;OPERAÇÃO SOR;14276910/14275032;8327348/8327723/;SIM;09/05 NOTIFICAÇÃO ENVIADA PARA CAMILO;FINALIZADO COMO RESOLVIDO;15/05/2026;LOCALIZADO;FINALIZADO;FINALIZADO;;;-;Sudeste;NORMAL
08/05/2026;08/05/2026;260508-000401;EXTRAVIO ;COTAC (SUZANO);Y21;SUZANO;SP;702726;SCB01;OPERAÇÃO SOR;14288730;8380277;SIM;09/05 - NOTIFICAÇÃO ENVIADA PARA O XD DDA;CARTA ENVIADA;15/05/2026;NÃO LOCALIZADO;FINALIZADO;FINALIZADO;;;-;Sudeste;NORMAL
04/05/2026;11/05/2026;260511-000304;EXTRAVIO ;JAVEP (JAU);C14;JAU;SP;700361;SCB01;ALFA;14261195;8263715;SIM;09/05 - NOTIFICAÇÃO ENVIADA PARA O ALFA;CARTA ENVIADA;18/05/2026;NÃO LOCALIZADO;FINALIZADO;FINALIZADO;;;-;Sudeste;NORMAL
11/05/2026;12/05/2026;260512-000002;EXTRAVIO ;JORLAN (GOIANIA);J23;GOIANIA;GO;701646;SCB01;OPERAÇÃO SOR;14271794;8316124;SIM;16/05 - NOTIFICAÇÃO ENVIADA PARA O XD DDA;FINALIZADO COMO RESOLVIDO;19/05/2026;LOCALIZADO;FINALIZADO;FINALIZADO;;;-;CO;NORMAL
11/05/2026;12/05/2026;260512-000003;EXTRAVIO ;JORLAN (GOIANIA);J23;GOIANIA;GO;701646;SCB01;OPERAÇÃO SOR;14275084;8320595;SIM;16/05 - NOTIFICAÇÃO ENVIADA PARA O XD DDA;CARTA ENVIADA;19/05/2026;NÃO LOCALIZADO;FINALIZADO;FINALIZADO;;;-;CO;NORMAL
11/05/2026;12/05/2026;260512-000004;EXTRAVIO ;NOVA (BELEM) - PECAS;N43;SÃO PAULO;SP;702963;SCB01;OPERAÇÃO SOR;14291044;8363300;SIM;16/05 - NOTIFICAÇÃO ENVIADA PARA O XD DDA;CARTA ENVIADA;19/05/2026;NÃO LOCALIZADO;FINALIZADO;FINALIZADO;;;-;Sudeste;NORMAL
11/05/2026;12/05/2026;260512-000060;EXTRAVIO ;CODIVE (CAMPINAS);K15;CAMPINAS;SP;701519;SCB01;OPERAÇÃO SOR;14276102;8325877;SIM;16/05 - NOTIFICAÇÃO ENVIADA PARA O XD DDA;CARTA ENVIADA;19/05/2026;NÃO LOCALIZADO;FINALIZADO;FINALIZADO;;;-;Sudeste;NORMAL
11/05/2026;12/05/2026;260512-000064;EXTRAVIO ;CODIVE (CAMPINAS);K15;CAMPINAS;SP;701519;SCB01;OPERAÇÃO SOR;14276469;8325742/8325743;SIM;16/05 - NOTIFICAÇÃO ENVIADA PARA O XD DDA;CARTA ENVIADA;19/05/2026;NÃO LOCALIZADO;FINALIZADO;FINALIZADO;;;-;Sudeste;NORMAL
11/05/2026;12/05/2026;260512-000180;EXTRAVIO ;PERKAL (CAMPO GRANDE);P04;CAMPO GRANDE;MS;701660;SCB01;OPERAÇÃO SOR;14274617;8322823;SIM;16/05 - NOTIFICAÇÃO ENVIADA PARA O CARVALIMA;FINALIZADO COMO RESOLVIDO;19/05/2026;LOCALIZADO;FINALIZADO;FINALIZADO;;;-;CO;NORMAL
13/05/2026;12/05/2026;260512-000261;EXTRAVIO ;NOVA (BELEM) - PECAS;N43;SÃO PAULO;SP;703352;SCB01;XD DIADEMA;14296621;8404704;SIM;16/05 - NOTIFICAÇÃO ENVIADA PARA O XD DDA;CARTA ENVIADA;19/05/2026;NÃO LOCALIZADO;FINALIZADO;FINALIZADO;;;-;Sudeste;NORMAL
12/05/2026;12/05/2026;260512-000386;EXTRAVIO ;CODIVE (CAMPINAS);K15;CAMPINAS;SP;238224;GRU01;XD DIADEMA;1317309;2412555;SIM;16/05 - NOTIFICAÇÃO ENVIADA PARA O XD DDA;CARTA ENVIADA;19/05/2026;NÃO LOCALIZADO;FINALIZADO;FINALIZADO;;;-;Sudeste;NORMAL
13/05/2026;12/05/2026;260512-000389;EXTRAVIO ;GRAMARCA (VARZEA GRANDE);G22;VARZEA GRANDE;MT;701643;SCB01;OPERAÇÃO SOR;14272471;8316147;SIM;16/05 - NOTIFICAÇÃO ENVIADA PARA O CARVALIMA;FINALIZADO COMO RESOLVIDO;19/05/2026;LOCALIZADO;FINALIZADO;FINALIZADO;;;-;CO;NORMAL
13/05/2026;12/05/2026;260512-000396;EXTRAVIO ;GRAMARCA (VARZEA GRANDE);G22;VARZEA GRANDE;MT;701210;SCB01;OPERAÇÃO SOR;14273708;0008274142/0008274143/0008274144/0008274145/0008274146;SIM;16/05 - NOTIFICAÇÃO ENVIADA PARA O CARVALIMA;FINALIZADO COMO RESOLVIDO;19/05/2026;LOCALIZADO;FINALIZADO;FINALIZADO;;;-;CO;NORMAL
13/05/2026;13/05/2026;260513-000096;EXTRAVIO ;GRANDE MINAS (PAMPULHA);F51;BELO HORIZONTE;MG;238262;GRU01;XD MINAS;1317272;2412411;SIM;16/05 - NOTIFICAÇÃO ENVIADA PARA O XD MINAS;FINALIZADO COMO RESOLVIDO;20/05/2026;LOCALIZADO;FINALIZADO;FINALIZADO;;;-;Sudeste;NORMAL
13/05/2026;13/05/2026;260513-000186;EXTRAVIO ;ACCIOLY BARAO DE LIMEIRA;A50;RIO DE JANEIRO;RJ;702351;SCB01;CAMILO;14282106/14285587/14282548;8339657/8362152/&/85002381;SIM;16/05 - NOTIFICAÇÃO ENVIADA PARA O CAMILO;FINALIZADO COMO RESOLVIDO;20/05/2026;LOCALIZADO;FINALIZADO;FINALIZADO;;;-;Sudeste;NORMAL
13/05/2026;13/05/2026;260513-000237;EXTRAVIO ;NOVA (SANTO AMARO);N09;SÃO PAULO;SP;238298;GRU01;XD DIADEMA;1317435;2411736/2411722;SIM;16/05 - NOTIFICAÇÃO ENVIADA PARA O XD DDA;CARTA ENVIADA;20/05/2026;NÃO LOCALIZADO;FINALIZADO;FINALIZADO;;;-;Sudeste;NORMAL
12/05/2026;13/05/2026;260513-000260;EXTRAVIO ;GRAMARCA (VARZEA GRANDE);G22;VARZEA GRANDE;MT;701641;SCB01;OPERAÇÃO SOR;14271602;8316128;SIM;15/05 - NOTIFICAÇÃO ENVIADA PARA O OPERAÇÃO SOR;FINALIZADO COMO RESOLVIDO;20/05/2026;LOCALIZADO;FINALIZADO;FINALIZADO;;;-;CO;NORMAL
13/05/2026;13/05/2026;260513-000390;EXTRAVIO ;NOVA (CAMPINAS) PEÇAS;C04;CAMPINAS;SP;705695;SCB01;XD DIADEMA;14267515/14267511;8296122;SIM;14/05/2026 NOTIFICAMOS XD DIADEMA;CARTA ENVIADA;20/05/2026;NÃO LOCALIZADO;FINALIZADO;FINALIZADO;;;-;Sudeste;NORMAL
14/05/2026;15/05/2026;260515-000409;EXTRAVIO ;JORLAN (BARAO H. DE MELO);J66;BELO HORIZONTE;MG;238354;GRU01;XD MINAS;1317809;2416818;SIM;16/05 - NOTIFICAÇÃO ENVIADA PARA O XD BETIM;FINALIZADO COMO RESOLVIDO;22/05/2026;LOCALIZADO;FINALIZADO;FINALIZADO;;;-;Sudeste;NORMAL
14/05/2026;15/05/2026;260515-000406;EXTRAVIO ;JORLAN (BARAO H. DE MELO);J66;BELO HORIZONTE;MG;238354;GRU01;XD MINAS;1317860;2417107;SIM;16/05 - NOTIFICAÇÃO ENVIADA PARA O XD BETIM;FINALIZADO COMO RESOLVIDO;22/05/2026;LOCALIZADO;FINALIZADO;FINALIZADO;;;-;Sudeste;NORMAL
14/05/2026;15/05/2026;260515-000285;EXTRAVIO ;NOVA (SANTO AMARO);N09;SÃO PAULO;SP;238408;GRU01;XD DIADEMA;1318030;2417808;SIM;16/05 - NOTIFICAÇÃO ENVIADA PARA O XD DDA;CARTA ENVIADA;22/05/2026;NÃO LOCALIZADO;FINALIZADO;FINALIZADO;;;-;Sudeste;NORMAL
15/05/2026;15/05/2026;260515-000191;EXTRAVIO ;TUDO (GOIANIA);S16;GOIANIA;GO;701678;SCB01;XD DIADEMA;14275139;8319848;SIM;BASE NOTIFICADA E NÃO LOCALIZADA;CARTA ENVIADA;22/05/2026;NÃO LOCALIZADO;FINALIZADO;FINALIZADO;;;-;CO;NORMAL
extravio total;15/05/2026;260515-000127;EXTRAVIO ;VEMAFRE;V01;FRANCA;SP;sem embarque;SCB01;OPERAÇÃO SOR;14259429;SEM/DADOS/DO/VOLUME;SIM;16/05 - NOTIFICAÇÃO ENVIADA PARA THAIS SOROCABA;FINALIZADO COMO RESOLVIDO;22/05/2026;LOCALIZADO;FINALIZADO;FINALIZADO;;;-;Sudeste;NORMAL
14/05/2026;15/05/2026;260515-000071;EXTRAVIO ;NOVA (BELEM) - PECAS;N43;SÃO PAULO;SP;238386;GRU01;XD DIADEMA;1317380;2412673;SIM;16/05 - NOTIFICAÇÃO ENVIADA PARA O XD DDA;CARTA ENVIADA;22/05/2026;NÃO LOCALIZADO;FINALIZADO;FINALIZADO;;;-;Sudeste;NORMAL
14/05/2026;15/05/2026;260515-000016;EXTRAVIO ;NOVA (BELEM) - PECAS;N43;SÃO PAULO;SP;238305;GRU01;XD DIADEMA;1317433/1317439/1317463;2411849/2411903/2412636;SIM;16/05 - NOTIFICAÇÃO ENVIADA PARA O XD DDA;CARTA ENVIADA;";";NÃO LOCALIZADO;FINALIZADO;FINALIZADO;;;-;Sudeste;NORMAL
14/05/2026;15/05/2026;260515-000004;EXTRAVIO ;NOVA (BELEM) - PECAS;N43;SÃO PAULO;SP;238304;GRU01;XD DIADEMA;1317110;2408044;SIM;16/05 - NOTIFICAÇÃO ENVIADA PARA O XD DDA;CARTA ENVIADA;22/05/2026;NÃO LOCALIZADO;FINALIZADO;FINALIZADO;;;-;Sudeste;NORMAL
14/05/2026;15/05/2026;260515-000003;EXTRAVIO ;NOVA (BELEM) - PECAS;N43;SÃO PAULO;SP;703692;SCB01;XD DIADEMA;14296850/14297032/1429680;8405071/8405108/86023889;SIM;16/05 - NOTIFICAÇÃO ENVIADA PARA O XD DDA;CARTA ENVIADA;22/05/2026;NÃO LOCALIZADO;FINALIZADO;FINALIZADO;;;-;Sudeste;NORMAL
11/05/2026;16/05/2026;260516-000051;EXTRAVIO ;GURIVEL (PIANNA SAO MATEUS);J97;SAO MATEUS;ES;237864;GRU01;CAMILO;1315990;2397868;SIM;21/05/2026 NOTIFICAMOS CAMILO;CARTA ENVIADA;22/05/2026;NÃO LOCALIZADO;FINALIZADO;FINALIZADO;;;-;Sudeste;NORMAL
15/05/2026;18/05/2026;260518-000215;EXTRAVIO ;ACCIOLY BARAO DE LIMEIRA;A50;RIO DE JANEIRO;RJ;238182;GRU01;CAMILO;1317134;2408390.8391.8392.8393/8394;SIM;21/05/2026 NOTIFICAMOS CAMILO;CARTA ENVIADA;25/05/2026;NÃO LOCALIZADO;FINALIZADO;FINALIZADO;;;-;Sudeste;NORMAL
15/05/2026;18/05/2026;260518-000225;EXTRAVIO ;ACCIOLY BARAO DE LIMEIRA;A50;RIO DE JANEIRO;RJ;238182;GRU01;CAMILO;1317134;0238182/01663486;SIM;21/05/2026 NOTIFICAMOS CAMILO;FINALIZADO COMO RESOLVIDO;25/05/2026;LOCALIZADO;FINALIZADO;FINALIZADO;;;-;Sudeste;NORMAL
13/05/2026;18/05/2026;260518-000261;EXTRAVIO ;TUDO (GOIANIA);S16;GOIANIA;GO;288206;GRU01;XD DIADEMA;1317134;2410834/2410835;SIM;21/05/2026 NOTIFICAMOS XD DIADEMA;CARTA ENVIADA;25/05/2026;NÃO LOCALIZADO;FINALIZADO;FINALIZADO;;;-;CO;NORMAL
14/05/2026;18/05/2026;260518-000262;EXTRAVIO ;TUDO (GOIANIA);S16;GOIANIA;GO;703428;SCB01;XD DIADEMA;1317228;8401299;SIM;21/05/2026 NOTIFICAMOS XD DIADEMA;FINALIZADO COMO RESOLVIDO;25/05/2026;LOCALIZADO;FINALIZADO;FINALIZADO;;;-;CO;NORMAL
11/05/2026;18/05/2026;260518-000283;EXTRAVIO ;VIGORITO (ABC);E92;SÃO BERNARDO DO CAMPO ;SP;701468;SCB01;XD DIADEMA;14295122;8309488;SIM;21/05/2026 NOTIFICAMOS XD DIADEMA;CARTA ENVIADA;25/05/2026;NÃO LOCALIZADO;FINALIZADO;FINALIZADO;;;-;Sudeste;NORMAL
18/05/2026;18/05/2026;260518-000289;EXTRAVIO ;NOVA (SANTO AMARO);N09;SÃO PAULO;SP;238476;GRU01;XD DIADEMA;14274919;2418885;SIM;21/05/2026 NOTIFICAMOS XD DIADEMA;CARTA ENVIADA;25/05/2026;NÃO LOCALIZADO;FINALIZADO;FINALIZADO;;;-;Sudeste;NORMAL
19/05/2026;19/05/2026;260519-000250;EXTRAVIO ;NOVA (SANTO AMARO);N09;SÃO PAULO ;SP;238543;GRU01;XD DIADEMA;1318059;2420667/2422778/2422779;SIM;21/05/2026 NOTIFICAMOS XD DIADEMA;CARTA ENVIADA;26/05/2026;NÃO LOCALIZADO;FINALIZADO;FINALIZADO;;;-;Sudeste;NORMAL
14/05/2026;19/05/2026;260519-000479;EXTRAVIO ;ACCIOLY BARAO DE LIMEIRA;A50;BELO HORIZONTE ;MG;703552;SCB01;OPERAÇÃO SOR;1318283;8416416/0008362137/;SIM;21/05/2026 NOTIFICAMOS XD BETIM;CARTA ENVIADA;26/05/2026;NÃO LOCALIZADO;FINALIZADO;FINALIZADO;;;-;Sudeste;NORMAL
20/05/2026;20/05/2026;260520-000026;EXTRAVIO ;NOVA (RIO PRETO);R07;BELO HORIZONTE ;MG;703552;SCB01;XD MINAS;14298826;88905742;SIM;20/05/2026 - NOTIFICADO A XD MINAS;CARTA ENVIADA;27/05/2026;NÃO LOCALIZADO;FINALIZADO;FINALIZADO;;;-;Sudeste;NORMAL
18/05/2026;20/05/2026;260520-000083;EXTRAVIO ;NOVA (RIO PRETO);R07;SÃO JOSÉ DO RIO PRETO;SP;704407;SCB01;XD DIADEMA;13980506;8450761;SIM;21/05/2026 NOTIFICAMOS XD DIADEMA;CARTA ENVIADA;27/05/2026;NÃO LOCALIZADO;FINALIZADO;FINALIZADO;;;-;Sudeste;NORMAL
23/04/2026;20/05/2026;260520-000086;EXTRAVIO ;AUTORIO;G52;RIO VERDE ;GO;236557;GRU01;RIO VERMELHO;14308818;2364856;SIM;21/05/2026 NOTIFICAMOS RIO VERMELHO;CARTA ENVIADA;27/05/2026;NÃO LOCALIZADO;FINALIZADO;FINALIZADO;;;-;CO;NORMAL
20/05/2026;20/05/2026;260520-000236;EXTRAVIO ;ACCIOLY BARAO DE LIMEIRA;A50;RIO DE JANEIRO;RJ;238437;GRU01;CAMILO;1311119;0238437/01669810;SIM;21/05/2026 NOTIFICAMOS CAMILO;FINALIZADO COMO RESOLVIDO;27/05/2026;LOCALIZADO;FINALIZADO;FINALIZADO;;;-;Sudeste;NORMAL
20/05/2026;20/05/2026;260520-000237;EXTRAVIO ;ACCIOLY BARAO DE LIMEIRA;A50;RIO DE JANEIRO;RJ;288437;GRU01;CAMILO;1317859;0238437/01669810;SIM;21/05/2026 NOTIFICAMOS CAMILO;CARTA ENVIADA;27/05/2026;NÃO LOCALIZADO;FINALIZADO;FINALIZADO;;;-;Sudeste;NORMAL
20/05/2026;20/05/2026;260520-000239;EXTRAVIO ;ACCIOLY BARAO DE LIMEIRA;A50;RIO DE JANEIRO;RJ;238437;GRU01;CAMILO;1317859;0238437/01669810;SIM;21/05/2026 NOTIFICAMOS CAMILO;CARTA ENVIADA;27/05/2026;NÃO LOCALIZADO;FINALIZADO;FINALIZADO;;;-;Sudeste;NORMAL
20/05/2026;20/05/2026;260520-000252;EXTRAVIO ;JORLAN (BARAO H. DE MELO);J66;BELO HORIZONTE;MG;238554;GRU01;XD MINAS;1317859;2423214;SIM;21/05/2026 NOTIFICAMOS XD BETIM;FINALIZADO COMO RESOLVIDO;27/05/2026;LOCALIZADO;FINALIZADO;FINALIZADO;;;-;Sudeste;NORMAL
20/05/2026;20/05/2026;260520-000324;EXTRAVIO ;NOVA (RIO PRETO);R07;SÃO JOSÉ DO RIO PRETO;SP;701602;SCB01;XD DIADEMA;1318533;8306583;SIM;21/05/2026 NOTIFICAMOS XD DIADEMA;CARTA ENVIADA;27/05/2026;NÃO LOCALIZADO;FINALIZADO;FINALIZADO;;;-;Sudeste;NORMAL
20/05/2026;20/05/2026;260520-000466;EXTRAVIO ;PROESTE (TUPA);P39;TUPA;SP;701579;SCB01;ALFA;14271384;CARGA/TOTAL;SIM;23/05/2026 - NOTIFICADO ALFA;FINALIZADO COMO RESOLVIDO;27/05/2026;LOCALIZADO;FINALIZADO;FINALIZADO;;;-;Sudeste;NORMAL
21/05/2026;21/05/2026;260521-000430;EXTRAVIO ;ACCIOLY ;A50;RIO DE JANEIRO;RJ;704456;SCB01;OPERAÇÃO SOR;14308894;8450089;SIM;22/05/2026 NOTIFICAMOS CAMILO;CARTA ENVIADA;28/05/2026;NÃO LOCALIZADO;FINALIZADO;FINALIZADO;;;-;Sudeste;NORMAL
21/05/2026;21/05/2026;260521-000419;EXTRAVIO ;BRAGA ;B40;MANAUS ;AM;697378;SCB01;NORTEX;14219548;8110035/0008110036;SIM;22/05/2026 NOTIFICAMOS NORTEX;CARTA ENVIADA;28/05/2026;NÃO LOCALIZADO;FINALIZADO;FINALIZADO;;;-;Norte;NORMAL
20/05/2026;21/05/2026;260521-000101;EXTRAVIO ;NOVA (CAMPINAS) PEÇAS;C04;CAMPINAS;SP;702795;SCB01;XD DIADEMA;14286432/14286431/14286430/14289809;8376041/8363410;SIM;23/05/2026 - NOTIFICADO A XD DIADEMA;CARTA ENVIADA;28/05/2026;NÃO LOCALIZADO;FINALIZADO;FINALIZADO;;;-;Sudeste;NORMAL
20/05/2026;21/05/2026;260521-000136;EXTRAVIO ;NOVA (BELEM) - PECAS;N43;SÃO PAULO;SP;238631;GRU01;XD DIADEMA;1317794;2416734;SIM;23/05/2026 - NOTIFICADO A XD DIADEMA;CARTA ENVIADA;28/05/2026;NÃO LOCALIZADO;FINALIZADO;FINALIZADO;;;-;Sudeste;NORMAL
19/05/2026;21/05/2026;260521-000289;EXTRAVIO ;ACCIOLY BARAO DE LIMEIRA;A50;SÃO PAULO;SP;704802;SCB01;XD DIADEMA;14311753;86024842;SIM;23/05/2026 - NOTIFICADO A XD DIADEMA;CARTA ENVIADA;28/05/2026;NÃO LOCALIZADO;FINALIZADO;FINALIZADO;;;-;Sudeste;NORMAL
21/05/2026;21/05/2026;260521-000303;EXTRAVIO ;NOVO RIO (ARAGUAINA);N94;ARAGUAINA;TO;701653;SCB01;OPERAÇÃO SOR;14271786;8316126;SIM;23/05/2026 - NOTIFICADO OPERAÇÃO SOROCABA;CARTA ENVIADA;28/05/2026;NÃO LOCALIZADO;FINALIZADO;FINALIZADO;;;-;CO;NORMAL
20/05/2026;21/05/2026;260521-000331;EXTRAVIO ;JORLAN (GOIANIA);J23;GOIANIA;GO;704874;SCB01;XD DIADEMA;14314666;8476018;SIM;23/05/2026 - NOTIFICADO A XD DIADEMA;CARTA ENVIADA;28/05/2026;NÃO LOCALIZADO;FINALIZADO;FINALIZADO;;;-;CO;NORMAL
20/05/2026;21/05/2026;260521-000399;EXTRAVIO ;BRAGA;B40;MANAUS;AM;697378;SCB01;NORTEX;14218288;0008110087/0008110089;SIM;23/05/2026 NOTIFICAMOS NORTEX;CARTA ENVIADA;28/05/2026;NÃO LOCALIZADO;FINALIZADO;FINALIZADO;;;-;Norte;NORMAL
20/05/2026;21/05/2026;260521-000402;EXTRAVIO ;BRAGA;B40;MANAUS;AM;697378;SCB01;NORTEX;14218344;0008109603/0008109825/0008109826;SIM;23/05/2026 NOTIFICAMOS NORTEX;CARTA ENVIADA;28/05/2026;NÃO LOCALIZADO;FINALIZADO;FINALIZADO;;;-;Norte;NORMAL
20/05/2026;21/05/2026;260521-000408;EXTRAVIO ;BRAGA;B40;MANAUS;AM;697378;SCB01;NORTEX;14218296;0008109543/0008109544/0008109545;SIM;23/05/2026 NOTIFICAMOS NORTEX;CARTA ENVIADA;28/05/2026;NÃO LOCALIZADO;FINALIZADO;FINALIZADO;;;-;Norte;NORMAL
20/05/2026;21/05/2026;260521-000410;EXTRAVIO ;BRAGA;B40;MANAUS;AM;697378;SCB01;NORTEX;14218315;0008110048/0008110047;SIM;23/05/2026 NOTIFICAMOS NORTEX;CARTA ENVIADA;28/05/2026;NÃO LOCALIZADO;FINALIZADO;FINALIZADO;;;-;Norte;NORMAL
20/05/2026;21/05/2026;260521-000416;EXTRAVIO ;BRAGA;B40;MANAUS;AM;697378;SCB01;NORTEX;14218315;8110075;SIM;23/05/2026 NOTIFICAMOS NORTEX;CARTA ENVIADA;28/05/2026;NÃO LOCALIZADO;FINALIZADO;FINALIZADO;;;-;Norte;NORMAL
22/05/2026;22/05/2026;260522-000240;EXTRAVIO ;GUIAUTO (JOÃO MONLEVADE);D03;JOÃO MONLEVADE;MG;705018;SCB01;XD DIADEMA;14316587;8483484;SIM;22/05/2026 NOTIFICAMOS XD DIADEMA;CARTA ENVIADA;29/05/2026;NÃO LOCALIZADO;FINALIZADO;FINALIZADO;;;-;Sudeste;NORMAL
22/05/2026;22/05/2026;260522-000204;EXTRAVIO ;NOVA DISTRIBUIDORA ;N09;SÃO PAULO ;SP;705695;SCB01;XD DIADEMA;14266715;8283348;SIM;22/05/2026 NOTIFICAMOS XD DIADEMA;CARTA ENVIADA;29/05/2026;NÃO LOCALIZADO;FINALIZADO;FINALIZADO;;;-;Sudeste;NORMAL
22/05/2026;22/05/2026;260522-000189;EXTRAVIO ;NOVA DISTRIBUIDORA ;F51;SÃO PAULO;SP;701421;SCB01;XD DIADEMA;14268500;8283348;SIM;22/05/2026 NOTIFICAMOS XD DIADEMA;CARTA ENVIADA;29/05/2026;NÃO LOCALIZADO;FINALIZADO;FINALIZADO;;;-;Sudeste;NORMAL
22/05/2026;22/05/2026;260522-000169;EXTRAVIO ;SABENAUTO ;T94;BRASILIA ;DF;701667;SCB01;RIO VERMELHO;14277200;8320691/8320690;SIM;22/05/2026 NOTIFICAMOS RIO VERMELHO;CARTA ENVIADA;29/05/2026;NÃO LOCALIZADO;FINALIZADO;FINALIZADO;;;-;CO;NORMAL
22/05/2026;22/05/2026;260522-000035;EXTRAVIO ;BAVEP (BEBEDOURO);L53;BEBEDOURO;SP;684925;SCB01;ALFA;14070352;26460105;SIM;22/05/2026 NOTIFICAMOS ALFA;CARTA ENVIADA;29/05/2026;NÃO LOCALIZADO;FINALIZADO;FINALIZADO;;;-;Sudeste;NORMAL
20/05/2026;22/05/2026;260522-000276;EXTRAVIO ;TUDO (GOIANIA);S16;GOIANIA;GO;704600;SCB01;XD DIADEMA;14309203;8427750;SIM;23/05/2026 - NOTIFICADO A XD DIADEMA;CARTA ENVIADA;29/05/2026;NÃO LOCALIZADO;FINALIZADO;FINALIZADO;;;-;CO;NORMAL
07/05/2026;22/05/2026;260522-000320;EXTRAVIO ;LIRAUTO;L26;BOA VISTA;RR;692345;SCB01;NORTEX;14157450/14163973;7871029/7908333;SIM;23/05/2026 NOTIFICAMOS NORTEX;CARTA ENVIADA;29/05/2026;NÃO LOCALIZADO;FINALIZADO;FINALIZADO;;;-;Norte;NORMAL
07/05/2026;22/05/2026;260522-000329;EXTRAVIO ;CELMAR (ITANHAEM);C90;ITANHAEM;SP;701590;SCB01;OPERAÇÃO SOR;14272695;8309303/8309304/8309305/8309306/;SIM;23/05/2026 - NOTIFICADO OPERAÇÃO SOROCABA;CARTA ENVIADA;29/05/2026;NÃO LOCALIZADO;FINALIZADO;FINALIZADO;;;-;Sudeste;NORMAL
22/05/2026;22/05/2026;260522-000335;EXTRAVIO ;ACCIOLY BARAO DE LIMEIRA;A50;RIO DE JANEIRO;RJ;705040;SCB01;OPERAÇÃO SOR;14271769;0008308032/0008308033/0008308034/0008308035/0008308036/0008308037/0008308059/0008308060/0008308061/0008308062/0008308063/0008308064/0008308071/0008308072/0008308073;SIM;23/05/2026 - NOTIFICADO A CAMILO;CARTA ENVIADA;29/05/2026;NÃO LOCALIZADO;FINALIZADO;FINALIZADO;;;-;Sudeste;NORMAL
20/05/2026;23/05/2026;260523-000026;EXTRAVIO ;NOVA (RIO PRETO);R07;SÃO JOSÉ DO RIO PRETO;SP;701602;SCB01;XD DIADEMA;14271801;8306773;SIM;29/05/2026 - NOTIFICADO A XD DIADEMA ;CARTA ENVIADA;29/05/2026;NÃO LOCALIZADO;FINALIZADO;FINALIZADO;;;-;Sudeste;NORMAL
22/05/2026;25/05/2026;260525-000036;EXTRAVIO ;NOVA (RIBEIRAO PRETO);N17;SÃO JOSÉ DO RIO PRETO;SP;701605;SCB01;XD DIADEMA;14271802;8306585/83071094/8306582/8306785/8306780/83067781/83067789;SIM;29/05/2026 - NOTIFICADO A XD DIADEMA ;CARTA ENVIADA;01/06/2026;NÃO LOCALIZADO;FINALIZADO;FINALIZADO;;;-;Sudeste;NORMAL
18/05/2026;25/05/2026;260525-000108;EXTRAVIO ;PIANNA (LINHARES);J67;LINHARES;ES;238190;GRU01;CAMILO;1317131;2408440;SIM;29/05/2026 - NOTIFICADO A CAMILO;FINALIZADO COMO RESOLVIDO;01/06/2026;LOCALIZADO;FINALIZADO;FINALIZADO;;;-;Sudeste;NORMAL
21/05/2026;25/05/2026;260525-000125;EXTRAVIO ;PIANNA (LINHARES);J67;LINHARES;ES;702366;SCB01;OPERAÇÃO SOR;14282983;8340890;SIM;29/05/2026 - NOTIFICADO A CAMILO;CARTA ENVIADA;01/06/2026;NÃO LOCALIZADO;FINALIZADO;FINALIZADO;;;-;Sudeste;NORMAL
25/05/2026;25/05/2026;260525-000249;EXTRAVIO ;SPASSUS;S66;JUNDIAI;SP;705988;SCB01;XD DIADEMA;14328453;SEM/DADOS/DO/VOLUME;SIM;29/05/2026 - NOTIFICADO A XD DIADEMA ;CARTA ENVIADA;01/06/2026;NÃO LOCALIZADO;FINALIZADO;FINALIZADO;;;-;Sudeste;NORMAL
26/03/2026;25/05/2026;260525-000289;EXTRAVIO ;NOVO RIO (ARAGUAINA);N94;ARAGUAINA;TO;691464;SCB01;RIO VERMELHO;14154507;7863453;SIM;29/05/2026 - NOTIFICADO A RIO VERMELHO;CARTA ENVIADA;01/06/2026;NÃO LOCALIZADO;FINALIZADO;FINALIZADO;;;-;CO;NORMAL
26/03/2026;25/05/2026;260525-000374;EXTRAVIO ;NOVO RIO (ARAGUAINA);N94;ARAGUAINA;TO;691032;SCB01;RIO VERMELHO;14149715;7845735;SIM;29/05/2026 - NOTIFICADO A RIO VERMELHO;CARTA ENVIADA;01/06/2026;NÃO LOCALIZADO;FINALIZADO;FINALIZADO;;;-;CO;NORMAL
25/05/2026;25/05/2026;260525-000416;EXTRAVIO ;JORLAN (BARAO H. DE MELO);J66;BELO HORIZONTE;MG;238684;GRU01;XD MINAS;1318705;2428025;SIM;29/05/2026 - NOTIFICADO A XD BETIM;FINALIZADO COMO RESOLVIDO;01/06/2026;LOCALIZADO;FINALIZADO;FINALIZADO;;;-;Sudeste;NORMAL
25/05/2026;25/05/2026;260525-000419;EXTRAVIO ;JORLAN (BARAO H. DE MELO);J66;BELO HORIZONTE;MG;238735;GRU01;XD MINAS;1319016;2429870;SIM;29/05/2026 - NOTIFICADO A XD BETIM;FINALIZADO COMO RESOLVIDO;01/06/2026;LOCALIZADO;FINALIZADO;FINALIZADO;;;-;Sudeste;NORMAL
20/05/2026;25/05/2026;260525-000438;EXTRAVIO ;NOVA (CAMPINAS) PEÇAS;C04;CAMPINAS ;SP;705122;SCB01;XD DIADEMA;14272198;8311729;SIM;29/05/2026 - NOTIFICADO A XD DIADEMA ;CARTA ENVIADA;01/06/2026;NÃO LOCALIZADO;FINALIZADO;FINALIZADO;;;-;Sudeste;NORMAL
26/05/2026;26/05/2026;260526-000073;EXTRAVIO ;JORLAN (BARAO H. DE MELO);J66;BELO HORIZONTE;MG;238802;GRU01;XD MINAS;1319281;2436451;SIM;29/05/2026 - NOTIFICADO A XD BETIM;FINALIZADO COMO RESOLVIDO;02/06/2026;LOCALIZADO;FINALIZADO;FINALIZADO;;;-;Sudeste;NORMAL
25/05/2026;26/05/2026;260526-000151;EXTRAVIO ;TUDO (GOIANIA);S16;GOIANIA;GO;238749;GRU01;XD DIADEMA;1319128;2433188;SIM;29/05/2026 - NOTIFICADO A XD DIADEMA ;CARTA ENVIADA;02/06/2026;NÃO LOCALIZADO;FINALIZADO;FINALIZADO;;;-;CO;NORMAL
25/05/2026;26/05/2026;260526-000193;EXTRAVIO ;BRAGA;B40;MANAUS ;AM;698520;SCB01;NORTEX;14237501;8178246;SIM;29/05/2026 - NOTIFICADO A NORTEX;CARTA ENVIADA;02/06/2026;NÃO LOCALIZADO;FINALIZADO;FINALIZADO;;;-;Norte;NORMAL
25/05/2026;26/05/2026;260526-000195;EXTRAVIO ;BRAGA;B40;MANAUS;AM;698520;SCB01;NORTEX;14237507;8178246;SIM;29/05/2026 - NOTIFICADO A NORTEX;CARTA ENVIADA;02/06/2026;NÃO LOCALIZADO;FINALIZADO;FINALIZADO;;;-;Norte;NORMAL
26/05/2026;26/05/2026;260526-000362;EXTRAVIO ;COTAC (SUZANO);Y21;MOGI DAS CRUZES;SP;706397;SCB01;XD DIADEMA;14335065;8548243;SIM;29/05/2026 - NOTIFICADO A XD DIADEMA ;CARTA ENVIADA;02/06/2026;NÃO LOCALIZADO;FINALIZADO;FINALIZADO;;;-;Sudeste;NORMAL
27/05/2026;27/05/2026;260527-000009;EXTRAVIO ;NOVA (BELEM) - PECAS;N43;SÃO PAULO;SP;706087;SCB01;XD DIADEMA;14331520;8526356;SIM;29/05/2026 - NOTIFICADO A XD DIADEMA ;CARTA ENVIADA;03/06/2026;NÃO LOCALIZADO;FINALIZADO;FINALIZADO;;;-;Sudeste;NORMAL
22/05/2026;27/05/2026;260527-000047;EXTRAVIO ;VIAMAR (PEREIRA BARRETO);B68;SÃO PAULO ;SP;705711;SCB01;XD DIADEMA;14268353;8290389;SIM;29/05/2026 - NOTIFICADO A XD DIADEMA ;CARTA ENVIADA;03/06/2026;NÃO LOCALIZADO;FINALIZADO;FINALIZADO;;;-;Sudeste;NORMAL
21/05/2026;27/05/2026;260527-000106;EXTRAVIO ;LIDER (RECREIO);L45;RIO DE JANEIRO;RJ;703661;SCB01;CAMILO;14276673;8328132;SIM;29/05/2026 - NOTIFICADO A CAMILO, PREV DE ENTREGA 01/06;FINALIZADO COMO RESOLVIDO;03/06/2026;LOCALIZADO;FINALIZADO;FINALIZADO;;;-;Sudeste;NORMAL
27/05/2026;27/05/2026;260527-000169;EXTRAVIO ;JAVEP (JAU);C14;JAU;SP;705845;SCB01;ALFA;14268318;8288736;SIM;29/05/2026 - NOTIFICADO A ALFA;CARTA ENVIADA;03/06/2026;NÃO LOCALIZADO;FINALIZADO;FINALIZADO;;;-;Sudeste;NORMAL
27/05/2026;27/05/2026;260527-000256;EXTRAVIO ;JORLAN (BARAO H. DE MELO);J66;BELO HORIZONTE;MG;706159;SCB01;XD MINAS;14331457;"8524667/8524668/8524669/8524670/8524671/8535925/8535926/8535927
8535928/8524683/8524684/8524673";SIM;29/05/2026 - NOTIFICADO A XD BETIM;FINALIZADO COMO RESOLVIDO;03/06/2026;LOCALIZADO;FINALIZADO;FINALIZADO;;;-;Sudeste;NORMAL
27/05/2026;27/05/2026;260527-000258;EXTRAVIO ;JORLAN (BARAO H. DE MELO);J66;BELO HORIZONTE;MG;706159;SCB01;XD MINAS;14331868;8537685;SIM;29/05/2026 - NOTIFICADO A XD BETIM;FINALIZADO COMO RESOLVIDO;03/06/2026;LOCALIZADO;FINALIZADO;FINALIZADO;;;-;Sudeste;NORMAL
27/05/2026;27/05/2026;260527-000263;EXTRAVIO ;JORLAN (BARAO H. DE MELO);J66;BELO HORIZONTE;MG;706159;SCB01;XD MINAS;14329423;8537685;SIM;29/05/2026 - NOTIFICADO A XD BETIM;FINALIZADO COMO RESOLVIDO;03/06/2026;LOCALIZADO;FINALIZADO;FINALIZADO;;;-;Sudeste;NORMAL
27/05/2026;28/05/2026;260528-000081;EXTRAVIO ;VIGORITO (ABC);E92;SÃO PAULO;SP;685487;SCB01;XD DIADEMA;14075051;7556728;SIM;29/05/2026 - NOTIFICADO A XD DIADEMA ;CARTA ENVIADA;04/06/2026;NÃO LOCALIZADO;FINALIZADO;FINALIZADO;;;-;Sudeste;NORMAL
28/05/2026;28/05/2026;260528-000152;EXTRAVIO ;METRONORTE (AV JK);L56;LONDRINA;PR;238892;GRU01;OPERAÇÃO GRU;1319289;2436572;SIM;27/06/2026 - NOTIFICAÇÃO ENVIADA EM PLANILHA;CARTA ENVIADA;04/06/2026;NÃO LOCALIZADO;FINALIZADO;FINALIZADO;;;-;Sul;NORMAL
27/05/2026;28/05/2026;260528-000233;EXTRAVIO ;COMERCIAL GURUPI;C31;GURUPI ;TO;701635;SCB01;RIO VERMELHO;14276931;8331347;SIM;29/05/2026 - NOTIFICADO A RIO VERMELHO;CARTA ENVIADA;04/06/2026;NÃO LOCALIZADO;FINALIZADO;FINALIZADO;;;-;CO;NORMAL
27/05/2026;28/05/2026;260528-000240;EXTRAVIO ;TUDO (GOIANIA);S16;GOIANIA;GO;706307;SCB01;XD DIADEMA;14331516;8537284;SIM;29/05/2026 - NOTIFICADO A XD DIADEMA ;CARTA ENVIADA;04/06/2026;NÃO LOCALIZADO;FINALIZADO;FINALIZADO;;;-;CO;NORMAL
28/05/2026;28/05/2026;260528-000316;EXTRAVIO ;NOVA (BELEM) - PECAS;N43;SÃO PAULO ;SP;707143;SCB01;XD DIADEMA;14340563;8563183;SIM;29/05/2026 - NOTIFICADO A XD DIADEMA ;CARTA ENVIADA;04/06/2026;NÃO LOCALIZADO;FINALIZADO;FINALIZADO;;;-;Sudeste;NORMAL
26/05/2026;28/05/2026;260528-000318;EXTRAVIO ;GRAMARCA (VARZEA GRANDE);G22;VARZEA GRANDE;MT;238642;GRU01;CARVALIMA;1318853;2428563;SIM;29/05/2026 - NOTIFICADO A CARVALIMA;FINALIZADO COMO RESOLVIDO;04/06/2026;LOCALIZADO;FINALIZADO;FINALIZADO;;;-;CO;NORMAL
28/05/2026;29/05/2026;260529-000208;EXTRAVIO ;JORLAN (BARAO H. DE MELO);J66;BELO HORIZONTE ;MG;706361;SCB01;XD MINAS;14334860;8547819;SIM;01/06/2026 - NOTIFICADO A XD BETIM;FINALIZADO COMO RESOLVIDO;05/06/2026;LOCALIZADO;FINALIZADO;FINALIZADO;;;-;Sudeste;NORMAL
29/05/2026;29/05/2026;260529-000215;EXTRAVIO ;JORLAN (BARAO H. DE MELO);J66;BELO HORIZONTE;MG;706613;SCB01;XD MINAS;14335449;8554980/0008495073/0008546932/0008566185;SIM;01/06/2026 - NOTIFICADO A XD BETIM;FINALIZADO COMO RESOLVIDO;05/06/2026;LOCALIZADO;FINALIZADO;FINALIZADO;;;-;Sudeste;NORMAL
29/05/2026;29/05/2026;260529-000217;EXTRAVIO ;JORLAN (BARAO H. DE MELO);J66;BELO HORIZONTE;MG;706613;SCB01;XD MINAS;14333264;8495073;SIM;01/06/2026 - NOTIFICADO A XD BETIM;FINALIZADO COMO RESOLVIDO;05/06/2026;LOCALIZADO;FINALIZADO;FINALIZADO;;;-;Sudeste;NORMAL
29/05/2026;29/05/2026;260529-000218;EXTRAVIO ;JORLAN (BARAO H. DE MELO);J66;BELO HORIZONTE ;MG;706613;SCB01;XD MINAS;14337705;8566185;SIM;01/06/2026 - NOTIFICADO A XD BETIM;CARTA ENVIADA;05/06/2026;NÃO LOCALIZADO;FINALIZADO;FINALIZADO;;;-;Sudeste;NORMAL
29/05/2026;29/05/2026;260529-000219;EXTRAVIO ;JORLAN (BARAO H. DE MELO);J66;BELO HORIZONTE ;MG;706613;SCB01;XD MINAS;14335443;8546932;SIM;01/06/2026 - NOTIFICADO A XD BETIM;FINALIZADO COMO RESOLVIDO;05/06/2026;LOCALIZADO;FINALIZADO;FINALIZADO;;;-;Sudeste;NORMAL
29/05/2026;29/05/2026;260529-000249;EXTRAVIO ;GRANDE MINAS (PAMPULHA);F51;CONTAGEM;MG;238913;GRU01;XD MINAS;1319427;2438630;SIM;01/06/2026 - NOTIFICADO A XD BETIM;FINALIZADO COMO RESOLVIDO;05/06/2026;LOCALIZADO;FINALIZADO;FINALIZADO;;;-;Sudeste;NORMAL
28/05/2026;29/05/2026;260529-000261;EXTRAVIO ;JORLAN (GOIANIA);J23;GOIANIA;GO;706486;SCB01;XD DIADEMA;14336246;8556451;SIM;01/06/2026 - NOTIFICADO A XD DIADEMA ;CARTA ENVIADA;05/06/2026;NÃO LOCALIZADO;FINALIZADO;FINALIZADO;;;-;CO;NORMAL
28/05/2026;29/05/2026;260529-000264;EXTRAVIO ;JORLAN (GOIANIA);J23;GOIANIA;GO;706486;SCB01;XD DIADEMA;14336245;86026265;SIM;01/06/2026 - NOTIFICADO A XD DIADEMA ;CARTA ENVIADA;05/06/2026;NÃO LOCALIZADO;FINALIZADO;FINALIZADO;;;-;CO;NORMAL
28/05/2026;29/05/2026;260529-000268;EXTRAVIO ;JORLAN (GOIANIA);J23;GOIANIA;GO;706586;SCB01;XD DIADEMA;14336240;8556448;SIM;01/06/2026 - NOTIFICADO A XD DIADEMA ;CARTA ENVIADA;05/06/2026;NÃO LOCALIZADO;FINALIZADO;FINALIZADO;;;-;CO;NORMAL
29/05/2026;29/05/2026;260529-000297;EXTRAVIO ;SULPAVE;S54;REGISTRO;SP;707061;SCB01;XD DIADEMA;14342895;8580047;SIM;01/06/2026 - NOTIFICADO A XD DIADEMA ;CARTA ENVIADA;05/06/2026;NÃO LOCALIZADO;FINALIZADO;FINALIZADO;;;-;Sudeste;NORMAL
29/05/2026;29/05/2026;260529-000300;EXTRAVIO ;SULPAVE;S54;REGISTRO;SP;707061;SCB01;XD DIADEMA;14343041;8580163;SIM;01/06/2026 - NOTIFICADO A XD DIADEMA ;CARTA ENVIADA;05/06/2026;NÃO LOCALIZADO;FINALIZADO;FINALIZADO;;;-;Sudeste;NORMAL
28/05/2026;29/05/2026;260529-000334;EXTRAVIO ;CIVESA;C20;ARARAS;SP;704958;SCB01;ALFA;14259426;0008247750/0008247751;SIM;01/06/2026 - NOTIFICADO A ALFA;CARTA ENVIADA;05/06/2026;NÃO LOCALIZADO;FINALIZADO;FINALIZADO;;;-;Sudeste;NORMAL
29/05/2026;01/06/2026;260601-000193;EXTRAVIO ;CIVESA;C20;ARARAS;SP;705547;SCB01;ALFA;14324208;8492752;SIM;02/06/2026 - NOTIFICADO A ALFA;CARTA ENVIADA;08/06/2026;NÃO LOCALIZADO;FINALIZADO;FINALIZADO;;;-;Sudeste;NORMAL
29/05/2026;01/06/2026;260601-000336;EXTRAVIO ;TUDO (GOIANIA);S16;GOIANIA;GO;238835;GRU01;XD DIADEMA;1319434;2438720/2438721/2438722/2438723;SIM;02/06/2026 - NOTIFICADO A XD DIADEMA;CARTA ENVIADA;08/06/2026;NÃO LOCALIZADO;FINALIZADO;FINALIZADO;;;-;CO;NORMAL
01/06/2026;01/06/2026;260601-000358;EXTRAVIO ;GRAMARCA (VARZEA GRANDE);G22;VARZEA GRANDE;MT;706508;SCB01;CARVALIMA;14334855;0008545029/0008545030;SIM;02/06/2026 - NOTIFICADO A CARVALIMA;CARTA ENVIADA;08/06/2026;NÃO LOCALIZADO;FINALIZADO;FINALIZADO;;;-;CO;NORMAL
07/05/2026;01/06/2026;260601-000397;EXTRAVIO ;SABENAUTO (PORTO VELHO);U15;PORTO VELHO ;RO;700894;SCB01;CARVALIMA;14259173;8256664;SIM;02/06/2026 - NOTIFICADO A CARVALIMA;CARTA ENVIADA;08/06/2026;NÃO LOCALIZADO;FINALIZADO;FINALIZADO;;;-;Norte;NORMAL
01/06/2026;01/06/2026;260601-000400;EXTRAVIO ;GRANDE MINAS (PAMPULHA);F51;CONTAGEM;MG;707417;SCB01;XD MINAS;14344971;8586567;SIM;02/06/2026 - NOTIFICADO A XD BETIM;FINALIZADO COMO RESOLVIDO;08/06/2026;LOCALIZADO;FINALIZADO;FINALIZADO;;;-;Sudeste;NORMAL
27/05/2026;02/06/2026;260602-000307;EXTRAVIO ;VESSA (VILA VELHA);B15;VILA VELHA;ES;238698;GRU01;CAMILO;1318560;2423147;SIM;02/06/2026 - NOTIFICADO A CAMILO;CARTA ENVIADA;09/06/2026;NÃO LOCALIZADO;FINALIZADO;FINALIZADO;;;-;Sudeste;NORMAL
27/05/2026;02/06/2026;260602-000306;EXTRAVIO ;VESSA (VILA VELHA);B15;VILA VELHA;ES;705603;SCB01;CAMILO;14315142;8472057;SIM;02/06/2026 - NOTIFICADO A CAMILO;CARTA ENVIADA;09/06/2026;NÃO LOCALIZADO;FINALIZADO;FINALIZADO;;;-;Sudeste;NORMAL
01/06/2026;02/06/2026;260602-000285;EXTRAVIO ;NOVA (SANTO AMARO);N09;SÃO PAULO;SP;707705;SCB01;OPERAÇÃO SOR;14350352;8614669;SIM;02/06/2026 - NOTIFICADO A XD DIADEMA;CARTA ENVIADA;09/06/2026;NÃO LOCALIZADO;FINALIZADO;FINALIZADO;;;-;Sudeste;NORMAL
05/05/2026;02/06/2026;260602-000271;EXTRAVIO ;VESSA (VILA VELHA);B15;VILA VELHA;ES;700714;SCB01;CAMILO;14264353;8278512;SIM;02/06/2026 - NOTIFICADO A CAMILO;CARTA ENVIADA;09/06/2026;NÃO LOCALIZADO;FINALIZADO;FINALIZADO;;;-;Sudeste;NORMAL
05/05/2026;02/06/2026;260602-000267;EXTRAVIO ;VESSA (VILA VELHA);B15;VILA VELHA;ES;237477;GRU01;CAMILO;1314566;2387137;SIM;02/06/2026 - NOTIFICADO A CAMILO;CARTA ENVIADA;09/06/2026;NÃO LOCALIZADO;FINALIZADO;FINALIZADO;;;-;Sudeste;NORMAL
01/06/2026;02/06/2026;260602-000266;EXTRAVIO ;VESSA (VILA VELHA);B15;VILA VELHA;ES;237477;GRU01;CAMILO;1314566;2387137;NÃO;02/06/2026 - NOTIFICADO A CAMILO;CARTA ENVIADA;09/06/2026;NÃO LOCALIZADO;FINALIZADO;FINALIZADO;;;-;Sudeste;NORMAL
07/05/2026;02/06/2026;260602-000265;EXTRAVIO ;VESSA (VILA VELHA);B15;VILA VELHA;ES;237866;GRU01;CAMILO;1315675;2395713;SIM;02/06/2026 - NOTIFICADO A CAMILO;CARTA ENVIADA;09/06/2026;NÃO LOCALIZADO;FINALIZADO;FINALIZADO;;;-;Sudeste;NORMAL
07/05/2026;02/06/2026;260602-000262;EXTRAVIO ;VESSA (VILA VELHA);B15;VILA VELHA;ES;237866;GRU01;CAMILO;1315678;2395712;SIM;02/06/2026 - NOTIFICADO A CAMILO;CARTA ENVIADA;09/06/2026;NÃO LOCALIZADO;FINALIZADO;FINALIZADO;;;-;Sudeste;NORMAL
06/05/2026;02/06/2026;260602-000225;EXTRAVIO ;CARRERA (OSASCO);J63;OSASCO;SP;702995;SCB01;XD DIADEMA;14292141;26295717;SIM;02/06/2026 - NOTIFICADO A XD DIADEMA;CARTA ENVIADA;09/06/2026;NÃO LOCALIZADO;FINALIZADO;FINALIZADO;;;-;Sudeste;NORMAL
06/05/2026;02/06/2026;260602-000222;EXTRAVIO ;CARRERA (OSASCO);J63;OSASCO;SP;701926;SCB01;XD DIADEMA;14278915;8338962;SIM;02/06/2026 - NOTIFICADO A XD DIADEMA;CARTA ENVIADA;09/06/2026;NÃO LOCALIZADO;FINALIZADO;FINALIZADO;;;-;Sudeste;NORMAL
06/05/2026;02/06/2026;260602-000218;EXTRAVIO ;CARRERA (OSASCO);J63;OSASCO;SP;701372;SCB01;XD DIADEMA;14276009;8325016;SIM;02/06/2026 - NOTIFICADO A XD DIADEMA;CARTA ENVIADA;09/06/2026;NÃO LOCALIZADO;FINALIZADO;FINALIZADO;;;-;Sudeste;NORMAL
06/05/2026;02/06/2026;260602-000216;EXTRAVIO ;CARRERA (OSASCO);J63;OSASCO;SP;701372;SCB01;XD DIADEMA;14276009;8325010;SIM;02/06/2026 - NOTIFICADO A XD DIADEMA;CARTA ENVIADA;09/06/2026;NÃO LOCALIZADO;FINALIZADO;FINALIZADO;;;-;Sudeste;NORMAL
29/05/2026;02/06/2026;260602-000211;EXTRAVIO ;JORLAN (GOIANIA);J23;GOIANIA;GO;706857;SCB01;XD DIADEMA;14337498;8561492;SIM;02/06/2026 - NOTIFICADO A XD DIADEMA;CARTA ENVIADA;09/06/2026;NÃO LOCALIZADO;FINALIZADO;FINALIZADO;;;-;CO;NORMAL
01/06/2026;02/06/2026;260602-000138;EXTRAVIO ;AUTUS (AFONSO PENA);X44;PATROCINIO;MG;707107;SCB01;XD MINAS;14340219;8572558/8572559;SIM;02/06/2026 - NOTIFICADO A XD BETIM;FINALIZADO COMO RESOLVIDO;09/06/2026;LOCALIZADO;FINALIZADO;FINALIZADO;;;-;Sudeste;NORMAL
29/05/2026;02/06/2026;260602-000044;EXTRAVIO ;AUTUS (AFONSO PENA);X44;UBERLANDIA;MG;707108;SCB01;XD MINAS;14340194;8572562;SIM;02/06/2026 - NOTIFICADO A XD BETIM;FINALIZADO COMO RESOLVIDO;09/06/2026;LOCALIZADO;FINALIZADO;FINALIZADO;;;-;Sudeste;NORMAL
29/05/2026;02/06/2026;260602-000334;EXTRAVIO ;JAVEP (JAU);C14;SÃO CARLOS;SP;704970;SCB01;ALFA;14259427;8248204;SIM;03/06/2026 - NOTIFICADO A ALFA;CARTA ENVIADA;09/06/2026;NÃO LOCALIZADO;FINALIZADO;FINALIZADO;;;-;Sudeste;NORMAL
29/05/2026;02/06/2026;260602-000341;EXTRAVIO ;JAVEP (JAU);C14;SÃO CARLOS;SP;703507;SCB01;ALFA;14295596;8408670;SIM;03/06/2026 - NOTIFICADO A ALFA;CARTA ENVIADA;09/06/2026;NÃO LOCALIZADO;FINALIZADO;FINALIZADO;;;-;Sudeste;NORMAL
02/06/2026;02/06/2026;260602-000352;EXTRAVIO ;LIDER (RECREIO);L45;RIO DE JANEIRO;RJ;707333;SCB01;CAMILO;14340597;8566684;SIM;03/06/2026 - NOTIFICADO A CAMILO;CARTA ENVIADA;09/06/2026;NÃO LOCALIZADO;FINALIZADO;FINALIZADO;;;-;Sudeste;NORMAL
02/06/2026;02/06/2026;260602-000374;EXTRAVIO ;SULPAVE;S54;REGISTRO;SP;708108;SCB01;XD DIADEMA;14353040;93205290;SIM;03/06/2026 - NOTIFICADO A XD DIADEMA;CARTA ENVIADA;09/06/2026;NÃO LOCALIZADO;FINALIZADO;FINALIZADO;;;-;Sudeste;NORMAL
01/06/2026;02/06/2026;260602-000382;EXTRAVIO ;GRAMARCA (VARZEA GRANDE);G22;VARZEA GRANDE;MT;706505;SCB01;CARVALIMA;14336251;8556449;SIM;03/06/2026 - NOTIFICADO A CARVALIMA;CARTA ENVIADA;09/06/2026;NÃO LOCALIZADO;FINALIZADO;FINALIZADO;;;-;CO;NORMAL
02/06/2026;02/06/2026;260602-000383;EXTRAVIO ;GRANDE MINAS (PAMPULHA);F51;CONTAGEM;MG;707584;SCB01;XD MINAS;14347672;8586664/8605921;SIM;03/06/2026 - NOTIFICADO A XD BETIM;FINALIZADO COMO RESOLVIDO;09/06/2026;LOCALIZADO;FINALIZADO;FINALIZADO;;;-;Sudeste;NORMAL
01/06/2026;02/06/2026;260602-000385;EXTRAVIO ;GRAMARCA (VARZEA GRANDE);G22;VARZEA GRANDE;MT;706505;SCB01;CARVALIMA;14336247;0008556450/0008556703;SIM;03/06/2026 - NOTIFICADO A CARVALIMA;CARTA ENVIADA;09/06/2026;NÃO LOCALIZADO;FINALIZADO;FINALIZADO;;;-;CO;NORMAL
02/06/2026;02/06/2026;260602-000387;EXTRAVIO ;ABSOLUTA (DIREITOS HUMANOS);D97;SÃO PAULO ;SP;708070;SCB01;XD DIADEMA;14352030;8614810;SIM;03/06/2026 - NOTIFICADO A XD DIADEMA;CARTA ENVIADA;09/06/2026;NÃO LOCALIZADO;FINALIZADO;FINALIZADO;;;-;Sudeste;NORMAL
02/06/2026;02/06/2026;260602-000426;EXTRAVIO ;NOVA (SANTO AMARO);N09;SÃO PAULO;SP;708178;SCB01;XD DIADEMA;14353887;8614883;SIM;03/06/2026 - NOTIFICADO A XD DIADEMA;CARTA ENVIADA;09/06/2026;NÃO LOCALIZADO;FINALIZADO;FINALIZADO;;;-;Sudeste;NORMAL
02/06/2026;02/06/2026;260602-000430;EXTRAVIO ;NOVA (SANTO AMARO);N09;SÃO PAULO;SP;708104;SCB01;XD DIADEMA;14352224;8614880;SIM;03/06/2026 - NOTIFICADO A XD DIADEMA;CARTA ENVIADA;09/06/2026;NÃO LOCALIZADO;FINALIZADO;FINALIZADO;;;-;Sudeste;NORMAL
28/05/2026;02/06/2026;260602-000469;EXTRAVIO ;WEST MOTORS (PIRACICABA);W25;PIRACICABANA;SP;705575;SCB01;ALFA;14320777;8500976;SIM;03/06/2026 - NOTIFICADO A ALFA;CARTA ENVIADA;09/06/2026;NÃO LOCALIZADO;FINALIZADO;FINALIZADO;;;-;Sudeste;NORMAL
02/06/2026;03/06/2026;260603-000018;EXTRAVIO ;JORLAN (GOIANIA);J23;GOIANIA;GO;706295;SCB01;XD DIADEMA;14277248;85056448;SIM;03/06/2026 - NOTIFICADO A XD DIADEMA;FINALIZADO COMO RESOLVIDO;10/06/2026;LOCALIZADO;FINALIZADO;FINALIZADO;;;-;CO;NORMAL
01/06/2026;03/06/2026;260603-000241;EXTRAVIO ;JORLAN (BARAO H. DE MELO);J66;BELO HORIZONTE;MG;707590;SCB01;XD MINAS;14348440;8597292;SIM;03/06/2026 - NOTIFICADO A XD BETIM;FINALIZADO COMO RESOLVIDO;10/06/2026;LOCALIZADO;FINALIZADO;FINALIZADO;;;-;Sudeste;NORMAL
03/06/2026;03/06/2026;260603-000245;EXTRAVIO ;JORLAN (BARAO H. DE MELO);J66;BELO HORIZONTE;MG;708399;SCB01;XD MINAS;14355623;86015330;SIM;03/06/2026 - NOTIFICADO A XD BETIM;FINALIZADO COMO RESOLVIDO;10/06/2026;LOCALIZADO;FINALIZADO;FINALIZADO;;;-;Sudeste;NORMAL
03/06/2026;03/06/2026;260603-000248;EXTRAVIO ;JORLAN (BARAO H. DE MELO);J66;BELO HORIZONTE;MG;708399;SCB01;XD MINAS;14351820;8622247;SIM;03/06/2026 - NOTIFICADO A XD BETIM;FINALIZADO COMO RESOLVIDO;10/06/2026;LOCALIZADO;FINALIZADO;FINALIZADO;;;-;Sudeste;NORMAL
02/03/2026;03/06/2026;260603-000270;EXTRAVIO ;GRAMARCA (VARZEA GRANDE);G22;VARZEA GRANDE;MT;707262;SCB01;CARVALIMA;14344114;8590016;SIM;05/06/2026 - NOTIFICADO A CARVALIMA;FINALIZADO COMO RESOLVIDO;10/06/2026;LOCALIZADO;FINALIZADO;FINALIZADO;;;-;CO;NORMAL
02/03/2026;03/06/2026;260603-000273;EXTRAVIO ;GRAMARCA (VARZEA GRANDE);G22;VARZEA GRANDE;MT;707262;SCB01;CARVALIMA;14344416;86026220/0008590071/0008590016;SIM;05/06/2026 - NOTIFICADO A CARVALIMA;CARTA ENVIADA;10/06/2026;NÃO LOCALIZADO;FINALIZADO;FINALIZADO;;;-;CO;NORMAL
28/05/2026;03/06/2026;260603-000292;EXTRAVIO ;PRIMARCA (ENPV BARALDI);P71;SÃO PAULO;SP;707057;SCB01;XD DIADEMA;14342941;8580378;SIM;05/06/2026 - NOTIFICADO A XD DIADEMA;FINALIZADO COMO RESOLVIDO;10/06/2026;LOCALIZADO;FINALIZADO;FINALIZADO;;;-;Sudeste;NORMAL
02/06/2026;03/06/2026;260603-000299;EXTRAVIO ;NOVA (BELEM) - PECAS;N43;SÃO PAULO;SP;708127;SCB01;XD DIADEMA;14354858;8624169;SIM;05/06/2026 - NOTIFICADO A XD DIADEMA;FINALIZADO COMO RESOLVIDO;10/06/2026;LOCALIZADO;FINALIZADO;FINALIZADO;;;-;Sudeste;NORMAL
27/05/2026;03/06/2026;260603-000347;EXTRAVIO ;STEFANINI ;W25;CAPIVARI;SP;705861;SCB01;ALFA;14328008;8521814;SIM;05/06/2026 - NOTIFICADO A ALFA;CARTA ENVIADA;10/06/2026;NÃO LOCALIZADO;FINALIZADO;FINALIZADO;;;-;Sudeste;NORMAL
05/05/2026;05/06/2026;260605-000127;EXTRAVIO ;JORLAN (BARAO H. DE MELO);J66;BELO HORIZONTE ;MG;239049;GRU01;OPERAÇÃO GRU;1319928;2447530;SIM;08/06/2026 - NOTIFICADO A XD BETIM;CARTA ENVIADA;12/06/2026;NÃO LOCALIZADO;FINALIZADO;FINALIZADO;;;-;Sudeste;NORMAL
05/06/2026;05/06/2026;260605-000128;EXTRAVIO ;JORLAN (BARAO H. DE MELO);J66;BELO HORIZONTE ;MG;708202;SCB01;XD MINAS;14354826;8597669;SIM;08/06/2026 - NOTIFICADO A XD BETIM;FINALIZADO COMO RESOLVIDO;12/06/2026;LOCALIZADO;FINALIZADO;FINALIZADO;;;-;Sudeste;NORMAL
05/06/2026;05/06/2026;260605-000129;EXTRAVIO ;JORLAN (BARAO H. DE MELO);J66;BELO HORIZONTE;MG;708200;SCB01;XD MINAS;14354772;8606589;SIM;08/06/2026 - NOTIFICADO A XD BETIM;FINALIZADO COMO RESOLVIDO;12/06/2026;LOCALIZADO;FINALIZADO;FINALIZADO;;;-;Sudeste;NORMAL
05/06/2026;05/06/2026;260605-000130;EXTRAVIO ;JORLAN (BARAO H. DE MELO);J66;BELO HORIZONTE ;MG;7082200;SCB01;XD MINAS;14354226;8606595;SIM;08/06/2026 - NOTIFICADO A XD BETIM;FINALIZADO COMO RESOLVIDO;12/06/2026;LOCALIZADO;FINALIZADO;FINALIZADO;;;-;Sudeste;NORMAL
03/06/2026;05/06/2026;260605-000142;EXTRAVIO ;ACCIOLY BARAO DE LIMEIRA;A50;RIO DE JANEIRO;RJ;707470;SCB01;CAMILO;14343528;707470;SIM;08/06/2026 - NOTIFICADO A CAMILO;CARTA ENVIADA;12/06/2026;NÃO LOCALIZADO;FINALIZADO;FINALIZADO;;;-;Sudeste;NORMAL
03/06/2026;05/06/2026;260605-000150;EXTRAVIO ;ACCIOLY BARAO DE LIMEIRA;A50;RIO DE JANEIRO;RJ;707470;SCB01;CAMILO;14343529;707470;SIM;08/06/2026 - NOTIFICADO A CAMILO;CARTA ENVIADA;12/06/2026;NÃO LOCALIZADO;FINALIZADO;FINALIZADO;;;-;Sudeste;NORMAL
29/05/2026;05/06/2026;260605-000183;EXTRAVIO ;AUTUS (AFONSO PENA);X44;UBERABA;MG;707110;SCB01;XD MINAS;14340205;8572560;SIM;08/06/2026 - NOTIFICADO A XD BETIM;FINALIZADO COMO RESOLVIDO;12/06/2026;LOCALIZADO;FINALIZADO;FINALIZADO;;;-;Sudeste;NORMAL
03/06/2026;05/06/2026;260605-000217;EXTRAVIO ;COTAC (SUZANO);Y21;MOGI DAS CRUZES;SP;708471;SCB01;XD DIADEMA;14356347;8646551;SIM;08/06/2026 - NOTIFICADO A XD DIADEMA;CARTA ENVIADA;12/06/2026;NÃO LOCALIZADO;FINALIZADO;FINALIZADO;;;-;Sudeste;NORMAL
05/06/2026;05/06/2026;260605-000230;EXTRAVIO ;ACCIOLY BARAO DE LIMEIRA;A50;RIO DE JANEIRO;RJ;707875;SCB01;CAMILO;14345092;707875;SIM;08/06/2026 - NOTIFICADO A CAMILO;CARTA ENVIADA;12/06/2026;NÃO LOCALIZADO;FINALIZADO;FINALIZADO;;;-;Sudeste;NORMAL
03/06/2026;05/06/2026;260605-000028;EXTRAVIO ;GRAMARCA (VARZEA GRANDE);G22;VARZEA GRANDE;MT;706911;SCB01;CARVALIMA;14340870;8578272;SIM;08/06/2026 - NOTIFICADO A CARVALIMA;FINALIZADO COMO RESOLVIDO;12/06/2026;LOCALIZADO;FINALIZADO;FINALIZADO;;;-;CO;NORMAL
01/06/2026;05/06/2026;260605-000057;EXTRAVIO ;TUDO (GOIANIA);S16;GOIANIA;GO;707354;SCB01;XD DIADEMA;14342385;858398/8589626/8589627/8589628/8589929/8589931/8601937/8601940;SIM;08/06/2026 - NOTIFICADO A XD DIADEMA;FINALIZADO COMO RESOLVIDO;12/06/2026;LOCALIZADO;FINALIZADO;FINALIZADO;;;-;CO;NORMAL
03/06/2026;05/06/2026;260605-000059;EXTRAVIO ;ACCIOLY BARAO DE LIMEIRA;A50;RIO DE JANEIRO;RJ;707077;SCB01;CAMILO;14339710;707077;SIM;08/06/2026 - NOTIFICADO A CAMILO;CARTA ENVIADA;12/06/2026;NÃO LOCALIZADO;FINALIZADO;FINALIZADO;;;-;Sudeste;NORMAL
01/06/2026;05/06/2026;260605-000081;EXTRAVIO ;AUTORIO;G52;RIO VERDE ;GO;706287;SCB01;RIO VERMELHO;14333690;8545527;SIM;08/06/2026 - NOTIFICADO A RIO VERMELHO;CARTA ENVIADA;12/06/2026;NÃO LOCALIZADO;FINALIZADO;FINALIZADO;;;-;CO;NORMAL
03/06/2026;05/06/2026;260605-000079;EXTRAVIO ;ACCIOLY BARAO DE LIMEIRA;A50;RIO DE JANEIRO;RJ;707077;SCB01;CAMILO;14339498;707077;SIM;08/06/2026 - NOTIFICADO A CAMILO;CARTA ENVIADA;12/06/2026;NÃO LOCALIZADO;FINALIZADO;FINALIZADO;;;-;Sudeste;NORMAL
05/06/2026;06/06/2026;260606-000029;EXTRAVIO ;JORLAN (GOIANIA);J23;GOIANIA;GO;239000;GRU01;XD DIADEMA;1319706;2442827/2442840/2442841/2442844/2442845/2442846/2442847/2442848/2442849/2442850;SIM;08/06/2026 - NOTIFICADO A XD DIADEMA;FINALIZADO COMO RESOLVIDO;12/06/2026;LOCALIZADO;FINALIZADO;FINALIZADO;;;-;CO;NORMAL
05/06/2026;06/06/2026;260606-000030;EXTRAVIO ;JORLAN (GOIANIA);J23;GOIANIA;GO;239039;GRU01;XD DIADEMA;1319872;2447434;SIM;08/06/2026 - NOTIFICADO A XD DIADEMA;CARTA ENVIADA;12/06/2026;NÃO LOCALIZADO;FINALIZADO;FINALIZADO;;;-;CO;NORMAL
05/06/2026;06/06/2026;260606-000031;EXTRAVIO ;JORLAN (GOIANIA);J23;GOIANIA;GO;239000;GRU01;XD DIADEMA;1319856;2445920/2445929/2445930/2445931/2445932/2445933;SIM;08/06/2026 - NOTIFICADO A XD DIADEMA;FINALIZADO COMO RESOLVIDO;12/06/2026;LOCALIZADO;FINALIZADO;FINALIZADO;;;-;CO;NORMAL
05/06/2026;06/06/2026;260606-000032;EXTRAVIO ;JORLAN (GOIANIA);J23;GOIANIA;GO;708132;SCB01;XD DIADEMA;14346537;8590263;SIM;08/06/2026 - NOTIFICADO A XD DIADEMA;CARTA ENVIADA;12/06/2026;NÃO LOCALIZADO;FINALIZADO;FINALIZADO;;;-;CO;NORMAL
05/06/2026;06/06/2026;260606-000033;EXTRAVIO ;JORLAN (GOIANIA);J23;GOIANIA;GO;708132;SCB01;XD DIADEMA;14348930;8593113;SIM;08/06/2026 - NOTIFICADO A XD DIADEMA;CARTA ENVIADA;12/06/2026;NÃO LOCALIZADO;FINALIZADO;FINALIZADO;;;-;CO;NORMAL
05/06/2026;06/06/2026;260606-000035;EXTRAVIO ;JORLAN (GOIANIA);J23;GOIANIA;GO;706886;SCB01;XD DIADEMA;14341143;8545624;SIM;08/06/2026 - NOTIFICADO A XD DIADEMA;FINALIZADO COMO RESOLVIDO;12/06/2026;LOCALIZADO;FINALIZADO;FINALIZADO;;;-;CO;NORMAL
05/06/2026;06/06/2026;260606-000036;EXTRAVIO ;JORLAN (GOIANIA);J23;GOIANIA;GO;707346;SCB01;XD DIADEMA;14344059;8557081;SIM;08/06/2026 - NOTIFICADO A XD DIADEMA;FINALIZADO COMO RESOLVIDO;12/06/2026;LOCALIZADO;FINALIZADO;FINALIZADO;;;-;CO;NORMAL
05/06/2026;06/06/2026;260606-000044;EXTRAVIO ;JORLAN (GOIANIA);J23;GOIANIA;GO;707314;SCB01;XD DIADEMA;14344513;8590446/8590447/8590449/8590450/8590453;SIM;08/06/2026 - NOTIFICADO A XD DIADEMA;FINALIZADO COMO RESOLVIDO;12/06/2026;LOCALIZADO;FINALIZADO;FINALIZADO;;;-;CO;NORMAL
05/06/2026;06/06/2026;260606-000045;EXTRAVIO ;JORLAN (GOIANIA);J23;GOIANIA;GO;707314;SCB01;XD DIADEMA;14344513;8590454;SIM;08/06/2026 - NOTIFICADO A XD DIADEMA;CARTA ENVIADA;12/06/2026;NÃO LOCALIZADO;FINALIZADO;FINALIZADO;;;-;CO;NORMAL
05/06/2026;06/06/2026;260606-000046;EXTRAVIO ;JORLAN (GOIANIA);J23;GOIANIA;GO;707314;SCB01;XD DIADEMA;14343620;86026792;SIM;08/06/2026 - NOTIFICADO A XD DIADEMA;CARTA ENVIADA;12/06/2026;NÃO LOCALIZADO;FINALIZADO;FINALIZADO;;;-;CO;NORMAL
05/06/2026;06/06/2026;260606-000049;EXTRAVIO ;JORLAN (GOIANIA);J23;GOIANIA;GO;707314;SCB01;XD DIADEMA;14344159;8589476/8589477/8589511/8589512/8589513/8589526/8589527/8589528/8589529/8589531;SIM;08/06/2026 - NOTIFICADO A XD DIADEMA;FINALIZADO COMO RESOLVIDO;12/06/2026;LOCALIZADO;FINALIZADO;FINALIZADO;;;-;CO;NORMAL
05/06/2026;06/06/2026;260606-000051;EXTRAVIO ;JORLAN (GOIANIA);J23;GOIANIA;GO;239000;GRU01;XD DIADEMA;1319857;2445922/2445923/2445924/2445926;SIM;08/06/2026 - NOTIFICADO A XD DIADEMA;FINALIZADO COMO RESOLVIDO;12/06/2026;LOCALIZADO;FINALIZADO;FINALIZADO;;;-;CO;NORMAL
26/05/2026;08/06/2026;260608-000037;EXTRAVIO ;VIANORTE (SORRISO);L57;SINOP ;MT;706501;SCB01;CARVALIMA;14334195;8552684;SIM;08/06/2026 - NOTIFICADO A CARVALIMA;CARTA ENVIADA;15/06/2026;NÃO LOCALIZADO;FINALIZADO;FINALIZADO;;;-;CO;NORMAL
30/05/2026;08/06/2026;260608-000042;EXTRAVIO ;VIANORTE (SORRISO);L57;SINOP ;MT;706015;SCB01;CARVALIMA;14328960;8530879;SIM;08/06/2026 - NOTIFICADO A CARVALIMA;CARTA ENVIADA;15/06/2026;NÃO LOCALIZADO;FINALIZADO;FINALIZADO;;;-;CO;NORMAL
05/06/2026;08/06/2026;260608-000083;EXTRAVIO ;NOVA (BELEM) - PECAS;N43;SÃO PAULO;SP;709130;SCB01;XD DIADEMA;14363599;8664309;SIM;08/06/2026 - NOTIFICADO A XD DIADEMA;FINALIZADO COMO RESOLVIDO;15/06/2026;LOCALIZADO;FINALIZADO;FINALIZADO;;;-;Sudeste;NORMAL
03/06/2026;08/06/2026;260608-000127;EXTRAVIO ;GRAMARCA (VARZEA GRANDE);G22;VARZEA GRANDE;MT;706911;SCB01;CARVALIMA;14340870/14340808;8578272/8578266/8578267;SIM;08/06/2026 - NOTIFICADO A CARVALIMA;FINALIZADO COMO RESOLVIDO;15/06/2026;LOCALIZADO;FINALIZADO;FINALIZADO;;;-;CO;NORMAL
03/06/2026;08/06/2026;260608-000131;EXTRAVIO ;GRAMARCA (MIGUEL SUTIL);G21;CUIABA;MT;706506;SCB01;CARVALIMA;14334853;8545027/8545028;SIM;08/06/2026 - NOTIFICADO A CARVALIMA;FINALIZADO COMO RESOLVIDO;15/06/2026;LOCALIZADO;FINALIZADO;FINALIZADO;;;-;CO;NORMAL
05/06/2026;08/06/2026;260608-000179;EXTRAVIO ;AUTORIO;G52;RIO VERDE ;GO;707306;SCB01;RIO VERMELHO;14344510;8589828;SIM;08/06/2026 - NOTIFICADO A RIO VERMELHO;CARTA ENVIADA;15/06/2026;NÃO LOCALIZADO;FINALIZADO;FINALIZADO;;;-;CO;NORMAL
05/06/2026;08/06/2026;260608-000180;EXTRAVIO ;AUTORIO;G52;RIO VERDE ;GO;707339;SCB01;RIO VERMELHO;14342097;8545596;SIM;08/06/2026 - NOTIFICADO A RIO VERMELHO;CARTA ENVIADA;15/06/2026;NÃO LOCALIZADO;FINALIZADO;FINALIZADO;;;-;CO;NORMAL
03/06/2026;08/06/2026;260608-000208;EXTRAVIO ;TUDO (GOIANIA);S16;GOIANIA;GO;239005;GRU01;XD DIADEMA;1319791;2444621;SIM;08/06/2026 - NOTIFICADO A XD DIADEMA;FINALIZADO COMO RESOLVIDO;15/06/2026;LOCALIZADO;FINALIZADO;FINALIZADO;Carga chegou avariada;;-;CO;NORMAL
03/06/2026;08/06/2026;260608-000214;EXTRAVIO ;TUDO (GOIANIA);S16;GOIANIA;GO;707326;SCB01;XD DIADEMA;14342522;8561671/8589866/8589867/8589868/8589889;SIM;08/06/2026 - NOTIFICADO A XD DIADEMA;CARTA ENVIADA;15/06/2026;NÃO LOCALIZADO;FINALIZADO;FINALIZADO;;;-;CO;NORMAL
03/06/2026;08/06/2026;260608-000222;EXTRAVIO ;TUDO (GOIANIA);S16;GOIANIA;GO;707535;SCB01;XD DIADEMA;14346024;8590472/91100227;SIM;08/06/2026 - NOTIFICADO A XD DIADEMA;CARTA ENVIADA;15/06/2026;NÃO LOCALIZADO;FINALIZADO;FINALIZADO;;;-;CO;NORMAL
06/03/2026;08/06/2026;260608-000226;EXTRAVIO ;ACCIOLY BARAO DE LIMEIRA;A50;RIO DE JANEIRO;RJ;689428;SCB01;CAMILO;14120177;0007718993/0007719045;SIM;08/06/2026 - NOTIFICADO A CAMILO;CARTA ENVIADA;15/06/2026;NÃO LOCALIZADO;FINALIZADO;FINALIZADO;;;-;Sudeste;NORMAL
05/06/2026;08/06/2026;260608-000234;EXTRAVIO ;CARRERA (OSASCO);J63;OSASCO;SP;709121;SCB01;XD DIADEMA;14362597;8663152/8663153/8663155;SIM;08/06/2026 - NOTIFICADO A XD DIADEMA;CARTA ENVIADA;15/06/2026;NÃO LOCALIZADO;FINALIZADO;FINALIZADO;;;-;Sudeste;NORMAL
05/06/2026;08/06/2026;260608-000239;EXTRAVIO ;CARRERA (OSASCO);J63;OSASCO;SP;709121;SCB01;XD DIADEMA;14361985;8663164;SIM;08/06/2026 - NOTIFICADO A XD DIADEMA;CARTA ENVIADA;15/06/2026;NÃO LOCALIZADO;FINALIZADO;FINALIZADO;;;-;Sudeste;NORMAL
02/06/2026;08/06/2026;260608-000245;EXTRAVIO ;CARRERA (OSASCO);J63;OSASCO;SP;708173;SCB01;XD DIADEMA;14352161;8615357;SIM;08/06/2026 - NOTIFICADO A XD DIADEMA;CARTA ENVIADA;15/06/2026;NÃO LOCALIZADO;FINALIZADO;FINALIZADO;;;-;Sudeste;NORMAL
05/06/2026;08/06/2026;260608-000282;EXTRAVIO ;JORLAN (GOIANIA);J23;GOIANIA;GO;708146;SCB01;XD DIADEMA;1435838;0008624494/0008624495;SIM;09/06/2026 - NOTIFICADO A XD DIADEMA;CARTA ENVIADA;15/06/2026;NÃO LOCALIZADO;FINALIZADO;FINALIZADO;;;-;CO;NORMAL
05/06/2026;08/06/2026;260608-000283;EXTRAVIO ;JORLAN (GOIANIA);J23;GOIANIA;GO;708146;SCB01;XD DIADEMA;14354601;8624972;SIM;09/06/2026 - NOTIFICADO A XD DIADEMA;CARTA ENVIADA;15/06/2026;NÃO LOCALIZADO;FINALIZADO;FINALIZADO;;;-;CO;NORMAL
05/06/2026;08/06/2026;260608-000285;EXTRAVIO ;JORLAN (GOIANIA);J23;GOIANIA;GO;707915;SCB01;XD DIADEMA;1453054;8624736;SIM;09/06/2026 - NOTIFICADO A XD DIADEMA;CARTA ENVIADA;15/06/2026;NÃO LOCALIZADO;FINALIZADO;FINALIZADO;;;-;CO;NORMAL
05/06/2026;08/06/2026;260608-000287;EXTRAVIO ;JORLAN (GOIANIA);J23;GOIANIA;GO;707915;SCB01;XD DIADEMA;14352523;8625380;SIM;09/06/2026 - NOTIFICADO A XD DIADEMA;CARTA ENVIADA;15/06/2026;NÃO LOCALIZADO;FINALIZADO;FINALIZADO;;;-;CO;NORMAL
05/06/2026;08/06/2026;260608-000288;EXTRAVIO ;JORLAN (GOIANIA);J23;GOIANIA;GO;707915;SCB01;XD DIADEMA;14344413;0008590397/0008590399;SIM;09/06/2026 - NOTIFICADO A XD DIADEMA;CARTA ENVIADA;15/06/2026;NÃO LOCALIZADO;FINALIZADO;FINALIZADO;;;-;CO;NORMAL
05/06/2026;08/06/2026;260608-000316;EXTRAVIO ;JORLAN (GOIANIA);J23;GOIANIA;GO;708146;SCB01;XD DIADEMA;14354172;008590428/008592783;SIM;09/06/2026 - NOTIFICADO A XD DIADEMA;CARTA ENVIADA;15/06/2026;NÃO LOCALIZADO;FINALIZADO;FINALIZADO;;;-;CO;NORMAL
05/06/2026;08/06/2026;260608-000328;EXTRAVIO ;JORLAN (GOIANIA);J23;GOIANIA;GO;708146;SCB01;XD DIADEMA;14354176;8590428;SIM;09/06/2026 - NOTIFICADO A XD DIADEMA;FINALIZADO COMO RESOLVIDO;15/06/2026;LOCALIZADO;FINALIZADO;FINALIZADO;;;-;CO;NORMAL
05/06/2026;08/06/2026;260608-000347;EXTRAVIO ;GRAMARCA (VARZEA GRANDE);G22;VARZEA GRANDE;MT;707626;SCB01;CARVALIMA;14344509;8588305;SIM;09/06/2026 - NOTIFICADO A CARVALIMA;CARTA ENVIADA;15/06/2026;NÃO LOCALIZADO;FINALIZADO;FINALIZADO;;;-;CO;NORMAL
05/06/2026;08/06/2026;260608-000354;EXTRAVIO ;GRAMARCA (VARZEA GRANDE);G22;VARZEA GRANDE;MT;706891;SCB01;CARVALIMA;14337782;8561644;SIM;09/06/2026 - NOTIFICADO A CARVALIMA;FINALIZADO COMO RESOLVIDO;15/06/2026;LOCALIZADO;FINALIZADO;FINALIZADO;;;-;CO;NORMAL
05/06/2026;08/06/2026;260608-000360;EXTRAVIO ;GRAMARCA (VARZEA GRANDE);G22;VARZEA GRANDE;MT;706891;SCB01;CARVALIMA;14337782;8561644;SIM;09/06/2026 - NOTIFICADO A CARVALIMA;FINALIZADO COMO RESOLVIDO;15/06/2026;LOCALIZADO;FINALIZADO;FINALIZADO;;;-;CO;NORMAL
05/06/2026;08/06/2026;260608-000364;EXTRAVIO ;JORLAN (GOIANIA);J23;GOIANIA;GO;707915;SCB01;XD DIADEMA;14351437;8593054;SIM;09/06/2026 - NOTIFICADO A XD DIADEMA;FINALIZADO COMO RESOLVIDO;15/06/2026;LOCALIZADO;FINALIZADO;FINALIZADO;;;-;CO;NORMAL
02/06/2026;08/06/2026;260608-000462;EXTRAVIO ;JAVEP (JAU);C14;SÃO CARLOS ;SP;706989;SCB01;ALFA;14342149;8576989;SIM;09/06/2026 - NOTIFICADO A ALFA;CARTA ENVIADA;15/06/2026;NÃO LOCALIZADO;FINALIZADO;FINALIZADO;;;-;Sudeste;NORMAL
03/06/2026;08/06/2026;260608-000467;EXTRAVIO ;JORLAN (GOIANIA);J23;GOIANIA;GO;707915;SCB01;XD DIADEMA;14351437;8593105;SIM;09/06/2026 - NOTIFICADO A XD DIADEMA;FINALIZADO COMO RESOLVIDO;15/06/2026;LOCALIZADO;FINALIZADO;FINALIZADO;;;-;CO;NORMAL
03/06/2026;09/06/2026;260609-000002;EXTRAVIO ;JORLAN (GOIANIA);J23;GOIANIA;GO;707915;SCB01;XD DIADEMA;14353054;8625002;SIM;09/06/2026 - NOTIFICADO A XD DIADEMA;CARTA ENVIADA;16/06/2026;NÃO LOCALIZADO;FINALIZADO;FINALIZADO;;;-;CO;NORMAL
05/06/2026;09/06/2026;260609-000035;EXTRAVIO ;VIANORTE (SORRISO);L57;SINOP ;MT;706909;SCB01;CARVALIMA;14341509;8583913;SIM;09/06/2026 - NOTIFICADO A CARVALIMA;CARTA ENVIADA;16/06/2026;NÃO LOCALIZADO;FINALIZADO;FINALIZADO;;;-;CO;NORMAL
02/06/2026;09/06/2026;260609-000285;EXTRAVIO ;AUTOCLA;I26;ITUIUTABA;MG;703552;SCB01;XD MINAS;14345489;8596939;SIM;09/06/2026 - NOTIFICADO A XD MINAS;FINALIZADO COMO RESOLVIDO;16/06/2026;LOCALIZADO;FINALIZADO;FINALIZADO;;;-;Sudeste;NORMAL
08/06/2026;09/06/2026;260609-000029;EXTRAVIO ;VIANORTE (SORRISO);L57;SINOP ;MT;708044;SCB01;CARVALIMA;14351436;8620173;SIM;09/06/2026 - NOTIFICADO A CARVALIMA;CARTA ENVIADA;16/06/2026;NÃO LOCALIZADO;FINALIZADO;FINALIZADO;;;-;CO;NORMAL
27/03/2026;09/06/2026;260609-000393;EXTRAVIO ;PEDRAGON (BANDEIRANTES);M76;BRASILIA ;DF;235562;GRU01;XD DIADEMA;1306960;2318648;SIM;09/06/2026 - NOTIFICADO A XD DIADEMA;CARTA ENVIADA;16/06/2026;NÃO LOCALIZADO;FINALIZADO;FINALIZADO;;;-;CO;NORMAL
09/06/2026;09/06/2026;260609-000411;EXTRAVIO ;CODIVE (CAMPINAS);K15;CAMPINAS ;SP;709425;SCB01;XD DIADEMA;14365760;8654492;SIM;09/06/2026 - NOTIFICADO A XD DIADEMA;FINALIZADO COMO RESOLVIDO;16/06/2026;LOCALIZADO;FINALIZADO;FINALIZADO;;;-;Sudeste;NORMAL
09/06/2026;09/06/2026;260609-000412;EXTRAVIO ;CODIVE (CAMPINAS);K15;CAMPINAS ;SP;709425;SCB01;XD DIADEMA;14367377;8654492/8680577/8680585/8680586;SIM;09/06/2026 - NOTIFICADO A XD DIADEMA;FINALIZADO COMO RESOLVIDO;16/06/2026;LOCALIZADO;FINALIZADO;FINALIZADO;;;-;Sudeste;NORMAL
09/06/2026;09/06/2026;260609-000440;EXTRAVIO ;ACCIOLY BARAO DE LIMEIRA;A50;RIO DE JANEIRO;RJ;708715;SCB01;CAMILO;14356802;8638819;SIM;10/06/2026 - NOTIFICADO A CAMILO;CARTA ENVIADA;16/06/2026;NÃO LOCALIZADO;FINALIZADO;FINALIZADO;;;-;Sudeste;NORMAL
09/06/2026;09/06/2026;260609-000445;EXTRAVIO ;ACCIOLY BARAO DE LIMEIRA;A50;RIO DE JANEIRO;RJ;708715;SCB01;CAMILO;14356806/14356808;8638819;SIM;10/06/2026 - NOTIFICADO A CAMILO;CARTA ENVIADA;16/06/2026;NÃO LOCALIZADO;FINALIZADO;FINALIZADO;;;-;Sudeste;NORMAL
09/06/2026;09/06/2026;260609-000512;EXTRAVIO ;SABENAUTO (DPEC CUIABA);C93;CUIABA;MT;706832;SCB01;CARVALIMA;14335847;8557021;SIM;10/06/2026 - NOTIFICADO A CARVALIMA;CARTA ENVIADA;16/06/2026;NÃO LOCALIZADO;FINALIZADO;FINALIZADO;;;-;CO;NORMAL
09/06/2026;09/06/2026;260609-000514;EXTRAVIO ;SABENAUTO (DPEC CUIABA);C93;CUIABA;MT;703463;SCB01;CARVALIMA;14297635;8414263;SIM;10/06/2026 - NOTIFICADO A CARVALIMA;CARTA ENVIADA;16/06/2026;NÃO LOCALIZADO;FINALIZADO;FINALIZADO;;;-;CO;NORMAL
09/06/2026;09/06/2026;260609-000380;EXTRAVIO ;TUDO (GOIANIA);S16;APARECIDA DE GOIANIA;GO;707679;SCB01;RIO VERMELHO;14348293;8607614/8607720/8607722;SIM;16/06/2026 - NOTIFICAÇÃO ENVIADO PARA RIO VERMELHO;CARTA ENVIADA;16/06/2026;NÃO LOCALIZADO;FINALIZADO;FINALIZADO;;;-;CO;NORMAL
03/06/2026;10/06/2026;260610-000348;EXTRAVIO ;CVC (COLATINA);L81;COLATINA ;ES;707882;SCB01;CAMILO;14347162;8597488;SIM;10/06/2026 - NOTIFICADO A CAMILO;CARTA ENVIADA;17/06/2026;NÃO LOCALIZADO;FINALIZADO;FINALIZADO;;;-;Sudeste;NORMAL
03/06/2026;10/06/2026;260610-000031;EXTRAVIO ;PRIMARCA (ENPV BARALDI);P71;SÃO PAULO;SP;239074;GRU01;XD DIADEMA;1320023;2451509;SIM;10/06/2026 - NOTIFICADO A XD DIADEMA;FINALIZADO COMO RESOLVIDO;17/06/2026;LOCALIZADO;FINALIZADO;FINALIZADO;;;-;Sudeste;NORMAL
10/06/2026;10/06/2026;260610-000145;EXTRAVIO ;NOVA (SANTO AMARO);N09;SÃO PAULO;SP;709776;SCB01;XD DIADEMA;14345097;8639654;SIM;11/06/2026 - NOTIFICADO A XD DIADEMA;CARTA ENVIADA;17/06/2026;NÃO LOCALIZADO;FINALIZADO;FINALIZADO;;;-;Sudeste;NORMAL
09/06/2026;11/06/2026;260611-000001;EXTRAVIO ;NOVA (BELEM) - PECAS;N43;SÃO PAULO ;SP;239184;GRU01;XD DIADEMA;1320181;2453946;SIM;11/06/2026 - NOTIFICADO A XD DIADEMA;FINALIZADO COMO RESOLVIDO;18/06/2026;LOCALIZADO;FINALIZADO;FINALIZADO;;;-;Sudeste;NORMAL
10/06/2026;11/06/2026;260611-000003;EXTRAVIO ;NOVA (BELEM) - PECAS;N43;SÃO PAULO ;SP;709779;SCB01;XD DIADEMA;14372173;8698376;SIM;11/06/2026 - NOTIFICADO A XD DIADEMA;FINALIZADO COMO RESOLVIDO;18/06/2026;LOCALIZADO;FINALIZADO;FINALIZADO;;;-;Sudeste;NORMAL
10/06/2026;11/06/2026;260611-000042;EXTRAVIO ;CICAL (RIBEIRAO PRETO);D96;RIBEIRAO PRETO;SP;700349;SCB01;ALFA;14258424;8615497/8450815;SIM;11/06/2026 - NOTIFICADO A ALFA;CARTA ENVIADA;18/06/2026;NÃO LOCALIZADO;FINALIZADO;FINALIZADO;;;-;Sudeste;NORMAL
10/06/2026;11/06/2026;260611-000161;EXTRAVIO ;NOVA (BELEM) - PECAS;N43;SÃO PAULO ;SP;709751;SCB01;XD DIADEMA;14371315;8696444;SIM;11/06/2026 - NOTIFICADO A XD DIADEMA;FINALIZADO COMO RESOLVIDO;18/06/2026;LOCALIZADO;FINALIZADO;FINALIZADO;;;-;Sudeste;NORMAL
11/06/2026;11/06/2026;260611-000208;EXTRAVIO ;JORLAN (GOIANIA);J23;GOIANIA;GO;707666;SCB01;RIO VERMELHO;14347440;8574147;SIM;11/06/2026 - NOTIFICADO A RIO VERMELHO;CARTA ENVIADA;18/06/2026;NÃO LOCALIZADO;FINALIZADO;FINALIZADO;;;-;CO;NORMAL
11/06/2026;11/06/2026;260611-000210;EXTRAVIO ;JORLAN (GOIANIA);J23;GOIANIA;GO;707666;SCB01;RIO VERMELHO;14348608;8610210;SIM;11/06/2026 - NOTIFICADO A RIO VERMELHO;FINALIZADO COMO RESOLVIDO;18/06/2026;LOCALIZADO;FINALIZADO;FINALIZADO;;;-;CO;NORMAL
11/06/2026;11/06/2026;260611-000362;EXTRAVIO ;BAVEP (BEBEDOURO);L53;BEBEDOURO;SP;669854;SCB01;ALFA;13884932;VOLUME/NÃO/MENCIONADO;SIM;NÃO FOI NOTIFICADO;CARTA ENVIADA;18/06/2026;NÃO LOCALIZADO;FINALIZADO;FINALIZADO;;;-;Sudeste;NORMAL
11/06/2026;11/06/2026;260611-000388;EXTRAVIO ;NOVA (SANTO AMARO);N09;SÃO PAULO;SP;239185;GRU01;XD DIADEMA;1320185;2453929;SIM;12/06/2026 - NOTIFICADO A XD DIADEMA;CARTA ENVIADA;18/06/2026;NÃO LOCALIZADO;FINALIZADO;FINALIZADO;;;-;Sudeste;NORMAL
03/06/2026;11/06/2026;260611-000404;EXTRAVIO ;ACCIOLY BARAO DE LIMEIRA;A50;BELO HORIZONTE;MG;707415;SCB01;XD MINAS;14338575;muitos/volumes/;SIM;12/06/2026 - NOTIFICADO A XD MINAS;FINALIZADO COMO RESOLVIDO;18/06/2026;LOCALIZADO;FINALIZADO;FINALIZADO;;;-;Sudeste;NORMAL
12/06/2026;12/06/2026;260612-000220;EXTRAVIO ;JORLAN (BARAO H. DE MELO);J66;BELO HORIZONTE;MG;709976;SCB01;XD MINAS;14374774;8708366/8708372;SIM;12/06/2026 - NOTIFICADO A XD MINAS;FINALIZADO COMO RESOLVIDO;19/06/2026;LOCALIZADO;FINALIZADO;FINALIZADO;;;-;Sudeste;NORMAL
12/06/2026;12/06/2026;260612-000230;EXTRAVIO ;GUIAUTO (IPATINGA);D03;CORONEL FABRICIANO;MG;710635;SCB01;XD MINAS;14377476;8708362;SIM;12/06/2026 - NOTIFICADO A XD MINAS;CARTA ENVIADA;19/06/2026;NÃO LOCALIZADO;FINALIZADO;FINALIZADO;;;-;Sudeste;NORMAL
11/06/2026;12/06/2026;260612-000009;EXTRAVIO ;NOVA (BELEM) - PECAS;N43;SÃO PAULO ;SP;710035;SCB01;XD DIADEMA;14373349;87000628;SIM;12/06/2026 - NOTIFICADO A XD DIADEMA;FINALIZADO COMO RESOLVIDO;19/06/2026;LOCALIZADO;FINALIZADO;FINALIZADO;;;-;Sudeste;NORMAL
08/06/2026;12/06/2026;260612-000028;EXTRAVIO ;AMERICAS (BARRA);F34;RIO DE JANEIRO;RJ;239067;GRU01;XD DIADEMA;1320071;2451764;SIM;12/06/2026 - NOTIFICADO A XD DIADEMA;CARTA ENVIADA;19/06/2026;NÃO LOCALIZADO;FINALIZADO;FINALIZADO;;;-;Sudeste;NORMAL
10/06/2026;12/06/2026;260612-000062;EXTRAVIO ;TUDO (GOIANIA);S16;GOIANIA;GO;708883;SCB01;XD DIADEMA;14361611;8545059/8545060/8662474;SIM;12/06/2026 - NOTIFICADO A XD DIADEMA;CARTA ENVIADA;19/06/2026;NÃO LOCALIZADO;FINALIZADO;FINALIZADO;;;-;CO;NORMAL
10/06/2026;12/06/2026;260612-000082;EXTRAVIO ;TUDO (GOIANIA);S16;GOIANIA;GO;239084;GRU01;XD DIADEMA;1320019;2451743;SIM;12/06/2026 - NOTIFICADO A XD DIADEMA;FINALIZADO COMO RESOLVIDO;19/06/2026;LOCALIZADO;FINALIZADO;FINALIZADO;;;-;CO;NORMAL
09/06/2026;12/06/2026;260612-000141;EXTRAVIO ;ACCIOLY BARAO DE LIMEIRA;A50;RIO DE JANEIRO;RJ;708715;SCB01;CAMILO;14358337;8638260;SIM;12/06/2026 - NOTIFICADO A CAMILO;CARTA ENVIADA;19/06/2026;NÃO LOCALIZADO;FINALIZADO;FINALIZADO;;;-;Sudeste;NORMAL
09/06/2026;12/06/2026;260612-000148;EXTRAVIO ;ACCIOLY BARAO DE LIMEIRA;A50;RIO DE JANEIRO;RJ;708715;SCB01;CAMILO;14359849;8653673;SIM;12/06/2026 - NOTIFICADO A CAMILO;CARTA ENVIADA;19/06/2026;NÃO LOCALIZADO;FINALIZADO;FINALIZADO;;;-;Sudeste;NORMAL
11/06/2026;12/06/2026;260612-000353;EXTRAVIO ;CODIVE (CAMPINAS);K15;CAMPINAS ;SP;709883;SCB01;XD DIADEMA;14371087;8696974/8696975;SIM;16/06/2026 - NOTIFICAÇÃO ENVIADO PARA XD DIADEMA;CARTA ENVIADA;19/06/2026;NÃO LOCALIZADO;FINALIZADO;FINALIZADO;;;-;Sudeste;NORMAL
10/06/2026;12/06/2026;260612-000434;EXTRAVIO ;ACCIOLY BARAO DE LIMEIRA;A50;RIO DE JANEIRO;RJ;709063;SCB01;CAMILO;14363072;8663647;SIM;16/06/2026 - NOTIFICAÇÃO ENVIADO PARA CAMILO;CARTA ENVIADA;19/06/2026;NÃO LOCALIZADO;FINALIZADO;FINALIZADO;;;-;Sudeste;NORMAL
10/06/2026;12/06/2026;260612-000435;EXTRAVIO ;ACCIOLY BARAO DE LIMEIRA;A50;RIO DE JANEIRO;RJ;709063;SCB01;CAMILO;14360018;52015778;SIM;16/06/2026 - NOTIFICAÇÃO ENVIADO PARA CAMILO;CARTA ENVIADA;19/06/2026;NÃO LOCALIZADO;FINALIZADO;FINALIZADO;;;-;Sudeste;NORMAL
11/06/2026;13/06/2026;260613-000043;EXTRAVIO ;TUDO (GOIANIA);S16;APARECIDA DE GOIANIA;GO;708538;SCB01;RIO VERMELHO;14358624;8652498;SIM;16/06/2026 - NOTIFICAÇÃO ENVIADO PARA RIO VERMELHO;CARTA ENVIADA;19/06/2026;NÃO LOCALIZADO;FINALIZADO;FINALIZADO;;;-;CO;NORMAL
10/06/2026;15/06/2026;260615-000160;EXTRAVIO ;ACCIOLY BARAO DE LIMEIRA;A50;RIO DE JANEIRO;RJ;709157;SCB01;CAMILO;14359810;8653834;SIM;16/06/2026 - NOTIFICAÇÃO ENVIADO PARA CAMILO;FINALIZADO COMO RESOLVIDO;22/06/2026;LOCALIZADO;FINALIZADO;FINALIZADO;;;-;Sudeste;NORMAL
10/06/2026;15/06/2026;260615-000166;EXTRAVIO ;ACCIOLY BARAO DE LIMEIRA;A50;RIO DE JANEIRO;RJ;709157;SCB01;CAMILO;14359136;8653835;SIM;16/06/2026 - NOTIFICAÇÃO ENVIADO PARA CAMILO;FINALIZADO COMO RESOLVIDO;22/06/2026;LOCALIZADO;FINALIZADO;FINALIZADO;;;-;Sudeste;NORMAL
10/06/2026;15/06/2026;260615-000195;EXTRAVIO ;ACCIOLY BARAO DE LIMEIRA;A50;RIO DE JANEIRO;RJ;709454;SCB01;CAMILO;14364416;8653601;SIM;16/06/2026 - NOTIFICAÇÃO ENVIADO PARA CAMILO;FINALIZADO COMO RESOLVIDO;22/06/2026;LOCALIZADO;FINALIZADO;FINALIZADO;;;-;Sudeste;NORMAL
05/06/2026;15/06/2026;260615-000199;EXTRAVIO ;STEFANINI ;W25;CAPIVARI;SP;707002;SCB01;ALFA;14340574;8577325;SIM;16/06/2026 - NOTIFICAÇÃO ENVIADO PARA ALFA;CARTA ENVIADA;22/06/2026;NÃO LOCALIZADO;FINALIZADO;FINALIZADO;;;-;Sudeste;NORMAL
12/06/2026;15/06/2026;260615-000300;EXTRAVIO ;JAVEP (JAU);C14;JAU;SP;709619;SCB01;ALFA;14370119;8693717;SIM;16/06/2026 - NOTIFICAÇÃO ENVIADO PARA ALFA;CARTA ENVIADA;22/06/2026;NÃO LOCALIZADO;FINALIZADO;FINALIZADO;;;-;Sudeste;NORMAL
08/05/2026;15/06/2026;260615-000327;EXTRAVIO ;ACCIOLY BARAO DE LIMEIRA;A50;SAO PAULO;SP;702705;SCB01;XD DIADEMA;14289463;0008375181/0008375182;SIM;16/06/2026 - NOTIFICAÇÃO ENVIADO PARA XD DIADEMA;CARTA ENVIADA;22/06/2026;NÃO LOCALIZADO;FINALIZADO;FINALIZADO;;;-;Sudeste;NORMAL
05/06/2026;15/06/2026;260615-000330;EXTRAVIO ;TIGRAO (JI-PARANA);T89;JI PARANA;RO;706044;SCB01;CARVALIMA;14322729;8496301;SIM;16/06/2026 - NOTIFICAÇÃO ENVIADO PARA CARVALIMA;CARTA ENVIADA;22/06/2026;NÃO LOCALIZADO;FINALIZADO;FINALIZADO;;;-;Norte;NORMAL
01/06/2026;15/06/2026;260615-000349;EXTRAVIO ;SABENAUTO (DUQUE DE CAXIAS);U09;DUQUE DE CAXIAS;RJ;707093;SCB01;OPERAÇÃO SOR;14339857;86026580/86026581;SIM;16/06/2026 - NOTIFICAÇÃO ENVIADO PARA CAMILO;CARTA ENVIADA;22/06/2026;NÃO LOCALIZADO;FINALIZADO;FINALIZADO;;;-;Sudeste;NORMAL
09/06/2026;15/06/2026;260615-000365;EXTRAVIO ;TIGRAO (JI-PARANA);T89;JI PARANA;RO;706044;SCB01;CARVALIMA;14322737;8496301;SIM;16/06/2026 - NOTIFICAÇÃO ENVIADO PARA CARVALIMA;CARTA ENVIADA;22/06/2026;NÃO LOCALIZADO;FINALIZADO;FINALIZADO;;;-;Norte;NORMAL
15/06/2026;16/06/2026;260616-000007;EXTRAVIO ;CODIVE (CAMPINAS);K15;CAMPINAS;SP;710583;SCB01;XD DIADEMA;14382949;8740699;SIM;16/06/2026 - NOTIFICAÇÃO ENVIADO PARA XD DIADEMA;CARTA ENVIADA;23/06/2026;NÃO LOCALIZADO;FINALIZADO;FINALIZADO;;;-;Sudeste;NORMAL
15/06/2026;16/06/2026;260616-000010;EXTRAVIO ;CODIVE (CAMPINAS);K15;CAMPINAS;SP;710583;SCB01;XD DIADEMA;14382791;8741019;SIM;16/06/2026 - NOTIFICAÇÃO ENVIADO PARA XD DIADEMA;CARTA ENVIADA;23/06/2026;NÃO LOCALIZADO;FINALIZADO;FINALIZADO;;;-;Sudeste;NORMAL
NÃO FOI ENTREGUE;16/06/2026;260616-000483;EXTRAVIO ;AUTOMEC (AMPARO);M78;AMPARO;SP;704952;SCB01;ALFA;14259430;8247749;SIM;16/06/2026 - NOTIFICAÇÃO ENVIADO PARA ALFA;CARTA ENVIADA;23/06/2026;NÃO LOCALIZADO;FINALIZADO;FINALIZADO;;;-;Sudeste;NORMAL
NÃO FOI ENTREGUE;16/06/2026;260616-000480;EXTRAVIO ;AUTOMEC (AMPARO);M78;AMPARO;SP;704952;SCB01;ALFA;14316533;8481683;SIM;16/06/2026 - NOTIFICAÇÃO ENVIADO PARA ALFA;CARTA ENVIADA;23/06/2026;NÃO LOCALIZADO;FINALIZADO;FINALIZADO;;;-;Sudeste;NORMAL
15/06/2026;16/06/2026;260616-000431;EXTRAVIO ;SABENAUTO (DPEC MANAUS);W93;MANAUS;AM;701670;SCB01;CARVALIMA;14265282;8274470/8274591;SIM;16/06/2026 - NOTIFICAÇÃO ENVIADO PARA CARVALIMA;FINALIZADO COMO RESOLVIDO;23/06/2026;LOCALIZADO;FINALIZADO;FINALIZADO;;;-;Norte;NORMAL
10/06/2026;16/06/2026;260616-000277;EXTRAVIO ;NOVA (RIBEIRAO PRETO);N17;RIBEIRAO PRETO;SP;709650;SCB01;ALFA;14344730;8596664;SIM;27/06/2026 - NOTIFICAÇÃO ENVIADA EM PLANILHA;CARTA ENVIADA;23/06/2026;NÃO LOCALIZADO;FINALIZADO;FINALIZADO;;;-;Sudeste;NORMAL
17/06/2026;17/06/2026;260617-000418;EXTRAVIO ;JORLAN (GOIANIA);J23;GOIANIA;GO;710392;SCB01;XD DIADEMA;14373269;8695508;SIM;22/06/2026 - NOTIFICAÇÃO ENVIADA PARA XD DIADEMA;CARTA ENVIADA;24/06/2026;NÃO LOCALIZADO;FINALIZADO;FINALIZADO;;;-;CO;NORMAL
09/06/2026;17/06/2026;260617-000215;EXTRAVIO ;NOVA (BELEM) - PECAS;N43;SAO BERNARDO DO CAMPO;SP;709434;SCB01;XD DIADEMA;14364461;8664592;SIM;22/06/2026 - NOTIFICAÇÃO ENVIADO PARA XD DIADEMA;CARTA ENVIADA;24/06/2026;NÃO LOCALIZADO;FINALIZADO;FINALIZADO;;;-;Sudeste;NORMAL
16/06/2026;17/06/2026;260617-000132;EXTRAVIO ;SABENAUTO (DPEC FECHADO BRASILIA);T94;BRASILIA ;DF;710175;SCB01;RIO VERMELHO;14377098;8727811;SIM;22/06/2026 - NOTIFICAÇÃO ENVIADA PARA RIO VERMELHO;CARTA ENVIADA;24/06/2026;NÃO LOCALIZADO;FINALIZADO;FINALIZADO;;;-;CO;NORMAL
16/06/2026;17/06/2026;260617-000003;EXTRAVIO ;NOVA (BELEM) - PECAS;N43;SÃO PAULO;SP;710762;SCB01;OPERAÇÃO SOR;14379826;8728529/8728378/;SIM;22/06/2026 - NOTIFICAÇÃO ENVIADO PARA OPERAÇÃO SOROCABA;CARTA ENVIADA;24/06/2026;NÃO LOCALIZADO;FINALIZADO;FINALIZADO;;;-;Sudeste;NORMAL
18/06/2026;18/06/2026;260618-000411;EXTRAVIO ;ACCIOLY BARAO DE LIMEIRA;A50;RIO DE JANEIRO;RJ;710505;SCB01;OPERAÇÃO SOR;14381164;8739947;SIM;22/06/2026 - NOTIFICAÇÃO ENVIADA PARA CAMILO;FINALIZADO COMO RESOLVIDO;25/06/2026;LOCALIZADO;FINALIZADO;FINALIZADO;;;-;Sudeste;NORMAL
18/06/2026;18/06/2026;260618-000400;EXTRAVIO ;ACCIOLY BARAO DE LIMEIRA;A50;RIO DE JANEIRO;RJ;710505;SCB01;OPERAÇÃO SOR;14382639;8740404;SIM;22/06/2026 - NOTIFICAÇÃO ENVIADA PARA CAMILO;Os volumes 8709203 e 8740404 RCC aberta.;25/06/2026;NÃO LOCALIZADO;FINALIZADO;FINALIZADO;;;-;Sudeste;NORMAL
18/06/2026;18/06/2026;260618-000385;EXTRAVIO ;ACCIOLY BARAO DE LIMEIRA;A50;RIO DE JANEIRO;RJ;710505;SCB01;OPERAÇÃO SOR;14377657;8709203;SIM;22/06/2026 - NOTIFICAÇÃO ENVIADA PARA CAMILO;CARTA ENVIADA;25/06/2026;NÃO LOCALIZADO;FINALIZADO;FINALIZADO;;;-;Sudeste;NORMAL
17/06/2026;18/06/2026;260618-000323;EXTRAVIO ;JORLAN (BARAO H. DE MELO);J66;BELO HORIZONTE;MG;710267;SCB01;XD MINAS;14376189;8709511/8709513;SIM;22/06/2026 - NOTIFICAÇÃO ENVIADA PARA XD MINAS;FINALIZADO COMO RESOLVIDO;25/06/2026;LOCALIZADO;FINALIZADO;FINALIZADO;;;-;Sudeste;NORMAL
17/06/2026;18/06/2026;260618-000290;EXTRAVIO ;JORLAN (BARAO H. DE MELO);J66;BELO HORIZONTE;MG;710665;SCB01;XD MINAS;14381358;8739714/8739717;SIM;22/06/2026 - NOTIFICAÇÃO ENVIADA PARA XD MINAS;FINALIZADO COMO RESOLVIDO;25/06/2026;LOCALIZADO;FINALIZADO;FINALIZADO;;;-;Sudeste;NORMAL
17/06/2026;18/06/2026;260618-000288;EXTRAVIO ;JORLAN (BARAO H. DE MELO);J66;BELO HORIZONTE;MG;710665;SCB01;XD MINAS;14381574;8739739/8739742/8739743/8739744/8739749;SIM;22/06/2026 - NOTIFICAÇÃO ENVIADA PARA XD MINAS;FINALIZADO COMO RESOLVIDO;25/06/2026;LOCALIZADO;FINALIZADO;FINALIZADO;;;-;Sudeste;NORMAL
17/06/2026;18/06/2026;260618-000285;EXTRAVIO ;JORLAN (BARAO H. DE MELO);J66;BELO HORIZONTE;MG;710665;SCB01;XD MINAS;14381580;8740482;SIM;22/06/2026 - NOTIFICAÇÃO ENVIADA PARA XD MINAS;FINALIZADO COMO RESOLVIDO;25/06/2026;LOCALIZADO;FINALIZADO;FINALIZADO;;;-;Sudeste;NORMAL
17/06/2026;18/06/2026;260618-000167;EXTRAVIO ;LIDER (RECREIO);L45;RIO DE JANEIRO;RJ;710517;SCB01;CAMILO;14376781;8709543;SIM;22/06/2026 - NOTIFICAÇÃO ENVIADA PARA CAMILO;FINALIZADO COMO RESOLVIDO;25/06/2026;LOCALIZADO;FINALIZADO;FINALIZADO;;;-;Sudeste;NORMAL
16/06/2026;18/06/2026;260618-000166;EXTRAVIO ;LIDER (RECREIO);L45;RIO DE JANEIRO;RJ;710070;SCB01;CAMILO;14373827;8708580;SIM;22/06/2026 - NOTIFICAÇÃO ENVIADA PARA CAMILO;FINALIZADO COMO RESOLVIDO;25/06/2026;LOCALIZADO;FINALIZADO;FINALIZADO;;;-;Sudeste;NORMAL
17/06/2026;18/06/2026;260618-000092;EXTRAVIO ;AUTUS (AFONSO PENA);X44;UBERLANDIA;MG;710645;SCB01;XD MINAS;14381275;8663490;SIM;22/06/2026 - NOTIFICAÇÃO ENVIADA PARA XD MINAS;CARTA ENVIADA;25/06/2026;NÃO LOCALIZADO;FINALIZADO;FINALIZADO;;;-;Sudeste;NORMAL
17/06/2026;18/06/2026;260618-000007;EXTRAVIO ;NOVA (BELEM) - PECAS;N43;SÃO PAULO;SP;711343;SCB01;XD DIADEMA;14390031;8778038;SIM;22/06/2026 - NOTIFICAÇÃO ENVIADA PARA XD DIADEMA;CARTA ENVIADA;25/06/2026;NÃO LOCALIZADO;FINALIZADO;FINALIZADO;;;-;Sudeste;NORMAL
19/06/2026;19/06/2026;260619-000379;EXTRAVIO ;SINOSCAR;D35;NOVO HAMBURGO;RS;711658;SCB01;OPERAÇÃO SOR;14394640;87013937;SIM;22/06/2026 - NOTIFICAÇÃO ENVIADA PARA OPERAÇÃO SOROCABA;CARTA ENVIADA;26/06/2026;NÃO LOCALIZADO;FINALIZADO;FINALIZADO;;;-;Sul;NORMAL
19/06/2026;19/06/2026;260619-000372;EXTRAVIO ;ACCIOLY BARAO DE LIMEIRA;A50;RIO DE JANEIRO;RJ;710780;SCB01;CAMILO;14382434;8738899;SIM;22/06/2026 - NOTIFICAÇÃO ENVIADA PARA CAMILO;FINALIZADO COMO RESOLVIDO;26/06/2026;LOCALIZADO;FINALIZADO;FINALIZADO;;;-;Sudeste;NORMAL
03/06/2026;19/06/2026;260619-000308;EXTRAVIO ;PROESTE (BOTUCATU);R69;BOTUCATU;SP;707754;SCB01;ALFA;14350018;8614635;SIM;22/06/2026 - NOTIFICAÇÃO ENVIADA PARA ALFA;CARTA ENVIADA;26/06/2026;NÃO LOCALIZADO;FINALIZADO;FINALIZADO;;;-;Sudeste;NORMAL
18/06/2026;19/06/2026;260619-000196;EXTRAVIO ;NOVA (BELEM) - PECAS;N43;SÃO PAULO;SP;711630;SCB01;XD DIADEMA;14386243;8769555;SIM;22/06/2026 - NOTIFICAÇÃO ENVIADA PARA XD DIADEMA;CARTA ENVIADA;26/06/2026;NÃO LOCALIZADO;FINALIZADO;FINALIZADO;;;-;Sudeste;NORMAL
11/06/2026;19/06/2026;260619-000103;EXTRAVIO ;CARRERA  EDGAR FACÓ;Y18;SÃO PAULO;SP;709878;SCB01;XD DIADEMA;14371098;8696976;SIM;22/06/2026 - NOTIFICAÇÃO ENVIADA PARA XD DIADEMA;CARTA ENVIADA;26/06/2026;NÃO LOCALIZADO;FINALIZADO;FINALIZADO;;;-;Sudeste;NORMAL
01/06/2026;19/06/2026;260619-000079;EXTRAVIO ;VIGORITO (ABC);E92;SÃO PAULO;SP;707794;SCB01;XD DIADEMA;14351379;8610026;SIM;22/06/2026 - NOTIFICAÇÃO ENVIADA PARA XD DIADEMA;CARTA ENVIADA;26/06/2026;NÃO LOCALIZADO;FINALIZADO;FINALIZADO;;;-;Sudeste;NORMAL
12/06/2026;19/06/2026;260619-000076;EXTRAVIO ;VIGORITO (ABC);E92;SÃO PAULO;SP;710321;SCB01;XD DIADEMA;14375613;87001073;SIM;22/06/2026 - NOTIFICAÇÃO ENVIADA PARA XD DIADEMA;CARTA ENVIADA;26/06/2026;NÃO LOCALIZADO;FINALIZADO;FINALIZADO;;;-;Sudeste;NORMAL
15/06/2026;19/06/2026;260619-000038;EXTRAVIO ;CARRERA (OSASCO);J63;SÃO PAULO;SP;236641;GRU01;XD DIADEMA;1311527;2368203/2368204/2368205;SIM;22/06/2026 - NOTIFICAÇÃO ENVIADA PARA XD DIADEMA;CARTA ENVIADA;26/06/2026;NÃO LOCALIZADO;FINALIZADO;FINALIZADO;;;-;Sudeste;NORMAL
19/06/2026;20/06/2026;260620-000020;EXTRAVIO ;TUDO (GOIANIA);S16;GOIANIA;GO;711442;SCB01;XD DIADEMA;14391844;8788764;SIM;22/06/2026 - NOTIFICAÇÃO ENVIADA PARA XD DIADEMA;CARTA ENVIADA;26/06/2026;NÃO LOCALIZADO;FINALIZADO;FINALIZADO;;;-;CO;NORMAL
12/06/2026;20/06/2026;260620-000018;EXTRAVIO ;TUDO (GOIANIA);S16;GOIANIA;GO;708155;SCB01;XD DIADEMA;14354195;8589997/8589998/80293213;SIM;22/06/2026 - NOTIFICAÇÃO ENVIADA PARA XD DIADEMA;CARTA ENVIADA;26/06/2026;NÃO LOCALIZADO;FINALIZADO;FINALIZADO;;;-;CO;NORMAL
15/06/2026;20/06/2026;260620-000016;EXTRAVIO ;TUDO (GOIANIA);S16;GOIANIA;GO;709245;SCB01;XD DIADEMA;14363218;8662470;SIM;22/06/2026 - NOTIFICAÇÃO ENVIADA PARA XD DIADEMA;CARTA ENVIADA;26/06/2026;NÃO LOCALIZADO;FINALIZADO;FINALIZADO;;;-;CO;NORMAL
28/05/2026;22/06/2026;260622-000225;EXTRAVIO ;VESSA (VILA VELHA);B15;VILA VELHA;ES;705603;SCB01;OPERAÇÃO SOR;14320947;8495343;SIM;22/06/2026 - NOTIFICAÇÃO ENVIADA PARA CAMILO;CARTA ENVIADA;29/06/2026;NÃO LOCALIZADO;FINALIZADO;FINALIZADO;;;-;Sudeste;NORMAL
22/06/2026;22/06/2026;260622-000184;EXTRAVIO ;VIGORITO (ABC);E92;SANTO ANDRE;SP;712130;SCB01;XD DIADEMA;14399977;8821534;SIM;22/06/2026 - NOTIFICAÇÃO ENVIADA PARA XD DIADEMA;CARTA ENVIADA;29/06/2026;NÃO LOCALIZADO;FINALIZADO;FINALIZADO;;;-;Sudeste;NORMAL
22/06/2026;22/06/2026;260622-000045;EXTRAVIO ;VIGORITO (ABC);E92;SANTO ANDRE;SP;711448;SCB01;XD DIADEMA;14388481;8783325;SIM;22/06/2026 - NOTIFICAÇÃO ENVIADA PARA XD DIADEMA;CARTA ENVIADA;29/06/2026;NÃO LOCALIZADO;FINALIZADO;FINALIZADO;;;-;Sudeste;NORMAL
22/06/2026;22/06/2026;260622-000043;EXTRAVIO ;VIGORITO (ABC);E92;SANTO ANDRE;SP;711605;SCB01;XD DIADEMA;14395712;8810084;SIM;22/06/2026 - NOTIFICAÇÃO ENVIADA PARA XD DIADEMA;CARTA ENVIADA;29/06/2026;NÃO LOCALIZADO;FINALIZADO;FINALIZADO;;;-;Sudeste;NORMAL
22/06/2026;22/06/2026;260622-000023;EXTRAVIO ;PRIMARCA (ENPV BARALDI);P71;SÃO PAULO;SP;705697;SCB01;XD DIADEMA;14268371;8290392;SIM;22/06/2026 - NOTIFICAÇÃO ENVIADA PARA XD DIADEMA;CARTA ENVIADA;29/06/2026;NÃO LOCALIZADO;FINALIZADO;FINALIZADO;;;-;Sudeste;NORMAL
22/06/2026;22/06/2026;260622-000306;EXTRAVIO ;GRANDE MINAS (PAMPULHA);F51;CONTAGEM ;MG;711837;SCB01;XD MINAS;14397540;8792546;SIM;27/06/2026 - NOTIFICAÇÃO ENVIADA EM PLANILHA;CARTA ENVIADA;29/06/2026;NÃO LOCALIZADO;FINALIZADO;FINALIZADO;;;-;Sudeste;NORMAL
22/06/2026;22/06/2026;260622-000361;EXTRAVIO ;NOVA (BELEM) - PECAS;N43;SÃO PAULO;SP;712152;SCB01;XD DIADEMA;14399994;8821542;SIM;27/06/2026 - NOTIFICAÇÃO ENVIADA EM PLANILHA;CARTA ENVIADA;29/06/2026;NÃO LOCALIZADO;FINALIZADO;FINALIZADO;;;-;Sudeste;NORMAL
22/06/2026;22/06/2026;260622-000506;EXTRAVIO ;PROESTE (BOTUCATU);R69;BOTUCATU;SP;711221;SCB01;ALFA;14387845/14387846/;8775370;SIM;27/06/2026 - NOTIFICAÇÃO ENVIADA EM PLANILHA;CARTA ENVIADA;29/06/2026;NÃO LOCALIZADO;FINALIZADO;FINALIZADO;;;-;Sudeste;NORMAL
11/06/2026;23/06/2026;260623-000155;EXTRAVIO ;GRAMARCA (VARZEA GRANDE);G22;VARZEA GRANDE;MT;709212;SCB01;CARVALIMA;14364910;8577963;SIM;27/06/2026 - NOTIFICAÇÃO ENVIADA EM PLANILHA;CARTA ENVIADA;30/06/2026;NÃO LOCALIZADO;FINALIZADO;FINALIZADO;;;-;CO;NORMAL
03/06/2026;23/06/2026;260623-000195;EXTRAVIO ;NOVO RIO (ARAGUAINA);N94;ARAGUAINA;TO;706298;SCB01;RIO VERMELHO;14333403;8544844;SIM;27/06/2026 - NOTIFICAÇÃO ENVIADA EM PLANILHA;CARTA ENVIADA;30/06/2026;NÃO LOCALIZADO;FINALIZADO;FINALIZADO;;;-;CO;NORMAL
12/06/2026;23/06/2026;260623-000196;EXTRAVIO ;NOVO RIO (ARAGUAINA);N94;ARAGUAINA;TO;707349;SCB01;RIO VERMELHO;14344954;8593027;SIM;27/06/2026 - NOTIFICAÇÃO ENVIADA EM PLANILHA;CARTA ENVIADA;30/06/2026;NÃO LOCALIZADO;FINALIZADO;FINALIZADO;;;-;CO;NORMAL
16/06/2026;23/06/2026;260623-000343;EXTRAVIO ;NOVA (RIBEIRAO PRETO);N17;RIBEIRAO PRETO;SP;711029;SCB01;OPERAÇÃO SOR;14388344;8775627;SIM;27/06/2026 - NOTIFICAÇÃO ENVIADA EM PLANILHA;CARTA ENVIADA;30/06/2026;NÃO LOCALIZADO;FINALIZADO;FINALIZADO;;;-;Sudeste;NORMAL
09/06/2026;23/06/2026;260623-000428;EXTRAVIO ;ACCIOLY BARAO DE LIMEIRA;A50;RIO DE JANEIRO;RJ;708715;SCB01;OPERAÇÃO SOR;14356806/e/014356808;8638819;SIM;27/06/2026 - NOTIFICAÇÃO ENVIADA EM PLANILHA;FINALIZADO COMO RESOLVIDO;30/06/2026;LOCALIZADO;FINALIZADO;FINALIZADO;;;-;Sudeste;NORMAL
22/06/2026;24/06/2026;260624-000083;EXTRAVIO ;NOVA (BELEM) - PECAS;N43;SÃO PAULO;SP;712106;SCB01;OPERAÇÃO SOR;14399526/E/14403241;8834937/8834938/8821088/8821313/8821314;SIM;27/06/2026 - NOTIFICAÇÃO ENVIADA EM PLANILHA;CARTA ENVIADA;01/07/2026;NÃO LOCALIZADO;FINALIZADO;FINALIZADO;;;-;Sudeste;NORMAL
22/06/2026;24/06/2026;260624-000104;EXTRAVIO ;NOVA (BELEM) - PECAS;N43;SÃO PAULO;SP;712175;SCB01;OPERAÇÃO SOR;14400687/E/14403957;8792961/8809812/;SIM;27/06/2026 - NOTIFICAÇÃO ENVIADA EM PLANILHA;CARTA ENVIADA;01/07/2026;NÃO LOCALIZADO;FINALIZADO;FINALIZADO;;;-;Sudeste;NORMAL
08/06/2026;24/06/2026;260624-000328;EXTRAVIO ;CVC (SERRA);L91;SERRA;ES;707478;SCB01;OPERAÇÃO SOR;14339194;8572330;SIM;27/06/2026 - NOTIFICAÇÃO ENVIADA EM PLANILHA;FINALIZADO COMO RESOLVIDO;01/07/2026;LOCALIZADO;FINALIZADO;FINALIZADO;;;-;Sudeste;NORMAL
24/06/2026;24/06/2026;260624-000307;EXTRAVIO ;NOVA (BELEM) - PECAS;N43;SÃO PAULO;SP;713098;SCB01;OPERAÇÃO SOR;14411013;8856484;SIM;27/06/2026 - NOTIFICAÇÃO ENVIADA EM PLANILHA;CARTA ENVIADA;01/07/2026;NÃO LOCALIZADO;FINALIZADO;FINALIZADO;;;-;Sudeste;BACKLOG 22.06_23.07
12/06/2026;24/06/2026;260624-000289;EXTRAVIO ;MAPI (LAVRAS);C59;LAVRAS;MG;709682;SCB01;XD MINAS;14366497;8678207;SIM;27/06/2026 - NOTIFICAÇÃO ENVIADA EM PLANILHA;CARTA ENVIADA;01/07/2026;NÃO LOCALIZADO;FINALIZADO;FINALIZADO;;;-;Sudeste;NORMAL
21/05/2026;25/06/2026;260625-000222;EXTRAVIO ;AUTOMEC (AMERICANA);M93;AMERICANA;SP;696599;SCB01;ALFA;14219419/14219970;85048610/8119567;SIM;27/06/2026 - NOTIFICAÇÃO ENVIADA EM PLANILHA;CARTA ENVIADA;02/07/2026;NÃO LOCALIZADO;FINALIZADO;FINALIZADO;;;-;Sudeste;NORMAL
25/06/2026;25/06/2026;260625-000179;EXTRAVIO ;ABSOLUTA (SANTOS);J07;PRAIA GRANDE;SP;712813;SCB01;XD DIADEMA;14410081;8856887/8856888;SIM;27/06/2026 - NOTIFICAÇÃO ENVIADA EM PLANILHA;FINALIZADO COMO RESOLVIDO;02/07/2026;LOCALIZADO;FINALIZADO;FINALIZADO;;;-;Sudeste;BACKLOG 22.06_23.07
23/06/2026;25/06/2026;260625-000163;EXTRAVIO ;SABENAUTO (DUQUE DE CAXIAS);U09;DUQUE DE CAXIAS;RJ;711878;SCB01;CAMILO;14399238;8822775;SIM;27/06/2026 - NOTIFICAÇÃO ENVIADA EM PLANILHA;CARTA ENVIADA;02/07/2026;NÃO LOCALIZADO;FINALIZADO;FINALIZADO;;;-;Sudeste;NORMAL
24/06/2026;25/06/2026;260625-000091;EXTRAVIO ;CODIVE (VINHEDO);K95;VINHEDO;SP;712550;SCB01;XD DIADEMA;14404150;8835139;SIM;27/06/2026 - NOTIFICAÇÃO ENVIADA EM PLANILHA;CARTA ENVIADA;02/07/2026;NÃO LOCALIZADO;FINALIZADO;FINALIZADO;;;-;Sudeste;NORMAL
24/06/2026;25/06/2026;260625-000090;EXTRAVIO ;CODIVE (VINHEDO);K95;VINHEDO;SP;712550;SCB01;XD DIADEMA;14404152;8835585;SIM;27/06/2026 - NOTIFICAÇÃO ENVIADA EM PLANILHA;CARTA ENVIADA;02/07/2026;NÃO LOCALIZADO;FINALIZADO;FINALIZADO;;;-;Sudeste;NORMAL
24/06/2026;25/06/2026;260625-000088;EXTRAVIO ;CODIVE (VINHEDO);K95;VINHEDO;SP;712550;SCB01;XD DIADEMA;14404148;8835139;SIM;27/06/2026 - NOTIFICAÇÃO ENVIADA EM PLANILHA;CARTA ENVIADA;02/07/2026;NÃO LOCALIZADO;FINALIZADO;FINALIZADO;;;-;Sudeste;NORMAL
24/06/2026;25/06/2026;260625-000086;EXTRAVIO ;CODIVE (VINHEDO);K95;VINHEDO;SP;712550;SCB01;XD DIADEMA;14404151;8835139;SIM;27/06/2026 - NOTIFICAÇÃO ENVIADA EM PLANILHA;CARTA ENVIADA;02/07/2026;NÃO LOCALIZADO;FINALIZADO;FINALIZADO;;;-;Sudeste;NORMAL
21/07/2026;25/06/2026;260625-000075;EXTRAVIO ;JAVEP (JAU);C14;JAU;SP;711737;SCB01;ALFA;14397027;8789633;SIM;27/06/2026 - NOTIFICAÇÃO ENVIADA EM PLANILHA;CARTA ENVIADA;02/07/2026;NÃO LOCALIZADO;FINALIZADO;FINALIZADO;;;-;Sudeste;NORMAL
03/03/2026;25/06/2026;260625-000060;EXTRAVIO ;ELDORADO (MACAPA);E01;MACAPA ;AP;673223;SCB01;NORTEX;13907242/13907241;6922571;SIM;27/06/2026 - NOTIFICAÇÃO ENVIADA EM PLANILHA;CARTA ENVIADA;02/07/2026;NÃO LOCALIZADO;FINALIZADO;FINALIZADO;;;-;Norte;NORMAL
16/06/2026;25/06/2026;260625-000414;EXTRAVIO ;TIGRAO (JI-PARANA);T89;JI PARANA;RO;709226;SCB01;CARVALIMA;14357943;8644012;SIM;27/06/2026 - NOTIFICAÇÃO ENVIADA EM PLANILHA;CARTA ENVIADA;02/07/2026;NÃO LOCALIZADO;FINALIZADO;FINALIZADO;;;-;Norte;NORMAL
17/06/2026;25/06/2026;260625-000289;EXTRAVIO ;PRIMARCA (ENPV BARALDI);P71;SAO PAULO;SP;711106;SCB01;XD DIADEMA;14389432;8780812;SIM;27/06/2026 - NOTIFICAÇÃO ENVIADA EM PLANILHA;CARTA ENVIADA;02/07/2026;NÃO LOCALIZADO;FINALIZADO;FINALIZADO;;;-;Sudeste;NORMAL
17/06/2026;25/06/2026;260625-000286;EXTRAVIO ;VIAMAR (PEREIRA BARRETO);B68;SAO PAULO;SP;711120;SCB01;XD DIADEMA;14389407;8780793;SIM;27/06/2026 - NOTIFICAÇÃO ENVIADA EM PLANILHA;CARTA ENVIADA;02/07/2026;NÃO LOCALIZADO;FINALIZADO;FINALIZADO;;;-;Sudeste;NORMAL
15/06/2026;25/06/2026;260625-000273;EXTRAVIO ;TUDO (GOIANIA);S16;APARECIDA DE GOIANIA;GO;239085;GRU01;RIO VERMELHO;1320027;2451467;SIM;27/06/2026 - NOTIFICAÇÃO ENVIADA EM PLANILHA;CARTA ENVIADA;02/07/2026;NÃO LOCALIZADO;FINALIZADO;FINALIZADO;;;-;CO;NORMAL
26/02/2026;25/06/2026;260625-000236;EXTRAVIO ;AUTOMEC (AMERICANA);M93;AMERICANA;SP;674752;SCB01;ALFA;13942864/13945381/13945382;7076720/7079724;SIM;27/06/2026 - NOTIFICAÇÃO ENVIADA EM PLANILHA;CARTA ENVIADA;02/07/2026;NÃO LOCALIZADO;FINALIZADO;FINALIZADO;;;-;Sudeste;NORMAL
26/02/2026;25/06/2026;260625-000227;EXTRAVIO ;AUTOMEC (AMERICANA);M93;AMERICANA;SP;674555;SCB01;ALFA;13941634;Validar/com/o/Vitor;SIM;27/06/2026 - NOTIFICAÇÃO ENVIADA EM PLANILHA;CARTA ENVIADA;02/07/2026;NÃO LOCALIZADO;FINALIZADO;FINALIZADO;;;-;Sudeste;NORMAL
11/06/2026;26/06/2026;260626-000153;EXTRAVIO ;TUDO (GOIANIA);S16;GOIANIA;GO;707680;SCB01;RIO VERMELHO;14348540;8607529;SIM;27/06/2026 - NOTIFICAÇÃO ENVIADA EM PLANILHA;CARTA ENVIADA;03/07/2026;NÃO LOCALIZADO;FINALIZADO;FINALIZADO;;;-;CO;NORMAL
25/06/2026;26/06/2026;260626-000144;EXTRAVIO ;TUDO (GOIANIA);S16;GOIANIA;GO;712088;SCB01;XD DIADEMA;14401813;/8833858/8833859/8833860;SIM;27/06/2026 - NOTIFICAÇÃO ENVIADA EM PLANILHA;CARTA ENVIADA;03/07/2026;NÃO LOCALIZADO;FINALIZADO;FINALIZADO;;;-;CO;NORMAL
25/06/2026;26/06/2026;260626-000140;EXTRAVIO ;TUDO (GOIANIA);S16;GOIANIA;GO;711815;SCB01;XD DIADEMA;14398477;8819311/8813257;SIM;27/06/2026 - NOTIFICAÇÃO ENVIADA EM PLANILHA;CARTA ENVIADA;03/07/2026;NÃO LOCALIZADO;FINALIZADO;FINALIZADO;;;-;CO;NORMAL
25/06/2026;26/06/2026;260626-000125;EXTRAVIO ;TUDO (GOIANIA);S16;GOIANIA;GO;712367;SCB01;XD DIADEMA;14406578;8846302;SIM;27/06/2026 - NOTIFICAÇÃO ENVIADA EM PLANILHA;CARTA ENVIADA;03/07/2026;NÃO LOCALIZADO;FINALIZADO;FINALIZADO;;;-;CO;NORMAL
25/06/2026;26/06/2026;260626-000124;EXTRAVIO ;ACCIOLY BARAO DE LIMEIRA;A50;RIO DE JANEIRO;RJ;712229;SCB01;OPERAÇÃO SOR;14401156;8822876;SIM;27/06/2026 - NOTIFICAÇÃO ENVIADA EM PLANILHA;CARTA ENVIADA;03/07/2026;NÃO LOCALIZADO;FINALIZADO;FINALIZADO;;;-;Sudeste;NORMAL
25/06/2026;26/06/2026;260626-000119;EXTRAVIO ;ACCIOLY BARAO DE LIMEIRA;A50;RIO DE JANEIRO;RJ;712229;SCB01;OPERAÇÃO SOR;14399360;8822849;SIM;27/06/2026 - NOTIFICAÇÃO ENVIADA EM PLANILHA;CARTA ENVIADA;03/07/2026;NÃO LOCALIZADO;FINALIZADO;FINALIZADO;;;-;Sudeste;NORMAL
25/06/2026;26/06/2026;260626-000111;EXTRAVIO ;ACCIOLY BARAO DE LIMEIRA;A50;RIO DE JANEIRO;RJ;712229;SCB01;OPERAÇÃO SOR;14400760;8828892;SIM;27/06/2026 - NOTIFICAÇÃO ENVIADA EM PLANILHA;CARTA ENVIADA;03/07/2026;NÃO LOCALIZADO;FINALIZADO;FINALIZADO;;;-;Sudeste;NORMAL
25/06/2026;26/06/2026;260626-000107;EXTRAVIO ;ACCIOLY BARAO DE LIMEIRA;A50;RIO DE JANEIRO;RJ;712229;SCB01;OPERAÇÃO SOR;14398958;0008822616/008822617;SIM;27/06/2026 - NOTIFICAÇÃO ENVIADA EM PLANILHA;CARTA ENVIADA;03/07/2026;NÃO LOCALIZADO;FINALIZADO;FINALIZADO;;;-;Sudeste;NORMAL
25/06/2026;26/06/2026;260626-000005;EXTRAVIO ;NOVA (SANTO AMARO);N09;SAO PAULO;SP;713077;SCB01;XD DIADEMA;14412638;8856408;SIM;27/06/2026 - NOTIFICAÇÃO ENVIADA EM PLANILHA;CARTA ENVIADA;03/07/2026;NÃO LOCALIZADO;FINALIZADO;FINALIZADO;;;-;Sudeste;BACKLOG 22.06_23.07
25/06/2026;26/06/2026;260626-000427;EXTRAVIO ;METRONORTE (SAO JOSE);X50;SÃO JOSE;SC;713138;SCB01;OPERAÇÃO SOR;14363015;8660631;SIM;27/06/2026 - NOTIFICAÇÃO ENVIADA EM PLANILHA;CARTA ENVIADA;03/07/2026;NÃO LOCALIZADO;FINALIZADO;FINALIZADO;;;-;Sul;BACKLOG 22.06_23.07
26/06/2026;26/06/2026;260626-000422;EXTRAVIO ;JORLAN (GOIANIA);J23;GOIANIA;GO;712416;SCB01;XD DIADEMA;14407848;8844922;SIM;27/06/2026 - NOTIFICAÇÃO ENVIADA EM PLANILHA;FINALIZADO COMO RESOLVIDO;03/07/2026;LOCALIZADO;FINALIZADO;FINALIZADO;;;-;CO;BACKLOG 22.06_23.07
26/06/2026;26/06/2026;260626-000420;EXTRAVIO ;JORLAN (GOIANIA);J23;GOIANIA;GO;712416;SCB01;XD DIADEMA;14408123;8846342/8846343/8846344/8846345/8846346/8846397/8846348/8846349/88449/8844921;SIM;27/06/2026 - NOTIFICAÇÃO ENVIADA EM PLANILHA;FINALIZADO COMO RESOLVIDO;03/07/2026;LOCALIZADO;FINALIZADO;FINALIZADO;;;-;CO;BACKLOG 22.06_23.07
26/06/2026;26/06/2026;260626-000419;EXTRAVIO ;COTAC (SUZANO);Y21;MOGI DAS CRUZES;SP;713270;SCB01;XD DIADEMA;14414396/14414398/14417602;8875289/8888137/8888138/8870658/8870659/8870664/8870849;SIM;27/06/2026 - NOTIFICAÇÃO ENVIADA EM PLANILHA;CARTA ENVIADA;03/07/2026;NÃO LOCALIZADO;FINALIZADO;FINALIZADO;;;-;Sudeste;BACKLOG 22.06_23.07
26/06/2026;26/06/2026;260626-000416;EXTRAVIO ;JORLAN (GOIANIA);J23;GOIANIA;GO;712416;SCB01;XD DIADEMA;14407293;8846095;SIM;27/06/2026 - NOTIFICAÇÃO ENVIADA EM PLANILHA;CARTA ENVIADA;03/07/2026;NÃO LOCALIZADO;FINALIZADO;FINALIZADO;;;-;CO;BACKLOG 22.06_23.07
26/06/2026;26/06/2026;260626-000411;EXTRAVIO ;VIGORITO (ABC);E92;SANTO ANDRE;SP;713401;SCB01;XD DIADEMA;14403614;8840367;SIM;27/06/2026 - NOTIFICAÇÃO ENVIADA EM PLANILHA;CARTA ENVIADA;03/07/2026;NÃO LOCALIZADO;FINALIZADO;FINALIZADO;;;-;Sudeste;BACKLOG 22.06_23.07
26/06/2026;26/06/2026;260626-000394;EXTRAVIO ;JORLAN (GOIANIA);J23;GOIANIA;GO;712355;SCB01;XD DIADEMA;14405322;8625687;SIM;27/06/2026 - NOTIFICAÇÃO ENVIADA EM PLANILHA;CARTA ENVIADA;03/07/2026;NÃO LOCALIZADO;FINALIZADO;FINALIZADO;;;-;CO;NORMAL
26/06/2026;26/06/2026;260626-000392;EXTRAVIO ;JORLAN (GOIANIA);J23;GOIANIA;GO;712355;SCB01;XD DIADEMA;14406445;8845528;SIM;27/06/2026 - NOTIFICAÇÃO ENVIADA EM PLANILHA;CARTA ENVIADA;03/07/2026;NÃO LOCALIZADO;FINALIZADO;FINALIZADO;;;-;CO;NORMAL
26/06/2026;26/06/2026;260626-000391;EXTRAVIO ;JORLAN (GOIANIA);J23;GOIANIA;GO;712355;SCB01;XD DIADEMA;14406891;8845007;SIM;27/06/2026 - NOTIFICAÇÃO ENVIADA EM PLANILHA;CARTA ENVIADA;03/07/2026;NÃO LOCALIZADO;FINALIZADO;FINALIZADO;;;-;CO;NORMAL
26/06/2026;26/06/2026;260626-000390;EXTRAVIO ;JORLAN (GOIANIA);J23;GOIANIA;GO;712077;SCB01;XD DIADEMA;14402042;8834206;SIM;27/06/2026 - NOTIFICAÇÃO ENVIADA EM PLANILHA;FINALIZADO COMO RESOLVIDO;03/07/2026;LOCALIZADO;FINALIZADO;FINALIZADO;;;-;CO;NORMAL
26/06/2026;26/06/2026;260626-000388;EXTRAVIO ;JORLAN (GOIANIA);J23;GOIANIA;GO;712077;SCB01;XD DIADEMA;14402250;8834203;SIM;27/06/2026 - NOTIFICAÇÃO ENVIADA EM PLANILHA;FINALIZADO COMO RESOLVIDO;03/07/2026;LOCALIZADO;FINALIZADO;FINALIZADO;;;-;CO;NORMAL
26/06/2026;26/06/2026;260626-000369;EXTRAVIO ;JORLAN (GOIANIA);J23;GOIANIA;GO;712077;SCB01;XD DIADEMA;14402160;8834205;SIM;27/06/2026 - NOTIFICAÇÃO ENVIADA EM PLANILHA;FINALIZADO COMO RESOLVIDO;03/07/2026;LOCALIZADO;FINALIZADO;FINALIZADO;;;-;CO;NORMAL
26/06/2026;26/06/2026;260626-000368;EXTRAVIO ;JORLAN (GOIANIA);J23;GOIANIA;GO;712077;SCB01;XD DIADEMA;14402209;8834204;SIM;27/06/2026 - NOTIFICAÇÃO ENVIADA EM PLANILHA;FINALIZADO COMO RESOLVIDO;03/07/2026;LOCALIZADO;FINALIZADO;FINALIZADO;;;-;CO;NORMAL
26/06/2026;26/06/2026;260626-000364;EXTRAVIO ;JORLAN (GOIANIA);J23;GOIANIA;GO;712077;SCB01;XD DIADEMA;14402270;8834063;SIM;27/06/2026 - NOTIFICAÇÃO ENVIADA EM PLANILHA;CARTA ENVIADA;03/07/2026;NÃO LOCALIZADO;FINALIZADO;FINALIZADO;;;-;CO;NORMAL
26/06/2026;26/06/2026;260626-000362;EXTRAVIO ;JORLAN (GOIANIA);J23;GOIANIA;GO;712077;SCB01;XD DIADEMA;14402434;/0008834029/0008834031;SIM;27/06/2026 - NOTIFICAÇÃO ENVIADA EM PLANILHA;CARTA ENVIADA;03/07/2026;NÃO LOCALIZADO;FINALIZADO;FINALIZADO;;;-;CO;NORMAL
26/06/2026;26/06/2026;260626-000360;EXTRAVIO ;JORLAN (GOIANIA);J23;GOIANIA;GO;712077;SCB01;XD DIADEMA;14398341;8826258;SIM;27/06/2026 - NOTIFICAÇÃO ENVIADA EM PLANILHA;FINALIZADO COMO RESOLVIDO;03/07/2026;LOCALIZADO;FINALIZADO;FINALIZADO;;;-;CO;NORMAL
26/06/2026;26/06/2026;260626-000357;EXTRAVIO ;JORLAN (GOIANIA);J23;GOIANIA;GO;712077;SCB01;XD DIADEMA;14399545;0008819683/0008819684;SIM;27/06/2026 - NOTIFICAÇÃO ENVIADA EM PLANILHA;CARTA ENVIADA;03/07/2026;NÃO LOCALIZADO;FINALIZADO;FINALIZADO;;;-;CO;NORMAL
26/06/2026;26/06/2026;260626-000356;EXTRAVIO ;JORLAN (GOIANIA);J23;GOIANIA;GO;712077;SCB01;XD DIADEMA;14396643;0008807313/0008808104;SIM;27/06/2026 - NOTIFICAÇÃO ENVIADA EM PLANILHA;CARTA ENVIADA;03/07/2026;NÃO LOCALIZADO;FINALIZADO;FINALIZADO;;;-;CO;NORMAL
26/06/2026;26/06/2026;260626-000347;EXTRAVIO ;JORLAN (GOIANIA);J23;GOIANIA;GO;712077;SCB01;XD DIADEMA;14399545;8789350;SIM;27/06/2026 - NOTIFICAÇÃO ENVIADA EM PLANILHA;CARTA ENVIADA;03/07/2026;NÃO LOCALIZADO;FINALIZADO;FINALIZADO;;;-;CO;NORMAL
26/06/2026;26/06/2026;260626-000338;EXTRAVIO ;CODIVE (CAMPINAS);K15;CAMPINAS;SP;713517;SCB01;XD DIADEMA;14418813;8887423;SIM;27/06/2026 - NOTIFICAÇÃO ENVIADA EM PLANILHA;CARTA ENVIADA;03/07/2026;NÃO LOCALIZADO;FINALIZADO;FINALIZADO;;;-;Sudeste;BACKLOG 22.06_23.07
10/06/2026;26/06/2026;260626-000332;EXTRAVIO ;VIGORITO (ABC);E92;SAO PAULO;SP;709112;SCB01;XD DIADEMA;14360554/e/14359647;8654234/8654235/8654236/8657876;SIM;27/06/2026 - NOTIFICAÇÃO ENVIADA EM PLANILHA;CARTA ENVIADA;03/07/2026;NÃO LOCALIZADO;FINALIZADO;FINALIZADO;;;-;Sudeste;NORMAL
23/06/2026;26/06/2026;260626-000327;EXTRAVIO ;GUIAUTO (IPATINGA);D03;PONTE NOVA ;MG;711838;SCB01;XD MINAS;14393513;8795644;SIM;27/06/2026 - NOTIFICAÇÃO ENVIADA EM PLANILHA;CARTA ENVIADA;03/07/2026;NÃO LOCALIZADO;FINALIZADO;FINALIZADO;;;-;Sudeste;NORMAL
18/06/2026;26/06/2026;260626-000310;EXTRAVIO ;MCV (CARATINGA);C78;CARATINGA;MG;710671;SCB01;XD MINAS;14381317;8739910;SIM;27/06/2026 - NOTIFICAÇÃO ENVIADA EM PLANILHA;CARTA ENVIADA;03/07/2026;NÃO LOCALIZADO;FINALIZADO;FINALIZADO;;;-;Sudeste;NORMAL
26/06/2026;26/06/2026;260626-000303;EXTRAVIO ;SABENAUTO (DUQUE DE CAXIAS);U09;DUQUE DE CAXIAS;RJ;712248;SCB01;OPERAÇÃO SOR;14398617;8822310;SIM;27/06/2026 - NOTIFICAÇÃO ENVIADA EM PLANILHA;CARTA ENVIADA;03/07/2026;NÃO LOCALIZADO;FINALIZADO;FINALIZADO;;;-;Sudeste;NORMAL
09/06/2026;26/06/2026;260626-000222;EXTRAVIO ;VIGORITO (ABC);E92;SÃO PAULO;SP;709419;SCB01;XD DIADEMA;14367606/14364508/14367609/e/14367358;8680336/8664397/8680986/8680709.;SIM;27/06/2026 - NOTIFICAÇÃO ENVIADA EM PLANILHA;CARTA ENVIADA;03/07/2026;NÃO LOCALIZADO;FINALIZADO;FINALIZADO;;;-;Sudeste;NORMAL
09/06/2026;26/06/2026;260626-000220;EXTRAVIO ;VIGORITO (ABC);E92;SÃO PAULO;SP;710017;SCB01;XD DIADEMA;14371962;8696270;SIM;27/06/2026 - NOTIFICAÇÃO ENVIADA EM PLANILHA PARA DIADEMA;CARTA ENVIADA;03/07/2026;NÃO LOCALIZADO;FINALIZADO;FINALIZADO;;;-;Sudeste;NORMAL
09/06/2026;26/06/2026;260626-000219;EXTRAVIO ;VIGORITO (ABC);E92;SÃO PAULO;SP;238557;GRU01;XD DIADEMA;1318454/e/1318413;2422268/2422231/2422232/2422233;SIM;27/06/2026 - NOTIFICAÇÃO ENVIADA EM PLANILHA PARA DIADEMA;CARTA ENVIADA;03/07/2026;NÃO LOCALIZADO;FINALIZADO;FINALIZADO;;;-;Sudeste;NORMAL
10/06/2026;26/06/2026;260626-000218;EXTRAVIO ;VIGORITO (ABC);E92;SÃO PAULO;SP;239182;SCB01;XD DIADEMA;1320229;2457153;SIM;27/06/2026 - NOTIFICAÇÃO ENVIADA EM PLANILHA PARA DIADEMA;CARTA ENVIADA;03/07/2026;NÃO LOCALIZADO;FINALIZADO;FINALIZADO;;;-;Sudeste;NORMAL
26/06/2026;27/06/2026;260627-000033;EXTRAVIO ;TUDO (GOIANIA);S16;GOIANIA;GO;712427;SCB01;XD DIADEMA;14407178;8662263;SIM;27/06/2026 - NOTIFICAÇÃO ENVIADA EM PLANILHA;CARTA ENVIADA;03/07/2026;NÃO LOCALIZADO;FINALIZADO;FINALIZADO;;;-;CO;BACKLOG 22.06_23.07
26/06/2026;27/06/2026;260627-000030;EXTRAVIO ;TUDO (GOIANIA);S16;GOIANIA;GO;712725;SCB01;XD DIADEMA;14403145;8834214;SIM;27/06/2026 - NOTIFICAÇÃO ENVIADA EM PLANILHA;CARTA ENVIADA;03/07/2026;NÃO LOCALIZADO;FINALIZADO;FINALIZADO;;;-;CO;NORMAL
26/06/2026;27/06/2026;260627-000026;EXTRAVIO ;TUDO (GOIANIA);S16;GOIANIA;GO;712809;SCB01;XD DIADEMA;14412035;8867960/8868218/8868424/8868651/8868652;SIM;27/06/2026 - NOTIFICAÇÃO ENVIADA EM PLANILHA;CARTA ENVIADA;03/07/2026;NÃO LOCALIZADO;FINALIZADO;FINALIZADO;;;-;CO;BACKLOG 22.06_23.07
25/06/2026;27/06/2026;260627-000002;EXTRAVIO ;CARRERA (OSASCO);J63;OSASCO;SP;713056;SCB01;XD DIADEMA;14409248;8855262/-/8855263;SIM;27/06/2026 - NOTIFICAÇÃO ENVIADA EM PLANILHA;CARTA ENVIADA;03/07/2026;NÃO LOCALIZADO;FINALIZADO;FINALIZADO;;;-;Sudeste;BACKLOG 22.06_23.07
25/06/2026;27/06/2026;260627-000001;EXTRAVIO ;CARRERA (OSASCO);J63;OSASCO;SP;713056;SCB01;XD DIADEMA;14408549;8855055-/8855056-/8855057-/8855058;SIM;27/06/2026 - NOTIFICAÇÃO ENVIADA EM PLANILHA;CARTA ENVIADA;03/07/2026;NÃO LOCALIZADO;FINALIZADO;FINALIZADO;;;-;Sudeste;BACKLOG 22.06_23.07
20/08/2026;27/06/2026;260627-000074;EXTRAVIO ;GRAMARCA (VARZEA GRANDE);G22;VARZEA GRANDE;MT;712092;SCB01;CARVALIMA;14402092;8833984;SIM;01/07/2026 - NOTIFICAÇÃO ENVIADA EM PLANILHA;CARTA ENVIADA;03/07/2026;NÃO LOCALIZADO;FINALIZADO;FINALIZADO;;;-;CO;NORMAL
06/07/2026;27/06/2026;260627-000075;EXTRAVIO ;GRAMARCA (VARZEA GRANDE);G22;VARZEA GRANDE;MT;712321;SCB01;CARVALIMA;14403599;8840540;SIM;01/07/2026 - NOTIFICAÇÃO ENVIADA EM PLANILHA;CARTA ENVIADA;03/07/2026;NÃO LOCALIZADO;FINALIZADO;FINALIZADO;;;-;CO;NORMAL
26/06/2026;29/06/2026;260629-000005;EXTRAVIO ;NOVA (BELEM) - PECAS;N43;SAO BERNARDO DO CAMPO;SP;713537;SCB01;XD DIADEMA;14419057;8888089;SIM;01/07/2026 - NOTIFICAÇÃO ENVIADA EM PLANILHA;CARTA ENVIADA;06/07/2026;NÃO LOCALIZADO;FINALIZADO;FINALIZADO;;;-;Sudeste;BACKLOG 22.06_23.07
27/06/2026;29/06/2026;260629-000162;EXTRAVIO ;METRONORTE (AV JK);L56;LONDRINA;PR;714083;SCB01;OPERAÇÃO SOR;14365746;8668580;SIM;01/07/2026 - NOTIFICAÇÃO ENVIADA EM PLANILHA;CARTA ENVIADA;06/07/2026;NÃO LOCALIZADO;FINALIZADO;FINALIZADO;;;-;Sul;BACKLOG 22.06_23.07
29/06/2026;29/06/2026;260629-000238;EXTRAVIO ;SABENAUTO (DPEC FECHADO BRASILIA);T94;BRASILIA;DF;711810;SCB01;RIO VERMELHO;14398479;8820063;SIM;01/07/2026 - NOTIFICAÇÃO ENVIADA EM PLANILHA;CARTA ENVIADA;06/07/2026;NÃO LOCALIZADO;FINALIZADO;FINALIZADO;;;-;CO;NORMAL
29/06/2026;29/06/2026;260629-000257;EXTRAVIO ;ACCIOLY BARAO DE LIMEIRA;A50;RIO DE JANEIRO;RJ;712976;SCB01;OPERAÇÃO SOR;14410824;8679141;SIM;01/07/2026 - NOTIFICAÇÃO ENVIADA EM PLANILHA;CARTA ENVIADA;06/07/2026;NÃO LOCALIZADO;FINALIZADO;FINALIZADO;;;-;Sudeste;BACKLOG 22.06_23.07
29/06/2026;29/06/2026;260629-000262;EXTRAVIO ;ACCIOLY BARAO DE LIMEIRA;A50;RIO DE JANEIRO;RJ;712976;SCB01;OPERAÇÃO SOR;14408953;8855773;SIM;01/07/2026 - NOTIFICAÇÃO ENVIADA EM PLANILHA;CARTA ENVIADA;06/07/2026;NÃO LOCALIZADO;FINALIZADO;FINALIZADO;;;-;Sudeste;BACKLOG 22.06_23.07
05/03/2026;29/06/2026;260629-000343;EXTRAVIO ;NOVA (CAMPINAS) PEÇAS;C04;CAMPINAS;SP;233823;GRU01;XD DIADEMA;1300333;26347695;SIM;01/07/2026 - NOTIFICAÇÃO ENVIADA EM PLANILHA;CARTA ENVIADA;06/07/2026;NÃO LOCALIZADO;FINALIZADO;FINALIZADO;;;-;Sudeste;NORMAL
03/06/2026;30/06/2026;260630-000003;EXTRAVIO ;ACCIOLY BARAO DE LIMEIRA;A50;BELO HORIZONTE;MG;239010;GRU01;XD MINAS;1319813/1319829;2444735/2444904;SIM;01/07/2026 - NOTIFICAÇÃO ENVIADA EM PLANILHA;CARTA ENVIADA;07/07/2026;NÃO LOCALIZADO;FINALIZADO;FINALIZADO;;;-;Sudeste;NORMAL
03/06/2026;30/06/2026;260630-000004;EXTRAVIO ;ACCIOLY BARAO DE LIMEIRA;A50;BELO HORIZONTE;MG;708374;SCB01;XD MINAS;14356748/14356822/14356839;8638680/8638759;SIM;01/07/2026 - NOTIFICAÇÃO ENVIADA EM PLANILHA;CARTA ENVIADA;07/07/2026;NÃO LOCALIZADO;FINALIZADO;FINALIZADO;;;-;Sudeste;NORMAL
01/06/2026;30/06/2026;260630-000005;EXTRAVIO ;ACCIOLY BARAO DE LIMEIRA;A50;BELO HORIZONTE;MG;707099;SCB01;XD MINAS;14339649;8572720;SIM;01/07/2026 - NOTIFICAÇÃO ENVIADA EM PLANILHA;CARTA ENVIADA;07/07/2026;NÃO LOCALIZADO;FINALIZADO;FINALIZADO;;;-;Sudeste;NORMAL
02/06/2026;30/06/2026;260630-000006;EXTRAVIO ;ACCIOLY BARAO DE LIMEIRA;A50;BELO HORIZONTE;MG;707834;SCB01;XD MINAS;14348295;8605739/8605740;SIM;01/07/2026 - NOTIFICAÇÃO ENVIADA EM PLANILHA;CARTA ENVIADA;07/07/2026;NÃO LOCALIZADO;FINALIZADO;FINALIZADO;;;-;Sudeste;NORMAL
02/06/2026;30/06/2026;260630-000008;EXTRAVIO ;ACCIOLY BARAO DE LIMEIRA;A50;BELO HORIZONTE;MG;707415;SCB01;XD MINAS;14340995;8547663;SIM;01/07/2026 - NOTIFICAÇÃO ENVIADA EM PLANILHA;CARTA ENVIADA;07/07/2026;NÃO LOCALIZADO;FINALIZADO;FINALIZADO;;;-;Sudeste;NORMAL
02/06/2026;30/06/2026;260630-000009;EXTRAVIO ;ACCIOLY BARAO DE LIMEIRA;A50;BELO HORIZONTE;MG;707951;SCB01;XD MINAS;14352838;/0008622304/0008631008;SIM;01/07/2026 - NOTIFICAÇÃO ENVIADA EM PLANILHA;CARTA ENVIADA;07/07/2026;NÃO LOCALIZADO;FINALIZADO;FINALIZADO;;;-;Sudeste;NORMAL
16/06/2026;30/06/2026;260630-000013;EXTRAVIO ;ACCIOLY BARAO DE LIMEIRA;A50;BELO HORIZONTE;MG;710679;SCB01;XD MINAS;14382443;0008738798/0008739659/0008739857;SIM;01/07/2026 - NOTIFICAÇÃO ENVIADA EM PLANILHA;CARTA ENVIADA;07/07/2026;NÃO LOCALIZADO;FINALIZADO;FINALIZADO;;;-;Sudeste;NORMAL
17/06/2026;30/06/2026;260630-000014;EXTRAVIO ;ACCIOLY BARAO DE LIMEIRA;A50;BELO HORIZONTE;MG;710640;SCB01;XD MINAS;14381286;0008663488/0008663489;SIM;01/07/2026 - NOTIFICAÇÃO ENVIADA EM PLANILHA;CARTA ENVIADA;07/07/2026;NÃO LOCALIZADO;FINALIZADO;FINALIZADO;;;-;Sudeste;NORMAL
15/06/2026;30/06/2026;260630-000015;EXTRAVIO ;ACCIOLY BARAO DE LIMEIRA;A50;COTIA;SP;710594;SCB01;XD DIADEMA;14382177;8740586/8740587;SIM;01/07/2026 - NOTIFICAÇÃO ENVIADA EM PLANILHA;CARTA ENVIADA;07/07/2026;NÃO LOCALIZADO;FINALIZADO;FINALIZADO;;;-;Sudeste;NORMAL
18/06/2026;30/06/2026;260630-000017;EXTRAVIO ;ACCIOLY BARAO DE LIMEIRA;A50;BELO HORIZONTE;MG;711239;SCB01;XD MINAS;14389541;8754700;SIM;01/07/2026 - NOTIFICAÇÃO ENVIADA EM PLANILHA;CARTA ENVIADA;07/07/2026;NÃO LOCALIZADO;FINALIZADO;FINALIZADO;;;-;Sudeste;NORMAL
05/06/2026;30/06/2026;260630-000177;EXTRAVIO ;JORLAN (BRASILIA);J59;BRASILIA;DF;707667;SCB01;XD DIADEMA;13962305/14396001/14396000/14397011/14378485/14333223/14346023/14350247/1315918/;8606920/91099764/8545062/2397639/8727003/8807926/8789151/8807673;SIM;01/07/2026 - NOTIFICAÇÃO ENVIADA EM PLANILHA;CARTA ENVIADA;07/07/2026;NÃO LOCALIZADO;FINALIZADO;FINALIZADO;;;-;CO;NORMAL
;30/06/2026;260630-000193;EXTRAVIO ;SABENAUTO (DUQUE DE CAXIAS);U09;DUQUE DE CAXIAS;RJ;676458;SCB01;CAMILO;13962305;98552043;SIM;01/07/2026 - NOTIFICAÇÃO ENVIADA EM PLANILHA;CARTA ENVIADA;07/07/2026;NÃO LOCALIZADO;FINALIZADO;FINALIZADO;;;-;Sudeste;NORMAL
29/06/2026;30/06/2026;260630-000225;EXTRAVIO ;NOVA (CAMPINAS) PEÇAS;C04;CAMPINAS;SP;713575;SCB01;XD DIADEMA;14419970;0008884384/0008884386;SIM;01/07/2026 - NOTIFICAÇÃO ENVIADA EM PLANILHA;CARTA ENVIADA;07/07/2026;NÃO LOCALIZADO;FINALIZADO;FINALIZADO;;;-;Sudeste;BACKLOG 22.06_23.07
17/06/2026;30/06/2026;260630-000227;EXTRAVIO ;PRIMARCA (ENPV BARALDI);P71;SAO PAULO;SP;711106;SCB01;XD DIADEMA;14389432;8780812;SIM;01/07/2026 - NOTIFICAÇÃO ENVIADA EM PLANILHA;CARTA ENVIADA;07/07/2026;NÃO LOCALIZADO;FINALIZADO;FINALIZADO;;;-;Sudeste;NORMAL
30/06/2026;30/06/2026;260630-000319;EXTRAVIO ;ABSOLUTA (DIREITOS HUMANOS);D97;SAO PAULO;SP;713799;SCB01;XD DIADEMA;14420495/14418089/;8884315/8890550;SIM;01/07/2026 - NOTIFICAÇÃO ENVIADA EM PLANILHA;CARTA ENVIADA;07/07/2026;NÃO LOCALIZADO;FINALIZADO;FINALIZADO;;;-;Sudeste;BACKLOG 22.06_23.07
23/06/2026;30/06/2026;260630-000327;EXTRAVIO ;SABENAUTO (DUQUE DE CAXIAS);U09;RIO DE JANEIRO;RJ;710075;SCB01;OPERAÇÃO SOR;14374900;8709751;SIM;01/07/2026 - NOTIFICAÇÃO ENVIADA EM PLANILHA;CARTA ENVIADA;07/07/2026;NÃO LOCALIZADO;FINALIZADO;FINALIZADO;;;-;Sudeste;NORMAL
30/06/2026;30/06/2026;260630-000357;EXTRAVIO ;ACCIOLY BARAO DE LIMEIRA;A50;RIO DE JANEIRO;RJ;713610;SCB01;OPERAÇÃO SOR;14386003;/0008638690/&/0008653391/;SIM;01/07/2026 - NOTIFICAÇÃO ENVIADA EM PLANILHA;CARTA ENVIADA;07/07/2026;NÃO LOCALIZADO;FINALIZADO;FINALIZADO;;;-;Sudeste;BACKLOG 22.06_23.07
26/06/2026;30/06/2026;260630-000392;EXTRAVIO ;CICAL (RIBEIRAO PRETO);D96;RIBEIRAO PRETO;SP;713366;SCB01;OPERAÇÃO SOR;14413935;8869504/-/8869529/-/8859530/;SIM;01/07/2026 - NOTIFICAÇÃO ENVIADA EM PLANILHA;CARTA ENVIADA;07/07/2026;NÃO LOCALIZADO;FINALIZADO;FINALIZADO;;;-;Sudeste;BACKLOG 22.06_23.07
30/06/2026;01/07/2026;260701-000018;EXTRAVIO ;NOVA (BELEM) - PECAS;N43;SÃO PAULO;SP;713806;SCB01;XD DIADEMA;14420300;8884421/8884430;SIM;01/07/2026 - NOTIFICAÇÃO ENVIADA EM PLANILHA;CARTA ENVIADA;08/07/2026;NÃO LOCALIZADO;FINALIZADO;FINALIZADO;;;-;Sudeste;BACKLOG 22.06_23.07
30/06/2026;01/07/2026;260701-000021;EXTRAVIO ;NOVA (SANTO AMARO);N09;SAO PAULO;SP;713833;SCB01;XD DIADEMA;14419267;8884383/8884388;SIM;01/07/2026 - NOTIFICAÇÃO ENVIADA EM PLANILHA;CARTA ENVIADA;08/07/2026;NÃO LOCALIZADO;FINALIZADO;FINALIZADO;;;-;Sudeste;BACKLOG 22.06_23.07
30/06/2026;01/07/2026;260701-000024;EXTRAVIO ;NOVA (SANTO AMARO);N09;SAO PAULO;SP;714030;SCB01;XD DIADEMA;14423862;8902690;SIM;01/07/2026 - NOTIFICAÇÃO ENVIADA EM PLANILHA;CARTA ENVIADA;08/07/2026;NÃO LOCALIZADO;FINALIZADO;FINALIZADO;;;-;Sudeste;BACKLOG 22.06_23.07
30/06/2026;01/07/2026;260701-000030;EXTRAVIO ;JORLAN (BARAO H. DE MELO);J66;BELO HORIZONTE;MG;712860;SCB01;XD MINAS;14405763;87006053;SIM;01/07/2026 - NOTIFICAÇÃO ENVIADA EM PLANILHA;CARTA ENVIADA;08/07/2026;NÃO LOCALIZADO;FINALIZADO;FINALIZADO;;;-;Sudeste;BACKLOG 22.06_23.07
30/06/2026;01/07/2026;260701-000035;EXTRAVIO ;JORLAN (BARAO H. DE MELO);J66;BELO HORIZONTE;MG;713423;SCB01;XD MINAS;14403638;8814135;SIM;01/07/2026 - NOTIFICAÇÃO ENVIADA EM PLANILHA;CARTA ENVIADA;08/07/2026;NÃO LOCALIZADO;FINALIZADO;FINALIZADO;;;-;Sudeste;BACKLOG 22.06_23.07
30/06/2026;01/07/2026;260701-000093;EXTRAVIO ;VIGORITO (ABC);E92;SAO PAULO;SP;713992;SCB01;XD DIADEMA;14423061;8902485;SIM;01/07/2026 - NOTIFICAÇÃO ENVIADA EM PLANILHA;CARTA ENVIADA;08/07/2026;NÃO LOCALIZADO;FINALIZADO;FINALIZADO;;;-;Sudeste;BACKLOG 22.06_23.07
01/07/2026;01/07/2026;260701-000435;EXTRAVIO ;SULPAVE;S54;REGISTRO;SP;714043;SCB01;XD DIADEMA;14422664;87006944;SIM;01/07/2026 - NOTIFICAÇÃO ENVIADA EM PLANILHA;CARTA ENVIADA;08/07/2026;NÃO LOCALIZADO;FINALIZADO;FINALIZADO;;;-;Sudeste;BACKLOG 22.06_23.07
01/07/2026;01/07/2026;260701-000433;EXTRAVIO ;SULPAVE;S54;REGISTRO;SP;713720;SCB01;XD DIADEMA;14419462;8892614;SIM;01/07/2026 - NOTIFICAÇÃO ENVIADA EM PLANILHA;CARTA ENVIADA;08/07/2026;NÃO LOCALIZADO;FINALIZADO;FINALIZADO;;;-;Sudeste;BACKLOG 22.06_23.07
01/07/2026;01/07/2026;260701-000429;EXTRAVIO ;SULPAVE;S54;REGISTRO;SP;713720;SCB01;XD DIADEMA;14419463;8892614;SIM;01/07/2026 - NOTIFICAÇÃO ENVIADA EM PLANILHA;CARTA ENVIADA;08/07/2026;NÃO LOCALIZADO;FINALIZADO;FINALIZADO;;;-;Sudeste;BACKLOG 22.06_23.07
25/06/2026;01/07/2026;260701-000412;EXTRAVIO ;SPASSUS;S66;JUNDIAI;SP;712896;SCB01;XD DIADEMA;14411292;8857159;SIM;01/07/2026 - NOTIFICAÇÃO ENVIADA EM PLANILHA;CARTA ENVIADA;08/07/2026;NÃO LOCALIZADO;FINALIZADO;FINALIZADO;;;-;Sudeste;BACKLOG 22.06_23.07
;01/07/2026;260701-000400;EXTRAVIO ;SPASSUS;S66;JUNDIAI;SP;Sem embarque;SCB01;OPERAÇÃO SOR;1442369;8902470;SIM;01/07/2026 - NOTIFICAÇÃO ENVIADA EM PLANILHA;CARTA ENVIADA;08/07/2026;NÃO LOCALIZADO;FINALIZADO;FINALIZADO;;;-;Sudeste;NORMAL
21/07/2026;01/07/2026;260701-000296;EXTRAVIO ;JAVEP (JAU);C14;JAU;SP;712481;SCB01;ALFA;14405842;8789864/-/8675647;SIM;01/07/2026 - NOTIFICAÇÃO ENVIADA EM PLANILHA;CARTA ENVIADA;08/07/2026;NÃO LOCALIZADO;FINALIZADO;FINALIZADO;;;-;Sudeste;BACKLOG 22.06_23.07
21/07/2026;01/07/2026;260701-000274;EXTRAVIO ;JAVEP (JAU);C14;JAU;SP;712760;SCB01;ALFA;14407011;8675646;SIM;01/07/2026 - NOTIFICAÇÃO ENVIADA EM PLANILHA;FINALIZADO COMO RESOLVIDO;08/07/2026;LOCALIZADO;FINALIZADO;FINALIZADO;;;-;Sudeste;BACKLOG 22.06_23.07
22/06/2026;01/07/2026;260701-000266;EXTRAVIO ;AMERICAS (BARRA);F34;RIO DE JANEIRO;RJ;711091;SCB01;XD DIADEMA;14389282;8780872;SIM;01/07/2026 - NOTIFICAÇÃO ENVIADA EM PLANILHA;CARTA ENVIADA;08/07/2026;NÃO LOCALIZADO;FINALIZADO;FINALIZADO;;;-;Sudeste;NORMAL
24/06/2026;01/07/2026;260701-000261;EXTRAVIO ;AMERICAS (BARRA);F34;RIO DE JANEIRO;RJ;712138;SCB01;XD DIADEMA;14400706;87014282;SIM;01/07/2026 - NOTIFICAÇÃO ENVIADA EM PLANILHA;CARTA ENVIADA;08/07/2026;NÃO LOCALIZADO;FINALIZADO;FINALIZADO;;;-;Sudeste;NORMAL
21/07/2026;01/07/2026;260701-000258;EXTRAVIO ;JAVEP (JAU);C14;JAU;SP;714381;SCB01;ALFA;14409528;8861309/-/8898037/-/8881282;SIM;01/07/2026 - NOTIFICAÇÃO ENVIADA EM PLANILHA;CARTA ENVIADA;08/07/2026;NÃO LOCALIZADO;FINALIZADO;FINALIZADO;;;-;Sudeste;BACKLOG 22.06_23.07
23/06/2026;01/07/2026;260701-000237;EXTRAVIO ;JAVEP (JAU);C14;ARAÇATUBA;SP;711496;SCB01;ALFA;14391180;8795820;SIM;01/07/2026 - NOTIFICAÇÃO ENVIADA EM PLANILHA;FINALIZADO COMO RESOLVIDO;08/07/2026;LOCALIZADO;FINALIZADO;FINALIZADO;;;-;Sudeste;NORMAL
02/06/2026;02/07/2026;260702-000008;EXTRAVIO ;ACCIOLY BARAO DE LIMEIRA;A50;BELO HORIZONTE;MG;707951;SCB01;XD MINAS;14352838;0008622304/0008631008;SIM;NOTIFICAÇÃO ENVIADA VIA PLANILHA POR CONTA DA ALTA DEMANDA;CARTA ENVIADA;09/07/2026;NÃO LOCALIZADO;FINALIZADO;FINALIZADO;;;-;Sudeste;NORMAL
01/07/2026;02/07/2026;260702-000041;EXTRAVIO ;ARTVEL;P53;MOGI GUACU;SP;714354;SCB01;ALFA;14418505/14420455/14418359;8881058/8881066/8890336//8869238/8869235/;SIM;NOTIFICAÇÃO ENVIADA VIA PLANILHA POR CONTA DA ALTA DEMANDA;CARTA ENVIADA;09/07/2026;NÃO LOCALIZADO;FINALIZADO;FINALIZADO;;;-;Sudeste;BACKLOG 22.06_23.07
01/07/2026;02/07/2026;260702-000052;EXTRAVIO ;VEIBRAS;V43;SAO JOSE DOS CAMPOS;SP;714289;SCB01;XD DIADEMA;14423890/14419301;8902259/8887111/8887114;SIM;NOTIFICAÇÃO ENVIADA VIA PLANILHA POR CONTA DA ALTA DEMANDA;CARTA ENVIADA;09/07/2026;NÃO LOCALIZADO;FINALIZADO;FINALIZADO;;;-;Sudeste;BACKLOG 22.06_23.07
30/06/2026;02/07/2026;260702-000075;EXTRAVIO ;VIGORITO (ABC);E92;SAO PAULO;SP;713406;SCB01;XD DIADEMA;14415010;8871826;SIM;NOTIFICAÇÃO ENVIADA VIA PLANILHA POR CONTA DA ALTA DEMANDA;CARTA ENVIADA;09/07/2026;NÃO LOCALIZADO;FINALIZADO;FINALIZADO;;;-;Sudeste;BACKLOG 22.06_23.07
30/06/2026;02/07/2026;260702-000083;EXTRAVIO ;VIGORITO (ABC);E92;SAO PAULO;SP;713406;SCB01;XD DIADEMA;14415011;8871826;SIM;NOTIFICAÇÃO ENVIADA VIA PLANILHA POR CONTA DA ALTA DEMANDA;CARTA ENVIADA;09/07/2026;NÃO LOCALIZADO;FINALIZADO;FINALIZADO;;;-;Sudeste;BACKLOG 22.06_23.07
26/06/2026;02/07/2026;260702-000089;EXTRAVIO ;NOVA (BELEM) - PECAS;N43;SÃO PAULO;SP;713314;SCB01;XD DIADEMA;14414422;8870858;SIM;NOTIFICAÇÃO ENVIADA VIA PLANILHA POR CONTA DA ALTA DEMANDA;CARTA ENVIADA;09/07/2026;NÃO LOCALIZADO;FINALIZADO;FINALIZADO;;;-;Sudeste;BACKLOG 22.06_23.07
26/06/2026;02/07/2026;260702-000095;EXTRAVIO ;NOVA (BELEM) - PECAS;N43;SÃO PAULO;SP;713314;SCB01;XD DIADEMA;14414414;8870660;SIM;NOTIFICAÇÃO ENVIADA VIA PLANILHA POR CONTA DA ALTA DEMANDA;CARTA ENVIADA;09/07/2026;NÃO LOCALIZADO;FINALIZADO;FINALIZADO;;;-;Sudeste;BACKLOG 22.06_23.07
30/06/2026;02/07/2026;260702-000101;EXTRAVIO ;JAVEP (S.J. RIO PRETO);J57;SAO JOSE DO RIO PRETO;SP;712482;SCB01;ALFA;14405845;8775389;SIM;NOTIFICAÇÃO ENVIADA VIA PLANILHA POR CONTA DA ALTA DEMANDA;FINALIZADO COMO RESOLVIDO;09/07/2026;LOCALIZADO;FINALIZADO;FINALIZADO;;;-;Sudeste;BACKLOG 22.06_23.07
30/06/2026;02/07/2026;260702-000107;EXTRAVIO ;NOVA (BELEM) - PECAS;N43;SÃO PAULO;SP;714027;SCB01;XD DIADEMA;14423500;8902505;SIM;NOTIFICAÇÃO ENVIADA VIA PLANILHA POR CONTA DA ALTA DEMANDA;CARTA ENVIADA;09/07/2026;NÃO LOCALIZADO;FINALIZADO;FINALIZADO;;;-;Sudeste;BACKLOG 22.06_23.07
30/06/2026;02/07/2026;260702-000115;EXTRAVIO ;NOVA (BELEM) - PECAS;N43;SÃO PAULO;SP;713708;SCB01;XD DIADEMA;14419599;8892611;SIM;NOTIFICAÇÃO ENVIADA VIA PLANILHA POR CONTA DA ALTA DEMANDA;CARTA ENVIADA;09/07/2026;NÃO LOCALIZADO;FINALIZADO;FINALIZADO;;;-;Sudeste;BACKLOG 22.06_23.07
15/05/2026;02/07/2026;260702-000140;EXTRAVIO ;VESSA (VILA VELHA);B15;VILA VELHA;ES;702370;SCB01;CAMILO;14283205;8357702;SIM;NOTIFICAÇÃO ENVIADA VIA PLANILHA POR CONTA DA ALTA DEMANDA;CARTA ENVIADA;09/07/2026;NÃO LOCALIZADO;FINALIZADO;FINALIZADO;;;-;Sudeste;NORMAL
25/05/2026;02/07/2026;260702-000172;EXTRAVIO ;VESSA (VILA VELHA);B15;VILA VELHA;ES;704479;SCB01;CAMILO;14303398;8429053;SIM;NOTIFICAÇÃO ENVIADA VIA PLANILHA POR CONTA DA ALTA DEMANDA;CARTA ENVIADA;09/07/2026;NÃO LOCALIZADO;FINALIZADO;FINALIZADO;;;-;Sudeste;NORMAL
15/05/2026;02/07/2026;260702-000174;EXTRAVIO ;VESSA (VILA VELHA);B15;VILA VELHA;ES;701456;SCB01;CAMILO;14276890;8328548;SIM;NOTIFICAÇÃO ENVIADA VIA PLANILHA POR CONTA DA ALTA DEMANDA;CARTA ENVIADA;09/07/2026;NÃO LOCALIZADO;FINALIZADO;FINALIZADO;;;-;Sudeste;NORMAL
29/05/2026;02/07/2026;260702-000196;EXTRAVIO ;VESSA (VILA VELHA);B15;VILA VELHA;ES;706335;SCB01;CAMILO;14334923;8547424;SIM;NOTIFICAÇÃO ENVIADA VIA PLANILHA POR CONTA DA ALTA DEMANDA;CARTA ENVIADA;09/07/2026;NÃO LOCALIZADO;FINALIZADO;FINALIZADO;;;-;Sudeste;NORMAL
02/07/2026;02/07/2026;260702-000238;EXTRAVIO ;CARRERA  EDGAR FACÓ;Y18;SAO PAULO;SP;713263;SCB01;XD DIADEMA;14414710;8871319;SIM;NOTIFICAÇÃO ENVIADA VIA PLANILHA POR CONTA DA ALTA DEMANDA;FINALIZADO COMO RESOLVIDO;09/07/2026;LOCALIZADO;FINALIZADO;FINALIZADO;;;-;Sudeste;BACKLOG 22.06_23.07
02/07/2026;02/07/2026;260702-000250;EXTRAVIO ;CARRERA  EDGAR FACÓ;Y18;SAO PAULO;SP;713263;SCB01;XD DIADEMA;14414555;8870941;SIM;NOTIFICAÇÃO ENVIADA VIA PLANILHA POR CONTA DA ALTA DEMANDA;FINALIZADO COMO RESOLVIDO;09/07/2026;LOCALIZADO;FINALIZADO;FINALIZADO;;;-;Sudeste;BACKLOG 22.06_23.07
02/07/2026;02/07/2026;260702-000252;EXTRAVIO ;CARRERA  EDGAR FACÓ;Y18;SAO PAULO;SP;713263;SCB01;XD DIADEMA;14414419;8870665;SIM;NOTIFICAÇÃO ENVIADA VIA PLANILHA POR CONTA DA ALTA DEMANDA;FINALIZADO COMO RESOLVIDO;09/07/2026;LOCALIZADO;FINALIZADO;FINALIZADO;;;-;Sudeste;BACKLOG 22.06_23.07
02/07/2026;02/07/2026;260702-000257;EXTRAVIO ;CARRERA  EDGAR FACÓ;Y18;SAO PAULO;SP;714213;SCB01;XD DIADEMA;14427038;8907375;SIM;NOTIFICAÇÃO ENVIADA VIA PLANILHA POR CONTA DA ALTA DEMANDA;FINALIZADO COMO RESOLVIDO;09/07/2026;LOCALIZADO;FINALIZADO;FINALIZADO;;;-;Sudeste;BACKLOG 22.06_23.07
02/07/2026;02/07/2026;260702-000259;EXTRAVIO ;CARRERA  EDGAR FACÓ;Y18;SAO PAULO;SP;714213;SCB01;XD DIADEMA;14427038;8908111/8908115;SIM;NOTIFICAÇÃO ENVIADA VIA PLANILHA POR CONTA DA ALTA DEMANDA;FINALIZADO COMO RESOLVIDO;09/07/2026;LOCALIZADO;FINALIZADO;FINALIZADO;;;-;Sudeste;BACKLOG 22.06_23.07
02/07/2026;02/07/2026;260702-000261;EXTRAVIO ;CARRERA  EDGAR FACÓ;Y18;SAO PAULO;SP;714213;SCB01;XD DIADEMA;14426977;8907375/8908101/8908105/8908106;SIM;NOTIFICAÇÃO ENVIADA VIA PLANILHA POR CONTA DA ALTA DEMANDA;FINALIZADO COMO RESOLVIDO;09/07/2026;LOCALIZADO;FINALIZADO;FINALIZADO;;;-;Sudeste;BACKLOG 22.06_23.07
02/07/2026;02/07/2026;260702-000265;EXTRAVIO ;CARRERA  EDGAR FACÓ;Y18;SAO PAULO;SP;713817;SCB01;XD DIADEMA;14420602;8888143/8888147;SIM;NOTIFICAÇÃO ENVIADA VIA PLANILHA POR CONTA DA ALTA DEMANDA;FINALIZADO COMO RESOLVIDO;09/07/2026;LOCALIZADO;FINALIZADO;FINALIZADO;;;-;Sudeste;BACKLOG 22.06_23.07
02/07/2026;02/07/2026;260702-000297;EXTRAVIO ;JORLAN (BARAO H. DE MELO);J66;BELO HORIZONTE;MG;713851;SCB01;XD MINAS;14420461;8792544;SIM;NOTIFICAÇÃO ENVIADA VIA PLANILHA POR CONTA DA ALTA DEMANDA;CARTA ENVIADA;09/07/2026;NÃO LOCALIZADO;FINALIZADO;FINALIZADO;;;-;Sudeste;BACKLOG 22.06_23.07
02/07/2026;02/07/2026;260702-000299;EXTRAVIO ;JORLAN (BARAO H. DE MELO);J66;BELO HORIZONTE;MG;713523;SCB01;XD MINAS;14418940;8892674;SIM;NOTIFICAÇÃO ENVIADA VIA PLANILHA POR CONTA DA ALTA DEMANDA;CARTA ENVIADA;09/07/2026;NÃO LOCALIZADO;FINALIZADO;FINALIZADO;;;-;Sudeste;BACKLOG 22.06_23.07
02/07/2026;02/07/2026;260702-000300;EXTRAVIO ;JORLAN (BARAO H. DE MELO);J66;BELO HORIZONTE;MG;713523;SCB01;XD MINAS;14419334;8892401;SIM;NOTIFICAÇÃO ENVIADA VIA PLANILHA POR CONTA DA ALTA DEMANDA;CARTA ENVIADA;09/07/2026;NÃO LOCALIZADO;FINALIZADO;FINALIZADO;;;-;Sudeste;BACKLOG 22.06_23.07
30/06/2026;02/07/2026;260702-000309;EXTRAVIO ;JORLAN (GOIANIA);J23;GOIANIA;GO;713739;SCB01;OPERAÇÃO SOR;14373911;8590287;SIM;NOTIFICAÇÃO ENVIADA VIA PLANILHA POR CONTA DA ALTA DEMANDA;CARTA ENVIADA;09/07/2026;NÃO LOCALIZADO;FINALIZADO;FINALIZADO;;;-;CO;BACKLOG 22.06_23.07
30/06/2026;02/07/2026;260702-000311;EXTRAVIO ;JORLAN (GOIANIA);J23;GOIANIA;GO;713739;SCB01;OPERAÇÃO SOR;14416839;8846414;SIM;NOTIFICAÇÃO ENVIADA VIA PLANILHA POR CONTA DA ALTA DEMANDA;CARTA ENVIADA;09/07/2026;NÃO LOCALIZADO;FINALIZADO;FINALIZADO;;;-;CO;BACKLOG 22.06_23.07
30/06/2026;02/07/2026;260702-000313;EXTRAVIO ;JORLAN (GOIANIA);J23;GOIANIA;GO;713739;SCB01;OPERAÇÃO SOR;14416878;8846415;SIM;NOTIFICAÇÃO ENVIADA VIA PLANILHA POR CONTA DA ALTA DEMANDA;CARTA ENVIADA;09/07/2026;NÃO LOCALIZADO;FINALIZADO;FINALIZADO;;;-;CO;BACKLOG 22.06_23.07
30/06/2026;02/07/2026;260702-000319;EXTRAVIO ;JORLAN (GOIANIA);J23;GOIANIA;GO;713739;SCB01;OPERAÇÃO SOR;14416832/14084049;8882211;SIM;NOTIFICAÇÃO ENVIADA VIA PLANILHA POR CONTA DA ALTA DEMANDA;CARTA ENVIADA;09/07/2026;NÃO LOCALIZADO;FINALIZADO;FINALIZADO;;;-;CO;BACKLOG 22.06_23.07
30/06/2026;02/07/2026;260702-000320;EXTRAVIO ;JORLAN (GOIANIA);J23;GOIANIA;GO;713349;SCB01;OPERAÇÃO SOR;14413438;8868675;SIM;NOTIFICAÇÃO ENVIADA VIA PLANILHA POR CONTA DA ALTA DEMANDA;FINALIZADO COMO RESOLVIDO;09/07/2026;LOCALIZADO;FINALIZADO;FINALIZADO;;;-;CO;BACKLOG 22.06_23.07
30/06/2026;02/07/2026;260702-000321;EXTRAVIO ;JORLAN (GOIANIA);J23;GOIANIA;GO;713349;SCB01;OPERAÇÃO SOR;14412756;0008875414/0008875415;SIM;NOTIFICAÇÃO ENVIADA VIA PLANILHA POR CONTA DA ALTA DEMANDA;FINALIZADO COMO RESOLVIDO;09/07/2026;LOCALIZADO;FINALIZADO;FINALIZADO;;;-;CO;BACKLOG 22.06_23.07
30/06/2026;02/07/2026;260702-000330;EXTRAVIO ;JORLAN (GOIANIA);J23;GOIANIA;GO;712721;SCB01;OPERAÇÃO SOR;14403538;8820090;SIM;NOTIFICAÇÃO ENVIADA VIA PLANILHA POR CONTA DA ALTA DEMANDA;CARTA ENVIADA;09/07/2026;NÃO LOCALIZADO;FINALIZADO;FINALIZADO;;;-;CO;BACKLOG 22.06_23.07
30/06/2026;02/07/2026;260702-000334;EXTRAVIO ;JORLAN (GOIANIA);J23;GOIANIA;GO;712721;SCB01;OPERAÇÃO SOR;14409424;8846412;SIM;NOTIFICAÇÃO ENVIADA VIA PLANILHA POR CONTA DA ALTA DEMANDA;CARTA ENVIADA;09/07/2026;NÃO LOCALIZADO;FINALIZADO;FINALIZADO;;;-;CO;BACKLOG 22.06_23.07
30/06/2026;02/07/2026;260702-000335;EXTRAVIO ;NOVA (BELEM) - PECAS;N43;SÃO PAULO;SP;713708;SCB01;XD DIADEMA;14419598;8892611;SIM;NOTIFICAÇÃO ENVIADA VIA PLANILHA POR CONTA DA ALTA DEMANDA;CARTA ENVIADA;09/07/2026;NÃO LOCALIZADO;FINALIZADO;FINALIZADO;;;-;Sudeste;BACKLOG 22.06_23.07
01/07/2026;02/07/2026;260702-000347;EXTRAVIO ;NOVA (RIO PRETO);R07;SAO JOSE DO RIO PRETO;SP;713785;SCB01;ALFA;14417247/14417247/14417252/14417259;8884070;SIM;NOTIFICAÇÃO ENVIADA VIA PLANILHA POR CONTA DA ALTA DEMANDA;CARTA ENVIADA;09/07/2026;NÃO LOCALIZADO;FINALIZADO;FINALIZADO;;;-;Sudeste;BACKLOG 22.06_23.07
30/06/2026;02/07/2026;260702-000344;EXTRAVIO ;NOVA (BELEM) - PECAS;N43;SÃO PAULO;SP;713708;SCB01;XD DIADEMA;14419718;8887805;SIM;NOTIFICAÇÃO ENVIADA VIA PLANILHA POR CONTA DA ALTA DEMANDA;CARTA ENVIADA;09/07/2026;NÃO LOCALIZADO;FINALIZADO;FINALIZADO;;;-;Sudeste;BACKLOG 22.06_23.07
01/07/2026;02/07/2026;260702-000381;EXTRAVIO ;JORLAN (GOIANIA);J23;GOIANIA;GO;714125;SCB01;OPERAÇÃO SOR;14420741;8901531;SIM;NOTIFICAÇÃO ENVIADA VIA PLANILHA POR CONTA DA ALTA DEMANDA;CARTA ENVIADA;09/07/2026;NÃO LOCALIZADO;FINALIZADO;FINALIZADO;;;-;CO;BACKLOG 22.06_23.07
01/07/2026;02/07/2026;260702-000382;EXTRAVIO ;JORLAN (GOIANIA);J23;GOIANIA;GO;714125;SCB01;OPERAÇÃO SOR;14421012;8901555;SIM;NOTIFICAÇÃO ENVIADA VIA PLANILHA POR CONTA DA ALTA DEMANDA;CARTA ENVIADA;09/07/2026;NÃO LOCALIZADO;FINALIZADO;FINALIZADO;;;-;CO;BACKLOG 22.06_23.07
01/07/2026;02/07/2026;260702-000400;EXTRAVIO ;JORLAN (GOIANIA);J23;GOIANIA;GO;714670;SCB01;OPERAÇÃO SOR;14426711;8913679;SIM;NOTIFICAÇÃO ENVIADA VIA PLANILHA POR CONTA DA ALTA DEMANDA;FINALIZADO COMO RESOLVIDO;09/07/2026;LOCALIZADO;FINALIZADO;FINALIZADO;;;-;CO;BACKLOG 22.06_23.07
01/07/2026;02/07/2026;260702-000406;EXTRAVIO ;JORLAN (GOIANIA);J23;GOIANIA;GO;714125;SCB01;OPERAÇÃO SOR;14426415;0008913248/0008913249/0008913251;SIM;NOTIFICAÇÃO ENVIADA VIA PLANILHA POR CONTA DA ALTA DEMANDA;CARTA ENVIADA;09/07/2026;NÃO LOCALIZADO;FINALIZADO;FINALIZADO;;;-;CO;BACKLOG 22.06_23.07
02/07/2026;02/07/2026;260702-000411;EXTRAVIO ;AUTOMEC (FRANCA);M79;FRANCA;SP;714361;SCB01;ALFA;14418531;TOTAL/;SIM;NOTIFICAÇÃO ENVIADA VIA PLANILHA POR CONTA DA ALTA DEMANDA;CARTA ENVIADA;09/07/2026;NÃO LOCALIZADO;FINALIZADO;FINALIZADO;;;-;Sudeste;BACKLOG 22.06_23.07
01/07/2026;02/07/2026;260702-000409;EXTRAVIO ;JORLAN (GOIANIA);J23;GOIANIA;GO;714125;SCB01;OPERAÇÃO SOR;14425905;0008913403/0008913404/0008913405;SIM;NOTIFICAÇÃO ENVIADA VIA PLANILHA POR CONTA DA ALTA DEMANDA;CARTA ENVIADA;09/07/2026;NÃO LOCALIZADO;FINALIZADO;FINALIZADO;;;-;CO;BACKLOG 22.06_23.07
02/07/2026;02/07/2026;260702-000430;EXTRAVIO ;NOVA (SANTO AMARO);N09;SAO PAULO;SP;714784;SCB01;XD DIADEMA;14431050;8728872;SIM;NOTIFICAÇÃO ENVIADA VIA PLANILHA POR CONTA DA ALTA DEMANDA;CARTA ENVIADA;09/07/2026;NÃO LOCALIZADO;FINALIZADO;FINALIZADO;;;-;Sudeste;BACKLOG 22.06_23.07
01/07/2026;02/07/2026;260702-000440;EXTRAVIO ;GRANDE MINAS (PAMPULHA);F51;CONTAGEM;MG;713510;SCB01;XD MINAS;14416254;8870656;SIM;NOTIFICAÇÃO ENVIADA VIA PLANILHA POR CONTA DA ALTA DEMANDA;CARTA ENVIADA;09/07/2026;NÃO LOCALIZADO;FINALIZADO;FINALIZADO;;;-;Sudeste;BACKLOG 22.06_23.07
01/07/2026;02/07/2026;260702-000445;EXTRAVIO ;GRANDE MINAS (PAMPULHA);F51;CONTAGEM;MG;712846;SCB01;XD MINAS;14410646/14405746;8858143/87013923/;SIM;NOTIFICAÇÃO ENVIADA VIA PLANILHA POR CONTA DA ALTA DEMANDA;CARTA ENVIADA;09/07/2026;NÃO LOCALIZADO;FINALIZADO;FINALIZADO;;;-;Sudeste;BACKLOG 22.06_23.07
30/06/2026;02/07/2026;260702-000447;EXTRAVIO ;JORLAN (GOIANIA);J23;GOIANIA;GO;712801;SCB01;OPERAÇÃO SOR;14412648;0008845018/0008845019;SIM;NOTIFICAÇÃO ENVIADA VIA PLANILHA POR CONTA DA ALTA DEMANDA;FINALIZADO COMO RESOLVIDO;09/07/2026;LOCALIZADO;FINALIZADO;FINALIZADO;;;-;CO;BACKLOG 22.06_23.07
01/07/2026;02/07/2026;260702-000449;EXTRAVIO ;GRANDE MINAS (PAMPULHA);F51;CONTAGEM;MG;713410;SCB01;XD MINAS;14418539/14416910;8871371/8875817/;SIM;NOTIFICAÇÃO ENVIADA VIA PLANILHA POR CONTA DA ALTA DEMANDA;CARTA ENVIADA;09/07/2026;NÃO LOCALIZADO;FINALIZADO;FINALIZADO;;;-;Sudeste;BACKLOG 22.06_23.07
30/06/2026;02/07/2026;260702-000448;EXTRAVIO ;JORLAN (GOIANIA);J23;GOIANIA;GO;712801;SCB01;OPERAÇÃO SOR;14411234;0008845330/0008845331/0008845332/0008845333;SIM;NOTIFICAÇÃO ENVIADA VIA PLANILHA POR CONTA DA ALTA DEMANDA;CARTA ENVIADA;09/07/2026;NÃO LOCALIZADO;FINALIZADO;FINALIZADO;;;-;CO;BACKLOG 22.06_23.07
30/06/2026;02/07/2026;260702-000450;EXTRAVIO ;JORLAN (GOIANIA);J23;GOIANIA;GO;712801;SCB01;OPERAÇÃO SOR;14411333;8846389;SIM;NOTIFICAÇÃO ENVIADA VIA PLANILHA POR CONTA DA ALTA DEMANDA;FINALIZADO COMO RESOLVIDO;09/07/2026;LOCALIZADO;FINALIZADO;FINALIZADO;;;-;CO;BACKLOG 22.06_23.07
30/06/2026;02/07/2026;260702-000454;EXTRAVIO ;JORLAN (GOIANIA);J23;GOIANIA;GO;712801;SCB01;OPERAÇÃO SOR;14409281;8806480;SIM;NOTIFICAÇÃO ENVIADA VIA PLANILHA POR CONTA DA ALTA DEMANDA;FINALIZADO COMO RESOLVIDO;09/07/2026;LOCALIZADO;FINALIZADO;FINALIZADO;;;-;CO;BACKLOG 22.06_23.07
30/06/2026;02/07/2026;260702-000456;EXTRAVIO ;JORLAN (GOIANIA);J23;GOIANIA;GO;712801;SCB01;OPERAÇÃO SOR;14412648;8845016;SIM;NOTIFICAÇÃO ENVIADA VIA PLANILHA POR CONTA DA ALTA DEMANDA;FINALIZADO COMO RESOLVIDO;09/07/2026;LOCALIZADO;FINALIZADO;FINALIZADO;;;-;CO;BACKLOG 22.06_23.07
30/06/2026;02/07/2026;260702-000459;EXTRAVIO ;JORLAN (GOIANIA);J23;GOIANIA;GO;712801;SCB01;OPERAÇÃO SOR;14408787;8861243;SIM;NOTIFICAÇÃO ENVIADA VIA PLANILHA POR CONTA DA ALTA DEMANDA;FINALIZADO COMO RESOLVIDO;09/07/2026;LOCALIZADO;FINALIZADO;FINALIZADO;;;-;CO;BACKLOG 22.06_23.07
01/07/2026;02/07/2026;260702-000463;EXTRAVIO ;GRANDE MINAS (PAMPULHA);F51;CONTAGEM;MG;713283;SCB01;XD MINAS;14414015;8870756;SIM;NOTIFICAÇÃO ENVIADA VIA PLANILHA POR CONTA DA ALTA DEMANDA;CARTA ENVIADA;09/07/2026;NÃO LOCALIZADO;FINALIZADO;FINALIZADO;;;-;Sudeste;BACKLOG 22.06_23.07
10/06/2026;02/07/2026;260702-000475;EXTRAVIO ;SUPREMA;S47;ASSIS;SP;706284;SCB01;ALFA;14329161;8530134;SIM;NOTIFICAÇÃO ENVIADA VIA PLANILHA POR CONTA DA ALTA DEMANDA;CARTA ENVIADA;09/07/2026;NÃO LOCALIZADO;FINALIZADO;FINALIZADO;;;-;Sudeste;NORMAL
10/06/2026;02/07/2026;260702-000485;EXTRAVIO ;SUPREMA;S47;ASSIS;SP;706284;SCB01;ALFA;14333754;8545900;SIM;NOTIFICAÇÃO ENVIADA VIA PLANILHA POR CONTA DA ALTA DEMANDA;CARTA ENVIADA;09/07/2026;NÃO LOCALIZADO;FINALIZADO;FINALIZADO;;;-;Sudeste;NORMAL
10/06/2026;02/07/2026;260702-000489;EXTRAVIO ;SUPREMA;S47;ASSIS;SP;706584;SCB01;ALFA;14335550;8552900;SIM;NOTIFICAÇÃO ENVIADA VIA PLANILHA POR CONTA DA ALTA DEMANDA;CARTA ENVIADA;09/07/2026;NÃO LOCALIZADO;FINALIZADO;FINALIZADO;;;-;Sudeste;NORMAL
07/06/2026;02/07/2026;260702-000503;EXTRAVIO ;GRANDE MINAS (PAMPULHA);F51;BELO HORIZONTE;MG;701421;SCB01;CAMILO;14268500;TOTAL/;SIM;NOTIFICAÇÃO ENVIADA VIA PLANILHA POR CONTA DA ALTA DEMANDA;CARTA ENVIADA;09/07/2026;NÃO LOCALIZADO;FINALIZADO;FINALIZADO;;;-;Sudeste;NORMAL
02/07/2026;02/07/2026;260702-000533;EXTRAVIO ;AUTUS (AFONSO PENA);X44;UBERLANDIA;MG;712824;SCB01;CAMILO;14410642;8857856;SIM;NOTIFICAÇÃO ENVIADA VIA PLANILHA POR CONTA DA ALTA DEMANDA;CARTA ENVIADA;09/07/2026;NÃO LOCALIZADO;FINALIZADO;FINALIZADO;;;-;Sudeste;BACKLOG 22.06_23.07
02/07/2026;02/07/2026;260702-000541;EXTRAVIO ;AUTUS (AFONSO PENA);X44;UBERLANDIA;MG;713022;SCB01;CAMILO;14410878;8861254/8861255/;SIM;NOTIFICAÇÃO ENVIADA VIA PLANILHA POR CONTA DA ALTA DEMANDA;CARTA ENVIADA;09/07/2026;NÃO LOCALIZADO;FINALIZADO;FINALIZADO;;;-;Sudeste;BACKLOG 22.06_23.07
30/06/2026;03/07/2026;260703-000012;EXTRAVIO ;JORLAN (GOIANIA);J23;GOIANIA;GO;712801;SCB01;OPERAÇÃO SOR;14408881;8853982;SIM;NOTIFICAÇÃO ENVIADA VIA PLANILHA POR CONTA DA ALTA DEMANDA;FINALIZADO COMO RESOLVIDO;10/07/2026;LOCALIZADO;FINALIZADO;FINALIZADO;;;-;CO;BACKLOG 22.06_23.07
02/07/2026;03/07/2026;260703-000076;EXTRAVIO ;VIGORITO (ABC);E92;SAO PAULO;SP;714754;SCB01;XD DIADEMA;14428822;8921857;SIM;NOTIFICAÇÃO ENVIADA VIA PLANILHA POR CONTA DA ALTA DEMANDA;CARTA ENVIADA;10/07/2026;NÃO LOCALIZADO;FINALIZADO;FINALIZADO;;;-;Sudeste;BACKLOG 22.06_23.07
02/07/2026;03/07/2026;260703-000079;EXTRAVIO ;VIGORITO (ABC);E92;SAO PAULO;SP;714754;SCB01;XD DIADEMA;14428823;8921857;SIM;NOTIFICAÇÃO ENVIADA VIA PLANILHA POR CONTA DA ALTA DEMANDA;CARTA ENVIADA;10/07/2026;NÃO LOCALIZADO;FINALIZADO;FINALIZADO;;;-;Sudeste;BACKLOG 22.06_23.07
07/05/2026;03/07/2026;260703-000141;EXTRAVIO ;ELDORADO (MACAPA);E01;MACAPA;AP;698526;SCB01;CARVALIMA;14231451;TOTAL;SIM;NOTIFICAÇÃO ENVIADA VIA PLANILHA POR CONTA DA ALTA DEMANDA;CARTA ENVIADA;10/07/2026;NÃO LOCALIZADO;FINALIZADO;FINALIZADO;;;-;Norte;NORMAL
03/07/2026;03/07/2026;260703-000184;EXTRAVIO ;AUTUS (AFONSO PENA);X44;UBERABA;MG;712828;SCB01;CAMILO;14410122;8858520;SIM;03/07/2026 - NOTIFICAÇÃO ENVIADA POR PLANILHA ;FINALIZADO COMO RESOLVIDO;10/07/2026;LOCALIZADO;FINALIZADO;FINALIZADO;;;-;Sudeste;BACKLOG 22.06_23.07
30/06/2026;03/07/2026;260703-000269;EXTRAVIO ;GRANDE MINAS (PAMPULHA);F51;BELO HORIZONTE;MG;713282;SCB01;CAMILO;14414283/144413950;8871296/8871658/;SIM;NOTIFICAÇÃO ENVIADA VIA PLANILHA POR CONTA DA ALTA DEMANDA;CARTA ENVIADA;10/07/2026;NÃO LOCALIZADO;FINALIZADO;FINALIZADO;;;-;Sudeste;BACKLOG 22.06_23.07
30/06/2026;03/07/2026;260703-000270;EXTRAVIO ;GRANDE MINAS (PAMPULHA);F51;BELO HORIZONTE;MG;712845;SCB01;CAMILO;14411241/14405744;8858231/87005668/;SIM;NOTIFICAÇÃO ENVIADA VIA PLANILHA POR CONTA DA ALTA DEMANDA;CARTA ENVIADA;10/07/2026;NÃO LOCALIZADO;FINALIZADO;FINALIZADO;;;-;Sudeste;BACKLOG 22.06_23.07
23/06/2026;03/07/2026;260703-000276;EXTRAVIO ;CVC (SERRA);L91;SERRA;ES;711288;SCB01;CAMILO;14356725;8638829;SIM;NOTIFICAÇÃO ENVIADA VIA PLANILHA POR CONTA DA ALTA DEMANDA;FINALIZADO COMO RESOLVIDO;10/07/2026;LOCALIZADO;FINALIZADO;FINALIZADO;;;-;Sudeste;NORMAL
02/07/2026;03/07/2026;260703-000313;EXTRAVIO ;SABENAUTO (DPEC FECHADO BRASILIA);T94;BRASILIA;DF;714678;SCB01;RIO VERMELHO;14415919;87015237;SIM;NOTIFICAÇÃO ENVIADA VIA PLANILHA POR CONTA DA ALTA DEMANDA;CARTA ENVIADA;10/07/2026;NÃO LOCALIZADO;FINALIZADO;FINALIZADO;;;-;CO;BACKLOG 22.06_23.07
19/06/2026;03/07/2026;260703-000315;EXTRAVIO ;VESSA (VILA VELHA);B15;VILA VELHA;ES;239057;GRU01;CAMILO;1319922;2447636;SIM;NOTIFICAÇÃO ENVIADA VIA PLANILHA POR CONTA DA ALTA DEMANDA;CARTA ENVIADA;10/07/2026;NÃO LOCALIZADO;FINALIZADO;FINALIZADO;;;-;Sudeste;NORMAL
19/06/2026;03/07/2026;260703-000318;EXTRAVIO ;VESSA (VILA VELHA);B15;VILA VELHA;ES;239057;GRU01;CAMILO;1319840;2445980/2445981;SIM;NOTIFICAÇÃO ENVIADA VIA PLANILHA POR CONTA DA ALTA DEMANDA;CARTA ENVIADA;10/07/2026;NÃO LOCALIZADO;FINALIZADO;FINALIZADO;;;-;Sudeste;NORMAL
02/07/2026;03/07/2026;260703-000334;EXTRAVIO ;ACCIOLY BARAO DE LIMEIRA;A50;RIO DE JANEIRO;RJ;714141;SCB01;CAMILO;14418377;8870128;SIM;NOTIFICAÇÃO ENVIADA VIA PLANILHA POR CONTA DA ALTA DEMANDA;CARTA ENVIADA;10/07/2026;NÃO LOCALIZADO;FINALIZADO;FINALIZADO;;;-;Sudeste;BACKLOG 22.06_23.07
26/06/2026;03/07/2026;260703-000386;EXTRAVIO ;NOVA (CAMPINAS) PEÇAS;C04;CAMPINAS;SP;714031;SCB01;XD DIADEMA;14423872;0008902569/0008902570/0008902571;SIM;NOTIFICAÇÃO ENVIADA VIA PLANILHA POR CONTA DA ALTA DEMANDA;CARTA ENVIADA;10/07/2026;NÃO LOCALIZADO;FINALIZADO;FINALIZADO;;;-;Sudeste;BACKLOG 22.06_23.07
14/07/2026;03/07/2026;260703-000412;EXTRAVIO ;OURICAR;O84;OURINHOS;SP;714387;SCB01;ALFA;14411645;8854724;SIM;NOTIFICAÇÃO ENVIADA VIA PLANILHA POR CONTA DA ALTA DEMANDA;CARTA ENVIADA;10/07/2026;NÃO LOCALIZADO;FINALIZADO;FINALIZADO;;;-;Sudeste;BACKLOG 22.06_23.07
30/06/2026;03/07/2026;260703-000438;EXTRAVIO ;PRIMARCA (ENPV BARALDI);P71;SAO PAULO;SP;713712;SCB01;XD DIADEMA;14419620/NF14419622/14419621/;8887936;SIM;NOTIFICAÇÃO ENVIADA VIA PLANILHA POR CONTA DA ALTA DEMANDA;CARTA ENVIADA;10/07/2026;NÃO LOCALIZADO;FINALIZADO;FINALIZADO;;;-;Sudeste;BACKLOG 22.06_23.07
26/06/2026;03/07/2026;260703-000445;EXTRAVIO ;PRIMARCA (ENPV BARALDI);P71;SAO PAULO;SP;713442;SCB01;XD DIADEMA;14416352;8812711;SIM;NOTIFICAÇÃO ENVIADA VIA PLANILHA POR CONTA DA ALTA DEMANDA;CARTA ENVIADA;10/07/2026;NÃO LOCALIZADO;FINALIZADO;FINALIZADO;;;-;Sudeste;BACKLOG 22.06_23.07
26/06/2026;03/07/2026;260703-000450;EXTRAVIO ;PRIMARCA (ENPV BARALDI);P71;SAO PAULO;SP;713319;SCB01;XD DIADEMA;14414420;8870661;SIM;NOTIFICAÇÃO ENVIADA VIA PLANILHA POR CONTA DA ALTA DEMANDA;CARTA ENVIADA;10/07/2026;NÃO LOCALIZADO;FINALIZADO;FINALIZADO;;;-;Sudeste;BACKLOG 22.06_23.07
17/06/2026;03/07/2026;260703-000454;EXTRAVIO ;PRIMARCA (ENPV BARALDI);P71;SAO PAULO;SP;711106;SCB01;XD DIADEMA;14389432;8780812;SIM;NOTIFICAÇÃO ENVIADA VIA PLANILHA POR CONTA DA ALTA DEMANDA;CARTA ENVIADA;10/07/2026;NÃO LOCALIZADO;FINALIZADO;FINALIZADO;;;-;Sudeste;NORMAL
30/06/2026;03/07/2026;260703-000459;EXTRAVIO ;PRIMARCA (ENPV BARALDI);P71;SAO PAULO;SP;714035;SCB01;XD DIADEMA;14423522;8902090;SIM;NOTIFICAÇÃO ENVIADA VIA PLANILHA POR CONTA DA ALTA DEMANDA;CARTA ENVIADA;10/07/2026;NÃO LOCALIZADO;FINALIZADO;FINALIZADO;;;-;Sudeste;BACKLOG 22.06_23.07
29/06/2026;03/07/2026;260703-000472;EXTRAVIO ;SINOSCAR;D35;NOVO HAMBURGO;RS;714324;SCB01;OPERAÇÃO SOR;14424931/14424332/;212556874/211890534;SIM;NOTIFICAÇÃO ENVIADA VIA PLANILHA POR CONTA DA ALTA DEMANDA;CARTA ENVIADA;10/07/2026;NÃO LOCALIZADO;FINALIZADO;FINALIZADO;;;-;Sul;BACKLOG 22.06_23.07
03/07/2026;03/07/2026;260703-000499;EXTRAVIO ;SPASSUS;S66;JUNDIAI;SP;714791;SCB01;XD DIADEMA;14428562;8921943;SIM;NOTIFICAÇÃO ENVIADA VIA PLANILHA POR CONTA DA ALTA DEMANDA;CARTA ENVIADA;10/07/2026;NÃO LOCALIZADO;FINALIZADO;FINALIZADO;;;-;Sudeste;BACKLOG 22.06_23.07
06/07/2026;04/07/2026;260704-000091;EXTRAVIO ;GRAMARCA (MIGUEL SUTIL);G21;CUIABA;MT;712322;SCB01;CARVALIMA;14403597;TOTAL/;SIM;NOTIFICAÇÃO ENVIADA VIA PLANILHA POR CONTA DA ALTA DEMANDA;CARTA ENVIADA;10/07/2026;NÃO LOCALIZADO;FINALIZADO;FINALIZADO;;;-;CO;NORMAL
01/07/2026;06/07/2026;260706-000003;EXTRAVIO ;NOVA (BELEM) - PECAS;N43;SAO BERNARDO DO CAMPO;SP;714780;SCB01;XD DIADEMA;14428942;8921400/8922556;SIM;NOTIFICAÇÃO ENVIADA VIA PLANILHA POR CONTA DA ALTA DEMANDA;CARTA ENVIADA;13/07/2026;NÃO LOCALIZADO;FINALIZADO;FINALIZADO;;;-;Sudeste;BACKLOG 22.06_23.07
02/07/2026;06/07/2026;260706-000006;EXTRAVIO ;NOVA (BELEM) - PECAS;N43;SÃO PAULO;SP;714781;SCB01;XD DIADEMA;14431055;8728873/8728875;SIM;NOTIFICAÇÃO ENVIADA VIA PLANILHA POR CONTA DA ALTA DEMANDA;CARTA ENVIADA;13/07/2026;NÃO LOCALIZADO;FINALIZADO;FINALIZADO;;;-;Sudeste;BACKLOG 22.06_23.07
02/07/2026;06/07/2026;260706-000040;EXTRAVIO ;JAVEP (JAU);C14;SAO CARLOS;SP;714384;SCB01;ALFA;14415057;8875290;SIM;NOTIFICAÇÃO ENVIADA VIA PLANILHA POR CONTA DA ALTA DEMANDA;FINALIZADO COMO RESOLVIDO;13/07/2026;LOCALIZADO;FINALIZADO;FINALIZADO;;;-;Sudeste;BACKLOG 22.06_23.07
02/07/2026;06/07/2026;260706-000058;EXTRAVIO ;ACCIOLY BARAO DE LIMEIRA;A50;SAO PAULO;SP;713813;SCB01;XD DIADEMA;14416820;8869978;SIM;NOTIFICAÇÃO ENVIADA VIA PLANILHA POR CONTA DA ALTA DEMANDA;CARTA ENVIADA;13/07/2026;NÃO LOCALIZADO;FINALIZADO;FINALIZADO;;;-;Sudeste;BACKLOG 22.06_23.07
02/07/2026;06/07/2026;260706-000060;EXTRAVIO ;ACCIOLY BARAO DE LIMEIRA;A50;SAO PAULO;SP;714505;SCB01;XD DIADEMA;14428293;"0008917985/0008917986/0008925093/0008925094/0008869694/0008869698
0008869699/0008869701/0008869702/0008883862/0008883863/0008791148
0008791149/0008837268/0008883839";SIM;NOTIFICAÇÃO ENVIADA VIA PLANILHA POR CONTA DA ALTA DEMANDA;CARTA ENVIADA;13/07/2026;NÃO LOCALIZADO;FINALIZADO;FINALIZADO;;;-;Sudeste;BACKLOG 22.06_23.07
30/06/2026;06/07/2026;260706-000065;EXTRAVIO ;ACCIOLY BARAO DE LIMEIRA;A50;SAO PAULO;SP;713489;SCB01;XD DIADEMA;14418827;0008887134/0008887135/0008870684/0008871889;SIM;NOTIFICAÇÃO ENVIADA VIA PLANILHA POR CONTA DA ALTA DEMANDA;CARTA ENVIADA;13/07/2026;NÃO LOCALIZADO;FINALIZADO;FINALIZADO;;;-;Sudeste;BACKLOG 22.06_23.07
30/06/2026;06/07/2026;260706-000104;EXTRAVIO ;VEIBRAS;V43;SAO JOSE DOS CAMPOS;SP;714045;SCB01;XD DIADEMA;14422934;8901899;SIM;NOTIFICAÇÃO ENVIADA VIA PLANILHA POR CONTA DA ALTA DEMANDA;CARTA ENVIADA;13/07/2026;NÃO LOCALIZADO;FINALIZADO;FINALIZADO;;;-;Sudeste;BACKLOG 22.06_23.07
03/07/2026;06/07/2026;260706-000171;EXTRAVIO ;CIVESA;C20;ARARAS;SP;714372;SCB01;ALFA;14420007;8890340/0008881061/0008881063/0008881065/0008881057.;SIM;NOTIFICAÇÃO ENVIADA VIA PLANILHA POR CONTA DA ALTA DEMANDA;CARTA ENVIADA;13/07/2026;NÃO LOCALIZADO;FINALIZADO;FINALIZADO;;;-;Sudeste;BACKLOG 22.06_23.07
06/07/2026;06/07/2026;260706-000255;EXTRAVIO ;VEMAFRE;V01;FRANCA;SP;714871;SCB01;ALFA;14431267/14431268/;8935687;SIM;NOTIFICAÇÃO ENVIADA VIA PLANILHA POR CONTA DA ALTA DEMANDA;CARTA ENVIADA;13/07/2026;NÃO LOCALIZADO;FINALIZADO;FINALIZADO;;;-;Sudeste;BACKLOG 22.06_23.07
30/06/2026;06/07/2026;260706-000260;EXTRAVIO ;ACCIOLY BARAO DE LIMEIRA;A50;SANTO ANDRE;SP;713248;SCB01;XD DIADEMA;14414402;"0008870655/0008870668/0008870669/0008871119/0008871582/0008902472
0008887398/0008871366/0008781279/0008664590/0008902476/";SIM;NOTIFICAÇÃO ENVIADA VIA PLANILHA POR CONTA DA ALTA DEMANDA;CARTA ENVIADA;13/07/2026;NÃO LOCALIZADO;FINALIZADO;FINALIZADO;;;-;Sudeste;BACKLOG 22.06_23.07
14/07/2026;06/07/2026;260706-000269;EXTRAVIO ;SABENAUTO (DUQUE DE CAXIAS);U09;DUQUE DE CAXIAS;RJ;714816;SCB01;CAMILO;14431475;TOTAL;SIM;NOTIFICAÇÃO ENVIADA VIA PLANILHA POR CONTA DA ALTA DEMANDA;CARTA ENVIADA;13/07/2026;NÃO LOCALIZADO;FINALIZADO;FINALIZADO;;;-;Sudeste;BACKLOG 22.06_23.07
14/07/2026;06/07/2026;260706-000274;EXTRAVIO ;SABENAUTO (DUQUE DE CAXIAS);U09;DUQUE DE CAXIAS;RJ;714816;SCB01;CAMILO;14427221;8918520/-/8918521;SIM;NOTIFICAÇÃO ENVIADA VIA PLANILHA POR CONTA DA ALTA DEMANDA;CARTA ENVIADA;13/07/2026;NÃO LOCALIZADO;FINALIZADO;FINALIZADO;;;-;Sudeste;BACKLOG 22.06_23.07
06/07/2026;06/07/2026;260706-000273;EXTRAVIO ;CODIVE (CAMPINAS);K15;CAMPINAS;SP;714009;SCB01;XD DIADEMA;14423265;8740811;SIM;NOTIFICAÇÃO ENVIADA VIA PLANILHA POR CONTA DA ALTA DEMANDA;CARTA ENVIADA;13/07/2026;NÃO LOCALIZADO;FINALIZADO;FINALIZADO;;;-;Sudeste;BACKLOG 22.06_23.07
06/07/2026;06/07/2026;260706-000278;EXTRAVIO ;CODIVE (CAMPINAS);K15;CAMPINAS;SP;714009;SCB01;XD DIADEMA;14423682;8740805/8740806;SIM;NOTIFICAÇÃO ENVIADA VIA PLANILHA POR CONTA DA ALTA DEMANDA;CARTA ENVIADA;13/07/2026;NÃO LOCALIZADO;FINALIZADO;FINALIZADO;;;-;Sudeste;BACKLOG 22.06_23.07
06/07/2026;06/07/2026;260706-000279;EXTRAVIO ;CODIVE (CAMPINAS);K15;CAMPINAS;SP;714009;SCB01;XD DIADEMA;14423029;8696276;SIM;NOTIFICAÇÃO ENVIADA VIA PLANILHA POR CONTA DA ALTA DEMANDA;CARTA ENVIADA;13/07/2026;NÃO LOCALIZADO;FINALIZADO;FINALIZADO;;;-;Sudeste;BACKLOG 22.06_23.07
14/07/2026;06/07/2026;260706-000303;EXTRAVIO ;SABENAUTO (DUQUE DE CAXIAS);U09;DUQUE DE CAXIAS;RJ;714342;SCB01;CAMILO;14422195;8899485;SIM;NOTIFICAÇÃO ENVIADA VIA PLANILHA POR CONTA DA ALTA DEMANDA;CARTA ENVIADA;13/07/2026;NÃO LOCALIZADO;FINALIZADO;FINALIZADO;;;-;Sudeste;BACKLOG 22.06_23.07
;06/07/2026;260706-000306;EXTRAVIO ;SABENAUTO (DUQUE DE CAXIAS);U09;DUQUE DE CAXIAS;RJ;Sem embarque;SCB01;OPERAÇÃO SOR;1442296;8899656;SIM;NOTIFICAÇÃO ENVIADA VIA PLANILHA POR CONTA DA ALTA DEMANDA;CARTA ENVIADA;13/07/2026;NÃO LOCALIZADO;FINALIZADO;FINALIZADO;;;-;Sudeste;NORMAL
30/06/2026;06/07/2026;260706-000411;EXTRAVIO ;AMERICAS (BARRA);F34;RIO DE JANEIRO;RJ;713281;SCB01;XD DIADEMA;"14414417;/14414000/";"/8870627;/8870628;/8870629;/8870630;8870631;8870609.";SIM;NOTIFICAÇÃO ENVIADA VIA PLANILHA POR CONTA DA ALTA DEMANDA;CARTA ENVIADA;13/07/2026;NÃO LOCALIZADO;FINALIZADO;FINALIZADO;;;-;Sudeste;BACKLOG 22.06_23.07
30/06/2026;06/07/2026;260706-000424;EXTRAVIO ;AMERICAS (BARRA);F34;RIO DE JANEIRO;RJ;712844;SCB01;XD DIADEMA;14410777;"8793207;/8856865.";SIM;NOTIFICAÇÃO ENVIADA VIA PLANILHA POR CONTA DA ALTA DEMANDA;CARTA ENVIADA;13/07/2026;NÃO LOCALIZADO;FINALIZADO;FINALIZADO;;;-;Sudeste;BACKLOG 22.06_23.07
30/06/2026;06/07/2026;260706-000426;EXTRAVIO ;AMERICAS (BARRA);F34;RIO DE JANEIRO;RJ;713408;SCB01;XD DIADEMA;14413816;8870484;SIM;NOTIFICAÇÃO ENVIADA VIA PLANILHA POR CONTA DA ALTA DEMANDA;CARTA ENVIADA;13/07/2026;NÃO LOCALIZADO;FINALIZADO;FINALIZADO;;;-;Sudeste;BACKLOG 22.06_23.07
30/06/2026;06/07/2026;260706-000432;EXTRAVIO ;AMERICAS (BARRA);F34;RIO DE JANEIRO;RJ;713509;SCB01;XD DIADEMA;14419320/14418934/;"8892400;/8892665.";SIM;NOTIFICAÇÃO ENVIADA VIA PLANILHA POR CONTA DA ALTA DEMANDA;CARTA ENVIADA;13/07/2026;NÃO LOCALIZADO;FINALIZADO;FINALIZADO;;;-;Sudeste;BACKLOG 22.06_23.07
17/08/2026;06/07/2026;260706-000488;EXTRAVIO ;JAVEP (JAU);C14;JAU;SP;715646;SCB01;ALFA;14439236;8994246;SIM;NOTIFICAÇÃO ENVIADA VIA PLANILHA POR CONTA DA ALTA DEMANDA;CARTA ENVIADA;13/07/2026;NÃO LOCALIZADO;FINALIZADO;FINALIZADO;;;-;Sudeste;BACKLOG 22.06_23.07
30/06/2026;07/07/2026;260707-000004;EXTRAVIO ;JORLAN (GOIANIA);J23;GOIANIA;GO;713592;SCB01;OPERAÇÃO SOR;14408833;8861630;SIM;NOTIFICAÇÃO ENVIADA VIA PLANILHA POR CONTA DA ALTA DEMANDA;CARTA ENVIADA;14/07/2026;NÃO LOCALIZADO;FINALIZADO;FINALIZADO;;;-;CO;BACKLOG 22.06_23.07
02/07/2026;07/07/2026;260707-000043;EXTRAVIO ;PLANETA (BRASILIA);S28;BRASILIA;DF;713951;SCB01;RIO VERMELHO;14421144;8501259;SIM;NOTIFICAÇÃO ENVIADA VIA PLANILHA POR CONTA DA ALTA DEMANDA;CARTA ENVIADA;14/07/2026;NÃO LOCALIZADO;FINALIZADO;FINALIZADO;;;-;CO;BACKLOG 22.06_23.07
06/07/2026;07/07/2026;260707-000048;EXTRAVIO ;AMERICAS (BARRA);F34;RIO DE JANEIRO;RJ;714249;SCB01;XD DIADEMA;14424455;"8781264;/8781339.";SIM;NOTIFICAÇÃO ENVIADA VIA PLANILHA POR CONTA DA ALTA DEMANDA;CARTA ENVIADA;14/07/2026;NÃO LOCALIZADO;FINALIZADO;FINALIZADO;;;-;Sudeste;BACKLOG 22.06_23.07
06/07/2026;07/07/2026;260707-000052;EXTRAVIO ;VEIBRAS;V43;SAO JOSE DOS CAMPOS;SP;714651;SCB01;XD DIADEMA;14424243/14428753/14428759/14427847;/8906642/8921330/8921381;SIM;NOTIFICAÇÃO ENVIADA VIA PLANILHA POR CONTA DA ALTA DEMANDA;CARTA ENVIADA;14/07/2026;NÃO LOCALIZADO;FINALIZADO;FINALIZADO;;;-;Sudeste;BACKLOG 22.06_23.07
06/07/2026;07/07/2026;260707-000053;EXTRAVIO ;AMERICAS (BARRA);F34;RIO DE JANEIRO;RJ;714182;SCB01;XD DIADEMA;14424374;8892820;SIM;NOTIFICAÇÃO ENVIADA VIA PLANILHA POR CONTA DA ALTA DEMANDA;CARTA ENVIADA;14/07/2026;NÃO LOCALIZADO;FINALIZADO;FINALIZADO;;;-;Sudeste;BACKLOG 22.06_23.07
06/07/2026;07/07/2026;260707-000062;EXTRAVIO ;AMERICAS (BARRA);F34;RIO DE JANEIRO;RJ;714756;SCB01;XD DIADEMA;14429071;"8922569;/8922570;/8922571.";SIM;NOTIFICAÇÃO ENVIADA VIA PLANILHA POR CONTA DA ALTA DEMANDA;CARTA ENVIADA;14/07/2026;NÃO LOCALIZADO;FINALIZADO;FINALIZADO;;;-;Sudeste;BACKLOG 22.06_23.07
03/07/2026;07/07/2026;260707-000067;EXTRAVIO ;JORLAN (BARAO H. DE MELO);J66;BELO HORIZONTE;MG;714539;SCB01;XD MINAS;14429877;8921924;SIM;NOTIFICAÇÃO ENVIADA VIA PLANILHA POR CONTA DA ALTA DEMANDA;CARTA ENVIADA;14/07/2026;NÃO LOCALIZADO;FINALIZADO;FINALIZADO;;;-;Sudeste;BACKLOG 22.06_23.07
03/07/2026;07/07/2026;260707-000070;EXTRAVIO ;JORLAN (BARAO H. DE MELO);J66;BELO HORIZONTE;MG;714187;SCB01;XD MINAS;14425951;8891904;SIM;NOTIFICAÇÃO ENVIADA VIA PLANILHA POR CONTA DA ALTA DEMANDA;CARTA ENVIADA;14/07/2026;NÃO LOCALIZADO;FINALIZADO;FINALIZADO;;;-;Sudeste;BACKLOG 22.06_23.07
06/07/2026;07/07/2026;260707-000148;EXTRAVIO ;ACCIOLY BARAO DE LIMEIRA;A50;RIO DE JANEIRO;RJ;715917;SCB01;CAMILO;14437096;8856049;SIM;NOTIFICAÇÃO ENVIADA VIA PLANILHA POR CONTA DA ALTA DEMANDA;CARTA ENVIADA;14/07/2026;NÃO LOCALIZADO;FINALIZADO;FINALIZADO;;;-;Sudeste;BACKLOG 22.06_23.07
08/07/2026;07/07/2026;260707-000178;EXTRAVIO ;ACCIOLY BARAO DE LIMEIRA;A50;RIO DE JANEIRO;RJ;715120;SCB01;CAMILO;14429746;8918768;SIM;NOTIFICAÇÃO ENVIADA VIA PLANILHA POR CONTA DA ALTA DEMANDA;CARTA ENVIADA;14/07/2026;NÃO LOCALIZADO;FINALIZADO;FINALIZADO;;;-;Sudeste;BACKLOG 22.06_23.07
08/07/2026;07/07/2026;260707-000206;EXTRAVIO ;ACCIOLY BARAO DE LIMEIRA;A50;RIO DE JANEIRO;RJ;715120;SCB01;CAMILO;14432044;8938211/0008938204/&/0008938205/;SIM;NOTIFICAÇÃO ENVIADA VIA PLANILHA POR CONTA DA ALTA DEMANDA;CARTA ENVIADA;14/07/2026;NÃO LOCALIZADO;FINALIZADO;FINALIZADO;;;-;Sudeste;BACKLOG 22.06_23.07
02/07/2026;07/07/2026;260707-000224;EXTRAVIO ;COTAC (SUZANO);Y21;MOGI DAS CRUZES;SP;714747;SCB01;ALFA;14428746;8920029;SIM;NOTIFICAÇÃO ENVIADA VIA PLANILHA POR CONTA DA ALTA DEMANDA;CARTA ENVIADA;14/07/2026;NÃO LOCALIZADO;FINALIZADO;FINALIZADO;;;-;Sudeste;BACKLOG 22.06_23.07
08/07/2026;07/07/2026;260707-000232;EXTRAVIO ;ACCIOLY BARAO DE LIMEIRA;A50;RIO DE JANEIRO;RJ;715120;SCB01;CAMILO;14432046;8919192;SIM;NOTIFICAÇÃO ENVIADA VIA PLANILHA POR CONTA DA ALTA DEMANDA;CARTA ENVIADA;14/07/2026;NÃO LOCALIZADO;FINALIZADO;FINALIZADO;;;-;Sudeste;BACKLOG 22.06_23.07
08/07/2026;07/07/2026;260707-000243;EXTRAVIO ;ACCIOLY BARAO DE LIMEIRA;A50;RIO DE JANEIRO;RJ;715120;SCB01;CAMILO;14432044;8919192;SIM;NOTIFICAÇÃO ENVIADA VIA PLANILHA POR CONTA DA ALTA DEMANDA;CARTA ENVIADA;14/07/2026;NÃO LOCALIZADO;FINALIZADO;FINALIZADO;;;-;Sudeste;BACKLOG 22.06_23.07
10/06/2026;07/07/2026;260707-000255;EXTRAVIO ;NOVA (CAMPINAS) PEÇAS;C04;CAMPINAS;SP;709778;SCB01;XD DIADEMA;14372265;8680095;SIM;NOTIFICAÇÃO ENVIADA VIA PLANILHA POR CONTA DA ALTA DEMANDA;CARTA ENVIADA;14/07/2026;NÃO LOCALIZADO;FINALIZADO;FINALIZADO;;;-;Sudeste;NORMAL
02/07/2026;07/07/2026;260707-000258;EXTRAVIO ;NOVA (CAMPINAS) PEÇAS;C04;CAMPINAS;SP;714782;SCB01;XD DIADEMA;14431062/14431057;0008744252/0008744253/0008728870/0008728871;SIM;NOTIFICAÇÃO ENVIADA VIA PLANILHA POR CONTA DA ALTA DEMANDA;CARTA ENVIADA;14/07/2026;NÃO LOCALIZADO;FINALIZADO;FINALIZADO;;;-;Sudeste;BACKLOG 22.06_23.07
07/07/2026;07/07/2026;260707-000259;EXTRAVIO ;NOVA (BELEM) - PECAS;N43;SÃO PAULO;SP;715499;SCB01;XD DIADEMA;14436882;8956048;SIM;NOTIFICAÇÃO ENVIADA VIA PLANILHA POR CONTA DA ALTA DEMANDA;CARTA ENVIADA;14/07/2026;NÃO LOCALIZADO;FINALIZADO;FINALIZADO;;;-;Sudeste;BACKLOG 22.06_23.07
10/07/2026;07/07/2026;260707-000265;EXTRAVIO ;NOVA (BELEM) - PECAS;N43;GOIANIA;GO;715888;SCB01;OPERAÇÃO SOR;14436785;8985232;SIM;NOTIFICAÇÃO ENVIADA VIA PLANILHA POR CONTA DA ALTA DEMANDA;CARTA ENVIADA;14/07/2026;NÃO LOCALIZADO;FINALIZADO;FINALIZADO;;;-;CO;BACKLOG 22.06_23.07
10/07/2026;07/07/2026;260707-000329;EXTRAVIO ;NOVA (BELEM) - PECAS;N43;SAO JOSE DOS CAMPOS;SP;716431;SCB01;XD DIADEMA;14436785;8958232;SIM;NOTIFICAÇÃO ENVIADA VIA PLANILHA POR CONTA DA ALTA DEMANDA;CARTA ENVIADA;14/07/2026;NÃO LOCALIZADO;FINALIZADO;FINALIZADO;;;-;Sudeste;BACKLOG 22.06_23.07
13/07/2026;07/07/2026;260707-000378;EXTRAVIO ;GURIVEL (PIANNA SAO MATEUS);J97;SAO MATEUS;ES;711875;SCB01;CAMILO;14394306;8809331;SIM;NOTIFICAÇÃO ENVIADA VIA PLANILHA POR CONTA DA ALTA DEMANDA;CARTA ENVIADA;14/07/2026;NÃO LOCALIZADO;FINALIZADO;FINALIZADO;;;-;Sudeste;NORMAL
07/07/2026;07/07/2026;260707-000400;EXTRAVIO ;VEIBRAS;V43;SAO JOSE DOS CAMPOS;SP;715002;SCB01;XD DIADEMA;14428518;8902462;SIM;NOTIFICAÇÃO ENVIADA VIA PLANILHA POR CONTA DA ALTA DEMANDA;CARTA ENVIADA;14/07/2026;NÃO LOCALIZADO;FINALIZADO;FINALIZADO;;;-;Sudeste;BACKLOG 22.06_23.07
07/07/2026;07/07/2026;260707-000409;EXTRAVIO ;CODIVE (CAMPINAS);K15;CAMPINAS;SP;715475;SCB01;XD DIADEMA;14436389;8956899/8956901/8956906;SIM;NOTIFICAÇÃO ENVIADA VIA PLANILHA POR CONTA DA ALTA DEMANDA;FINALIZADO COMO RESOLVIDO;14/07/2026;LOCALIZADO;FINALIZADO;FINALIZADO;;;-;Sudeste;BACKLOG 22.06_23.07
;08/07/2026;260708-000015;EXTRAVIO ;JAVEP (JAU);C14;SAO JOSE DO RIO PRETO;SP;704742;SCB01;ALFA;205747;total;SIM;NOTIFICAÇÃO ENVIADA VIA PLANILHA POR CONTA DA ALTA DEMANDA;CARTA ENVIADA;15/07/2026;NÃO LOCALIZADO;FINALIZADO;FINALIZADO;;;-;Sudeste;NORMAL
02/07/2026;08/07/2026;260708-000046;EXTRAVIO ;VIGORITO (ABC);E92;SAO PAULO;SP;714523;SCB01;XD DIADEMA;14430023/e/14429206;:/8921713/8920263;SIM;NOTIFICAÇÃO ENVIADA VIA PLANILHA POR CONTA DA ALTA DEMANDA;CARTA ENVIADA;15/07/2026;NÃO LOCALIZADO;FINALIZADO;FINALIZADO;;;-;Sudeste;BACKLOG 22.06_23.07
19/06/2026;08/07/2026;260708-000049;EXTRAVIO ;VIGORITO (ABC);E92;SAO PAULO;SP;711610;SCB01;XD DIADEMA;14393406;8781309;SIM;NOTIFICAÇÃO ENVIADA VIA PLANILHA POR CONTA DA ALTA DEMANDA;CARTA ENVIADA;15/07/2026;NÃO LOCALIZADO;FINALIZADO;FINALIZADO;;;-;Sudeste;NORMAL
29/06/2026;08/07/2026;260708-000052;EXTRAVIO ;VIGORITO (ABC);E92;SAO PAULO;SP;713279;SCB01;XD DIADEMA;14414408;8870850;SIM;NOTIFICAÇÃO ENVIADA VIA PLANILHA POR CONTA DA ALTA DEMANDA;CARTA ENVIADA;15/07/2026;NÃO LOCALIZADO;FINALIZADO;FINALIZADO;;;-;Sudeste;BACKLOG 22.06_23.07
19/06/2026;08/07/2026;260708-000055;EXTRAVIO ;VIGORITO (ABC);E92;SAO PAULO;SP;711927;SCB01;XD DIADEMA;14396156;8810394;SIM;NOTIFICAÇÃO ENVIADA VIA PLANILHA POR CONTA DA ALTA DEMANDA;FINALIZADO COMO RESOLVIDO;15/07/2026;LOCALIZADO;FINALIZADO;FINALIZADO;;;-;Sudeste;NORMAL
26/06/2026;08/07/2026;260708-000058;EXTRAVIO ;VIGORITO (ABC);E92;SAO PAULO;SP;711328;SCB01;XD DIADEMA;14390981/14391162;8780357/8795676;SIM;NOTIFICAÇÃO ENVIADA VIA PLANILHA POR CONTA DA ALTA DEMANDA;CARTA ENVIADA;15/07/2026;NÃO LOCALIZADO;FINALIZADO;FINALIZADO;;;-;Sudeste;NORMAL
07/07/2026;08/07/2026;260708-000176;EXTRAVIO ;ACCIOLY BARAO DE LIMEIRA;A50;RIO DE JANEIRO;RJ;716215;SCB01;CAMILO;14400692;8822330;SIM;NOTIFICAÇÃO ENVIADA VIA PLANILHA POR CONTA DA ALTA DEMANDA;CARTA ENVIADA;15/07/2026;NÃO LOCALIZADO;FINALIZADO;FINALIZADO;;;-;Sudeste;BACKLOG 22.06_23.07
26/06/2026;08/07/2026;260708-000187;EXTRAVIO ;CARRERA (OSASCO);J63;SAO PAULO;SP;713422;SCB01;XD DIADEMA;14416349;8875991;SIM;NOTIFICAÇÃO ENVIADA VIA PLANILHA POR CONTA DA ALTA DEMANDA;CARTA ENVIADA;15/07/2026;NÃO LOCALIZADO;FINALIZADO;FINALIZADO;;;-;Sudeste;BACKLOG 22.06_23.07
23/06/2026;08/07/2026;260708-000359;EXTRAVIO ;VESSA (VILA VELHA);B15;VILA VELHA;ES;711301;SCB01;CAMILO;14356708;8638167/8638168/8638174/8638175/8638186/8638187/8638310;SIM;NOTIFICAÇÃO ENVIADA VIA PLANILHA POR CONTA DA ALTA DEMANDA;CARTA ENVIADA;15/07/2026;NÃO LOCALIZADO;FINALIZADO;FINALIZADO;;;-;Sudeste;NORMAL
23/06/2026;08/07/2026;260708-000363;EXTRAVIO ;VESSA (VILA VELHA);B15;VILA VELHA;ES;711301;SCB01;CAMILO;14356706;8638149/8638291/8638293/8638674/8638675/8638676/86016264;SIM;NOTIFICAÇÃO ENVIADA VIA PLANILHA POR CONTA DA ALTA DEMANDA;CARTA ENVIADA;15/07/2026;NÃO LOCALIZADO;FINALIZADO;FINALIZADO;;;-;Sudeste;NORMAL
23/06/2026;08/07/2026;260708-000365;EXTRAVIO ;VESSA (VILA VELHA);B15;VILA VELHA;ES;711301;SCB01;CAMILO;14386327;80277421;SIM;NOTIFICAÇÃO ENVIADA VIA PLANILHA POR CONTA DA ALTA DEMANDA;FINALIZADO COMO RESOLVIDO;15/07/2026;LOCALIZADO;FINALIZADO;FINALIZADO;;;-;Sudeste;NORMAL
23/06/2026;08/07/2026;260708-000368;EXTRAVIO ;VESSA (VILA VELHA);B15;VILA VELHA;ES;711301;SCB01;CAMILO;14356707;86016264;SIM;NOTIFICAÇÃO ENVIADA VIA PLANILHA POR CONTA DA ALTA DEMANDA;CARTA ENVIADA;15/07/2026;NÃO LOCALIZADO;FINALIZADO;FINALIZADO;;;-;Sudeste;NORMAL
07/07/2026;08/07/2026;260708-000387;EXTRAVIO ;AMERICAS (BARRA);F34;RIO DE JANEIRO;RJ;714447;SCB01;XD DIADEMA;"14429131;/14428736;/14427193;/14426683;/14428038;14427871/;/14428059";"8922534;/8921064;/8921065;/8921066;/8921067;/8921068;/8921069;/8921070;/8920343;/8887389;/8887390:/8922361:/8922362:/8921559;/8920616.";SIM;NOTIFICAÇÃO ENVIADA VIA PLANILHA POR CONTA DA ALTA DEMANDA;CARTA ENVIADA;15/07/2026;NÃO LOCALIZADO;FINALIZADO;FINALIZADO;;;-;Sudeste;BACKLOG 22.06_23.07
07/07/2026;08/07/2026;260708-000396;EXTRAVIO ;AMERICAS (BARRA);F34;RIO DE JANEIRO;RJ;714605;SCB01;XD DIADEMA;"/14429397;/14428845;/14428172;/14428595/";"/8921753;/8920004;/8921442;/8921344.";SIM;NOTIFICAÇÃO ENVIADA VIA PLANILHA POR CONTA DA ALTA DEMANDA;CARTA ENVIADA;15/07/2026;NÃO LOCALIZADO;FINALIZADO;FINALIZADO;;;-;Sudeste;BACKLOG 22.06_23.07
07/07/2026;08/07/2026;260708-000400;EXTRAVIO ;AMERICAS (BARRA);F34;RIO DE JANEIRO;RJ;715096;SCB01;XD DIADEMA;14429600;"8922596;/8922604.";SIM;NOTIFICAÇÃO ENVIADA VIA PLANILHA POR CONTA DA ALTA DEMANDA;CARTA ENVIADA;15/07/2026;NÃO LOCALIZADO;FINALIZADO;FINALIZADO;;;-;Sudeste;BACKLOG 22.06_23.07
07/07/2026;08/07/2026;260708-000401;EXTRAVIO ;AMERICAS (BARRA);F34;RIO DE JANEIRO;RJ;716109;SCB01;XD DIADEMA;14438384;8989329;SIM;NOTIFICAÇÃO ENVIADA VIA PLANILHA POR CONTA DA ALTA DEMANDA;CARTA ENVIADA;15/07/2026;NÃO LOCALIZADO;FINALIZADO;FINALIZADO;;;-;Sudeste;BACKLOG 22.06_23.07
07/07/2026;08/07/2026;260708-000406;EXTRAVIO ;AMERICAS (BARRA);F34;RIO DE JANEIRO;RJ;714975;SCB01;XD DIADEMA;14431951;8937874;SIM;NOTIFICAÇÃO ENVIADA VIA PLANILHA POR CONTA DA ALTA DEMANDA;CARTA ENVIADA;15/07/2026;NÃO LOCALIZADO;FINALIZADO;FINALIZADO;;;-;Sudeste;BACKLOG 22.06_23.07
07/07/2026;08/07/2026;260708-000419;EXTRAVIO ;AMERICAS (BARRA);F34;RIO DE JANEIRO;RJ;715736;SCB01;XD DIADEMA;"/14439732;/14439733;/14437757;/14437758;/14436896;/14436897/";"8956413;/8989419;/8989760;/8990001;/8990003;/8990266.";SIM;NOTIFICAÇÃO ENVIADA VIA PLANILHA POR CONTA DA ALTA DEMANDA;CARTA ENVIADA;15/07/2026;NÃO LOCALIZADO;FINALIZADO;FINALIZADO;;;-;Sudeste;BACKLOG 22.06_23.07
06/07/2026;09/07/2026;260709-000157;EXTRAVIO ;PLANETA (BRASILIA);S28;BRASILIA;DF;716657;SCB01;RIO VERMELHO;14443105;9014693;SIM;NOTIFICAÇÃO ENVIADA VIA PLANILHA POR CONTA DA ALTA DEMANDA;CARTA ENVIADA;16/07/2026;NÃO LOCALIZADO;FINALIZADO;FINALIZADO;;;-;CO;BACKLOG 22.06_23.07
06/07/2026;09/07/2026;260709-000149;EXTRAVIO ;ACCIOLY BARAO DE LIMEIRA;A50;BELO HORIZONTE;MG;712820;SCB01;OPERAÇÃO SOR;14410842;0008679119/0008829851/0008852467/0008857468/0008857471/0008857472/0008857504/0008857505/0008857510/0008857512/0008857513/0008857514/0008857515/0008857509;SIM;NOTIFICAÇÃO ENVIADA VIA PLANILHA POR CONTA DA ALTA DEMANDA;CARTA ENVIADA;16/07/2026;NÃO LOCALIZADO;FINALIZADO;FINALIZADO;;;-;Sudeste;BACKLOG 22.06_23.07
30/06/2026;09/07/2026;260709-000147;EXTRAVIO ;ACCIOLY BARAO DE LIMEIRA;A50;BELO HORIZONTE;MG;713490;SCB01;OPERAÇÃO SOR;14419043;declaro/volumes/faltando;SIM;NOTIFICAÇÃO ENVIADA VIA PLANILHA POR CONTA DA ALTA DEMANDA;CARTA ENVIADA;16/07/2026;NÃO LOCALIZADO;FINALIZADO;FINALIZADO;;;-;Sudeste;BACKLOG 22.06_23.07
30/06/2026;09/07/2026;260709-000144;EXTRAVIO ;ACCIOLY BARAO DE LIMEIRA;A50;BELO HORIZONTE;MG;713378;SCB01;XD MINAS;14416559/14403092/14403216/14418547/14414983;"0008709766/;0008828801;0008871367;0008871924";SIM;NOTIFICAÇÃO ENVIADA VIA PLANILHA POR CONTA DA ALTA DEMANDA;CARTA ENVIADA;16/07/2026;NÃO LOCALIZADO;FINALIZADO;FINALIZADO;;;-;Sudeste;BACKLOG 22.06_23.07
30/06/2026;09/07/2026;260709-000143;EXTRAVIO ;ACCIOLY BARAO DE LIMEIRA;A50;BELO HORIZONTE;MG;713250;SCB01;OPERAÇÃO SOR;14414018;0008870733/0008870836/0008870855/0008871884/0008871896/0008871897;SIM;NOTIFICAÇÃO ENVIADA VIA PLANILHA POR CONTA DA ALTA DEMANDA;CARTA ENVIADA;16/07/2026;NÃO LOCALIZADO;FINALIZADO;FINALIZADO;;;-;Sudeste;BACKLOG 22.06_23.07
30/06/2026;09/07/2026;260709-000128;EXTRAVIO ;AUTORIO;G52;RIO VERDE;GO;714661;SCB01;OPERAÇÃO SOR;14422708;total;SIM;NOTIFICAÇÃO ENVIADA VIA PLANILHA POR CONTA DA ALTA DEMANDA;FINALIZADO COMO RESOLVIDO;16/07/2026;LOCALIZADO;FINALIZADO;FINALIZADO;;;-;CO;BACKLOG 22.06_23.07
09/07/2026;09/07/2026;260709-000126;EXTRAVIO ;GRANDE MINAS (PAMPULHA);F51;BELO HORIZONTE;MG;714606;SCB01;XD MINAS;14429162;8921320;SIM;NOTIFICAÇÃO ENVIADA VIA PLANILHA POR CONTA DA ALTA DEMANDA;CARTA ENVIADA;16/07/2026;NÃO LOCALIZADO;FINALIZADO;FINALIZADO;;;-;Sudeste;BACKLOG 22.06_23.07
22/06/2026;09/07/2026;260709-000125;EXTRAVIO ;GRAMARCA (VARZEA GRANDE);G22;BELO HORIZONTE;MG;711844;SCB01;OPERAÇÃO SOR;14397365;8819712;SIM;NOTIFICAÇÃO ENVIADA VIA PLANILHA POR CONTA DA ALTA DEMANDA;CARTA ENVIADA;16/07/2026;NÃO LOCALIZADO;FINALIZADO;FINALIZADO;;;-;Sudeste;NORMAL
22/06/2026;09/07/2026;260709-000124;EXTRAVIO ;GRANDE MINAS (PAMPULHA);F51;BELO HORIZONTE;MG;715737;SCB01;XD DIADEMA;14439578;8990503;SIM;NOTIFICAÇÃO ENVIADA VIA PLANILHA POR CONTA DA ALTA DEMANDA;CARTA ENVIADA;16/07/2026;NÃO LOCALIZADO;FINALIZADO;FINALIZADO;;;-;Sudeste;BACKLOG 22.06_23.07
09/07/2026;09/07/2026;260709-000121;EXTRAVIO ;GRANDE MINAS (PAMPULHA);F51;BELO HORIZONTE;MG;714606;SCB01;XD MINAS;14428889;8920924;SIM;NOTIFICAÇÃO ENVIADA VIA PLANILHA POR CONTA DA ALTA DEMANDA;CARTA ENVIADA;16/07/2026;NÃO LOCALIZADO;FINALIZADO;FINALIZADO;;;-;Sudeste;BACKLOG 22.06_23.07
09/07/2026;09/07/2026;260709-000120;EXTRAVIO ;GRANDE MINAS (PAMPULHA);F51;BELO HORIZONTE;MG;714606;SCB01;XD MINAS;14428889;8920920;SIM;NOTIFICAÇÃO ENVIADA VIA PLANILHA POR CONTA DA ALTA DEMANDA;CARTA ENVIADA;16/07/2026;NÃO LOCALIZADO;FINALIZADO;FINALIZADO;;;-;Sudeste;BACKLOG 22.06_23.07
09/07/2026;09/07/2026;260709-000119;EXTRAVIO ;GRANDE MINAS (PAMPULHA);F51;BELO HORIZONTE;MG;714606;SCB01;XD MINAS;14429718;Total;SIM;NOTIFICAÇÃO ENVIADA VIA PLANILHA POR CONTA DA ALTA DEMANDA;CARTA ENVIADA;16/07/2026;NÃO LOCALIZADO;FINALIZADO;FINALIZADO;;;-;Sudeste;BACKLOG 22.06_23.07
09/07/2026;09/07/2026;260709-000112;EXTRAVIO ;GRANDE MINAS (PAMPULHA);F51;BELO HORIZONTE;MG;714606;SCB01;XD MINAS;14429162;26250929;SIM;NOTIFICAÇÃO ENVIADA VIA PLANILHA POR CONTA DA ALTA DEMANDA;CARTA ENVIADA;16/07/2026;NÃO LOCALIZADO;FINALIZADO;FINALIZADO;;;-;Sudeste;BACKLOG 22.06_23.07
14/07/2026;09/07/2026;260709-000096;EXTRAVIO ;GRAMARCA (VARZEA GRANDE);G22;VARZEA GRANDE;MT;716671;SCB01;CARVALIMA;14436585;Total;SIM;NOTIFICAÇÃO ENVIADA VIA PLANILHA POR CONTA DA ALTA DEMANDA;CARTA ENVIADA;16/07/2026;NÃO LOCALIZADO;FINALIZADO;FINALIZADO;;;-;CO;BACKLOG 22.06_23.07
14/07/2026;09/07/2026;260709-000094;EXTRAVIO ;GRAMARCA (VARZEA GRANDE);G22;VARZEA GRANDE;MT;716671;SCB01;CARVALIMA;14436583;Total;SIM;NOTIFICAÇÃO ENVIADA VIA PLANILHA POR CONTA DA ALTA DEMANDA;CARTA ENVIADA;16/07/2026;NÃO LOCALIZADO;FINALIZADO;FINALIZADO;;;-;CO;BACKLOG 22.06_23.07
08/07/2026;09/07/2026;260709-000071;EXTRAVIO ;JORLAN (GOIANIA);J23;GOIANIA;GO;716250;SCB01;XD DIADEMA;14439658;8993191;SIM;NOTIFICAÇÃO ENVIADA VIA PLANILHA POR CONTA DA ALTA DEMANDA;CARTA ENVIADA;16/07/2026;NÃO LOCALIZADO;FINALIZADO;FINALIZADO;;;-;CO;BACKLOG 22.06_23.07
08/07/2026;09/07/2026;260709-000069;EXTRAVIO ;JORLAN (GOIANIA);J23;GOIANIA;GO;716250;SCB01;XD DIADEMA;14440017;8993190;SIM;NOTIFICAÇÃO ENVIADA VIA PLANILHA POR CONTA DA ALTA DEMANDA;CARTA ENVIADA;16/07/2026;NÃO LOCALIZADO;FINALIZADO;FINALIZADO;;;-;CO;BACKLOG 22.06_23.07
08/07/2026;09/07/2026;260709-000068;EXTRAVIO ;JORLAN (GOIANIA);J23;GOIANIA;GO;716250;SCB01;XD DIADEMA;14438728;8993150;SIM;NOTIFICAÇÃO ENVIADA VIA PLANILHA POR CONTA DA ALTA DEMANDA;FINALIZADO COMO RESOLVIDO;16/07/2026;LOCALIZADO;FINALIZADO;FINALIZADO;;;-;CO;BACKLOG 22.06_23.07
08/07/2026;09/07/2026;260709-000067;EXTRAVIO ;JORLAN (GOIANIA);J23;GOIANIA;GO;716250;SCB01;XD DIADEMA;14436559;8983085;SIM;NOTIFICAÇÃO ENVIADA VIA PLANILHA POR CONTA DA ALTA DEMANDA;CARTA ENVIADA;16/07/2026;NÃO LOCALIZADO;FINALIZADO;FINALIZADO;;;-;CO;BACKLOG 22.06_23.07
08/07/2026;09/07/2026;260709-000065;EXTRAVIO ;JORLAN (GOIANIA);J23;GOIANIA;GO;716250;SCB01;XD DIADEMA;14428482;8924928;SIM;NOTIFICAÇÃO ENVIADA VIA PLANILHA POR CONTA DA ALTA DEMANDA;CARTA ENVIADA;16/07/2026;NÃO LOCALIZADO;FINALIZADO;FINALIZADO;;;-;CO;BACKLOG 22.06_23.07
08/07/2026;09/07/2026;260709-000064;EXTRAVIO ;JORLAN (GOIANIA);J23;GOIANIA;GO;716650;SCB01;XD DIADEMA;14422460;8906597;SIM;NOTIFICAÇÃO ENVIADA VIA PLANILHA POR CONTA DA ALTA DEMANDA;CARTA ENVIADA;16/07/2026;NÃO LOCALIZADO;FINALIZADO;FINALIZADO;;;-;CO;BACKLOG 22.06_23.07
08/07/2026;09/07/2026;260709-000063;EXTRAVIO ;JORLAN (GOIANIA);J23;GOIANIA;GO;716650;SCB01;XD DIADEMA;14445721;9022706;SIM;NOTIFICAÇÃO ENVIADA VIA PLANILHA POR CONTA DA ALTA DEMANDA;CARTA ENVIADA;16/07/2026;NÃO LOCALIZADO;FINALIZADO;FINALIZADO;;;-;CO;BACKLOG 22.06_23.07
08/07/2026;09/07/2026;260709-000061;EXTRAVIO ;GRANDE MINAS (PAMPULHA);F51;CONTAGEM;MG;714758;SCB01;XD MINAS;14428508;8920113;SIM;NOTIFICAÇÃO ENVIADA VIA PLANILHA POR CONTA DA ALTA DEMANDA;CARTA ENVIADA;16/07/2026;NÃO LOCALIZADO;FINALIZADO;FINALIZADO;;;-;Sudeste;BACKLOG 22.06_23.07
09/07/2026;09/07/2026;260709-000057;EXTRAVIO ;LIDER (RECREIO);L45;RIO DE JANEIRO;RJ;716228;SCB01;CAMILO;14418337;8663613;SIM;NOTIFICAÇÃO ENVIADA VIA PLANILHA POR CONTA DA ALTA DEMANDA;CARTA ENVIADA;16/07/2026;NÃO LOCALIZADO;FINALIZADO;FINALIZADO;;;-;Sudeste;BACKLOG 22.06_23.07
07/07/2026;09/07/2026;260709-000047;EXTRAVIO ;RR;R08;BELEM;PA;712101;SCB01;CARVALIMA;14399689;8807315;SIM;NOTIFICAÇÃO ENVIADA VIA PLANILHA POR CONTA DA ALTA DEMANDA;CARTA ENVIADA;16/07/2026;NÃO LOCALIZADO;FINALIZADO;FINALIZADO;;;-;Norte;NORMAL
08/06/2026;10/07/2026;260710-000273;EXTRAVIO ;ACCIOLY BARAO DE LIMEIRA;A50;BELO HORIZONTE;MG;239046;SCB01;OPERAÇÃO SOR;1319929;2447650;SIM;NOTIFICAÇÃO ENVIADA VIA PLANILHA POR CONTA DA ALTA DEMANDA;CARTA ENVIADA;17/07/2026;NÃO LOCALIZADO;FINALIZADO;FINALIZADO;;;-;Sudeste;NORMAL
08/06/2026;10/07/2026;260710-000256;EXTRAVIO ;SABENAUTO (DUQUE DE CAXIAS);U09;DUQUE DE CAXIAS;RJ;715136;SCB01;CAMILO;14432049;8919193;SIM;NOTIFICAÇÃO ENVIADA VIA PLANILHA POR CONTA DA ALTA DEMANDA;CARTA ENVIADA;17/07/2026;NÃO LOCALIZADO;FINALIZADO;FINALIZADO;;;-;Sudeste;BACKLOG 22.06_23.07
08/07/2026;10/07/2026;260710-000245;EXTRAVIO ;JORLAN (GOIANIA);J23;GOIANIA;GO;716250;SCB01;XD DIADEMA;14439798;8993490;SIM;NOTIFICAÇÃO ENVIADA VIA PLANILHA POR CONTA DA ALTA DEMANDA;FINALIZADO COMO RESOLVIDO;17/07/2026;LOCALIZADO;FINALIZADO;FINALIZADO;;;-;CO;BACKLOG 22.06_23.07
08/07/2026;10/07/2026;260710-000242;EXTRAVIO ;JORLAN (BARAO H. DE MELO);J66;BELO HORIZONTE;MG;713691;SCB01;OPERAÇÃO SOR;14419435;8892226/8892227/8892228/8892229/8892230/8892231/8892232/8892233/8892234/8892235/8892236/8892238/8892239/8892240/8892241/8892242/8892243/8892258/8892267/8892268/8892269/8892270/8892271/8892272/8892273/8892274/8892275/8892276/8892518/8892519/8892520/8892521/8892522/8892523/8892525/8892532/8892533/8892534/8892535/8892536/8892537/8892538/8892539/8892540/8892541/8892550/8892551/8892552/8892553/8892554/8892555/8892559/8892560/8892561;SIM;NOTIFICAÇÃO ENVIADA VIA PLANILHA POR CONTA DA ALTA DEMANDA;CARTA ENVIADA;17/07/2026;NÃO LOCALIZADO;FINALIZADO;FINALIZADO;;;-;Sudeste;BACKLOG 22.06_23.07
10/07/2026;10/07/2026;260710-000241;EXTRAVIO ;CARRERA (OSASCO);J63;SAO PAULO;SP;714012;SCB01;OPERAÇÃO SOR;14422681;87006819/87006820;SIM;NOTIFICAÇÃO ENVIADA VIA PLANILHA POR CONTA DA ALTA DEMANDA;CARTA ENVIADA;17/07/2026;NÃO LOCALIZADO;FINALIZADO;FINALIZADO;;;-;Sudeste;BACKLOG 22.06_23.07
30/06/2026;10/07/2026;260710-000237;EXTRAVIO ;JORLAN (BARAO H. DE MELO);J66;BELO HORIZONTE;MG;713691;SCB01;OPERAÇÃO SOR;14419862;8892049/8892050/8892051/8892052/8892057/8892094;SIM;NOTIFICAÇÃO ENVIADA VIA PLANILHA POR CONTA DA ALTA DEMANDA;CARTA ENVIADA;17/07/2026;NÃO LOCALIZADO;FINALIZADO;FINALIZADO;;;-;Sudeste;BACKLOG 22.06_23.07
10/07/2026;10/07/2026;260710-000236;EXTRAVIO ;JORLAN (BARAO H. DE MELO);J66;BELO HORIZONTE;MG;713691;SCB01;OPERAÇÃO SOR;14385984;679583/8679584;SIM;NOTIFICAÇÃO ENVIADA VIA PLANILHA POR CONTA DA ALTA DEMANDA;CARTA ENVIADA;17/07/2026;NÃO LOCALIZADO;FINALIZADO;FINALIZADO;;;-;Sudeste;BACKLOG 22.06_23.07
10/07/2026;10/07/2026;260710-000235;EXTRAVIO ;JORLAN (BARAO H. DE MELO);J66;BELO HORIZONTE;MG;713691;SCB01;OPERAÇÃO SOR;14419982;8892002;SIM;NOTIFICAÇÃO ENVIADA VIA PLANILHA POR CONTA DA ALTA DEMANDA;CARTA ENVIADA;17/07/2026;NÃO LOCALIZADO;FINALIZADO;FINALIZADO;;;-;Sudeste;BACKLOG 22.06_23.07
10/07/2026;10/07/2026;260710-000234;EXTRAVIO ;JORLAN (BARAO H. DE MELO);J66;BELO HORIZONTE;MG;713691;SCB01;OPERAÇÃO SOR;14419437;8892244;SIM;NOTIFICAÇÃO ENVIADA VIA PLANILHA POR CONTA DA ALTA DEMANDA;CARTA ENVIADA;17/07/2026;NÃO LOCALIZADO;FINALIZADO;FINALIZADO;;;-;Sudeste;BACKLOG 22.06_23.07
10/07/2026;10/07/2026;260710-000232;EXTRAVIO ;JORLAN (BARAO H. DE MELO);J66;BELO HORIZONTE;MG;713691;SCB01;OPERAÇÃO SOR;14419436;8892263/8892529/8892530/8892531;SIM;NOTIFICAÇÃO ENVIADA VIA PLANILHA POR CONTA DA ALTA DEMANDA;CARTA ENVIADA;17/07/2026;NÃO LOCALIZADO;FINALIZADO;FINALIZADO;;;-;Sudeste;BACKLOG 22.06_23.07
10/07/2026;10/07/2026;260710-000230;EXTRAVIO ;SABENAUTO (DUQUE DE CAXIAS);U09;DUQUE DE CAXIAS;RJ;715136;SCB01;CAMILO;14432048;8919193/-/8938212/-/8938213;SIM;NOTIFICAÇÃO ENVIADA VIA PLANILHA POR CONTA DA ALTA DEMANDA;CARTA ENVIADA;17/07/2026;NÃO LOCALIZADO;FINALIZADO;FINALIZADO;;;-;Sudeste;BACKLOG 22.06_23.07
09/07/2026;10/07/2026;260710-000219;EXTRAVIO ;SABENAUTO (DUQUE DE CAXIAS);U09;DUQUE DE CAXIAS;RJ;715703;SCB01;CAMILO;14424336;212714881;SIM;NOTIFICAÇÃO ENVIADA VIA PLANILHA POR CONTA DA ALTA DEMANDA;CARTA ENVIADA;17/07/2026;NÃO LOCALIZADO;FINALIZADO;FINALIZADO;;;-;Sudeste;BACKLOG 22.06_23.07
07/07/2026;10/07/2026;260710-000217;EXTRAVIO ;SABENAUTO (DUQUE DE CAXIAS);U09;DUQUE DE CAXIAS;RJ;711296;SCB01;CAMILO;14356719;8638828;SIM;NOTIFICAÇÃO ENVIADA VIA PLANILHA POR CONTA DA ALTA DEMANDA;CARTA ENVIADA;17/07/2026;NÃO LOCALIZADO;FINALIZADO;FINALIZADO;;;-;Sudeste;NORMAL
07/07/2026;10/07/2026;260710-000215;EXTRAVIO ;SABENAUTO (DUQUE DE CAXIAS);U09;DUQUE DE CAXIAS;RJ;711296;SCB01;CAMILO;14356720;8638828;SIM;NOTIFICAÇÃO ENVIADA VIA PLANILHA POR CONTA DA ALTA DEMANDA;CARTA ENVIADA;17/07/2026;NÃO LOCALIZADO;FINALIZADO;FINALIZADO;;;-;Sudeste;NORMAL
15/04/2026;10/07/2026;260710-000213;EXTRAVIO ;NOVA (BELEM) - PECAS;N43;SOROCABA;SP;715850;SCB01;OPERAÇÃO SOR;14440089;8956125/8956126;SIM;NOTIFICAÇÃO ENVIADA VIA PLANILHA POR CONTA DA ALTA DEMANDA;CARTA ENVIADA;17/07/2026;NÃO LOCALIZADO;FINALIZADO;FINALIZADO;;;-;Sudeste;BACKLOG 22.06_23.07
15/04/2026;10/07/2026;260710-000206;EXTRAVIO ;JORLAN (BARAO H. DE MELO);J66;BELO HORIZONTE;MG;715748;SCB01;XD MINAS;14437930;8989726;SIM;NOTIFICAÇÃO ENVIADA VIA PLANILHA POR CONTA DA ALTA DEMANDA;CARTA ENVIADA;17/07/2026;NÃO LOCALIZADO;FINALIZADO;FINALIZADO;;;-;Sudeste;BACKLOG 22.06_23.07
10/07/2026;10/07/2026;260710-000205;EXTRAVIO ;JORLAN (BARAO H. DE MELO);J66;BELO HORIZONTE;MG;715748;SCB01;XD MINAS;14437929;8989726;SIM;NOTIFICAÇÃO ENVIADA VIA PLANILHA POR CONTA DA ALTA DEMANDA;CARTA ENVIADA;17/07/2026;NÃO LOCALIZADO;FINALIZADO;FINALIZADO;;;-;Sudeste;BACKLOG 22.06_23.07
10/07/2026;10/07/2026;260710-000204;EXTRAVIO ;JORLAN (BARAO H. DE MELO);J66;BELO HORIZONTE;MG;715748;SCB01;XD MINAS;14437238;8956978/8956980;SIM;NOTIFICAÇÃO ENVIADA VIA PLANILHA POR CONTA DA ALTA DEMANDA;CARTA ENVIADA;17/07/2026;NÃO LOCALIZADO;FINALIZADO;FINALIZADO;;;-;Sudeste;BACKLOG 22.06_23.07
10/07/2026;10/07/2026;260710-000202;EXTRAVIO ;JORLAN (BARAO H. DE MELO);J66;BELO HORIZONTE;MG;715748;SCB01;XD MINAS;14430326;8922591/8922592/8922593;SIM;NOTIFICAÇÃO ENVIADA VIA PLANILHA POR CONTA DA ALTA DEMANDA;CARTA ENVIADA;17/07/2026;NÃO LOCALIZADO;FINALIZADO;FINALIZADO;;;-;Sudeste;BACKLOG 22.06_23.07
10/07/2026;10/07/2026;260710-000200;EXTRAVIO ;JORLAN (BARAO H. DE MELO);J66;BELO HORIZONTE;MG;715748;SCB01;XD MINAS;14437082;8919999;SIM;NOTIFICAÇÃO ENVIADA VIA PLANILHA POR CONTA DA ALTA DEMANDA;CARTA ENVIADA;17/07/2026;NÃO LOCALIZADO;FINALIZADO;FINALIZADO;;;-;Sudeste;BACKLOG 22.06_23.07
10/07/2026;10/07/2026;260710-000198;EXTRAVIO ;JORLAN (BARAO H. DE MELO);J66;BELO HORIZONTE;MG;715102;SCB01;XD MINAS;14432563;8947193;SIM;NOTIFICAÇÃO ENVIADA VIA PLANILHA POR CONTA DA ALTA DEMANDA;CARTA ENVIADA;17/07/2026;NÃO LOCALIZADO;FINALIZADO;FINALIZADO;;;-;Sudeste;BACKLOG 22.06_23.07
10/07/2026;10/07/2026;260710-000197;EXTRAVIO ;JORLAN (BARAO H. DE MELO);J66;BELO HORIZONTE;MG;715102;SCB01;XD MINAS;14429610;8922646;SIM;NOTIFICAÇÃO ENVIADA VIA PLANILHA POR CONTA DA ALTA DEMANDA;CARTA ENVIADA;17/07/2026;NÃO LOCALIZADO;FINALIZADO;FINALIZADO;;;-;Sudeste;BACKLOG 22.06_23.07
10/07/2026;10/07/2026;260710-000196;EXTRAVIO ;JORLAN (BARAO H. DE MELO);J66;BELO HORIZONTE;MG;715102;SCB01;XD MINAS;14433151;8946724;SIM;NOTIFICAÇÃO ENVIADA VIA PLANILHA POR CONTA DA ALTA DEMANDA;CARTA ENVIADA;17/07/2026;NÃO LOCALIZADO;FINALIZADO;FINALIZADO;;;-;Sudeste;BACKLOG 22.06_23.07
10/07/2026;10/07/2026;260710-000195;EXTRAVIO ;JORLAN (BARAO H. DE MELO);J66;BELO HORIZONTE;MG;715102;SCB01;XD MINAS;14432409;8947231/8947232/8947233/8947234/8947237;SIM;NOTIFICAÇÃO ENVIADA VIA PLANILHA POR CONTA DA ALTA DEMANDA;CARTA ENVIADA;17/07/2026;NÃO LOCALIZADO;FINALIZADO;FINALIZADO;;;-;Sudeste;BACKLOG 22.06_23.07
06/07/2026;10/07/2026;260710-000194;EXTRAVIO ;NOVA (BELEM) - PECAS;N43;SAO BERNARDO DO CAMPO;SP;714636;SCB01;OPERAÇÃO SOR;14427768;8921832;SIM;NOTIFICAÇÃO ENVIADA VIA PLANILHA POR CONTA DA ALTA DEMANDA;CARTA ENVIADA;17/07/2026;NÃO LOCALIZADO;FINALIZADO;FINALIZADO;;;-;Sudeste;BACKLOG 22.06_23.07
06/07/2026;10/07/2026;260710-000193;EXTRAVIO ;JORLAN (BARAO H. DE MELO);J66;BELO HORIZONTE;MG;715429;SCB01;OPERAÇÃO SOR;14437479;8989554;SIM;NOTIFICAÇÃO ENVIADA VIA PLANILHA POR CONTA DA ALTA DEMANDA;CARTA ENVIADA;17/07/2026;NÃO LOCALIZADO;FINALIZADO;FINALIZADO;;;-;Sudeste;BACKLOG 22.06_23.07
03/07/2026;10/07/2026;260710-000189;EXTRAVIO ;ACCIOLY BARAO DE LIMEIRA;A50;SAO JOSE DOS CAMPOS;SP;715412;SCB01;XD DIADEMA;14437478;8989586;SIM;NOTIFICAÇÃO ENVIADA VIA PLANILHA POR CONTA DA ALTA DEMANDA;CARTA ENVIADA;17/07/2026;NÃO LOCALIZADO;FINALIZADO;FINALIZADO;;;-;Sudeste;BACKLOG 22.06_23.07
03/07/2026;10/07/2026;260710-000188;EXTRAVIO ;LIDER BH (ANDRADAS);L99;BELO HORIZONTE;MG;717853;SCB01;OPERAÇÃO SOR;14384160;8754899;SIM;NOTIFICAÇÃO ENVIADA VIA PLANILHA POR CONTA DA ALTA DEMANDA;FINALIZADO COMO RESOLVIDO;17/07/2026;LOCALIZADO;FINALIZADO;FINALIZADO;;;-;Sudeste;BACKLOG 22.06_23.07
02/07/2026;10/07/2026;260710-000187;EXTRAVIO ;ACCIOLY BARAO DE LIMEIRA;A50;SAO JOSE DOS CAMPOS;SP;714502;SCB01;OPERAÇÃO SOR;14429050;8921091;SIM;NOTIFICAÇÃO ENVIADA VIA PLANILHA POR CONTA DA ALTA DEMANDA;CARTA ENVIADA;17/07/2026;NÃO LOCALIZADO;FINALIZADO;FINALIZADO;;;-;Sudeste;BACKLOG 22.06_23.07
02/07/2026;10/07/2026;260710-000186;EXTRAVIO ;JORLAN (BARAO H. DE MELO);J66;BELO HORIZONTE;MG;716026;SCB01;OPERAÇÃO SOR;14441010;87002856/87007302;SIM;NOTIFICAÇÃO ENVIADA VIA PLANILHA POR CONTA DA ALTA DEMANDA;CARTA ENVIADA;17/07/2026;NÃO LOCALIZADO;FINALIZADO;FINALIZADO;;;-;Sudeste;BACKLOG 22.06_23.07
10/07/2026;10/07/2026;260710-000185;EXTRAVIO ;JORLAN (BARAO H. DE MELO);J66;BELO HORIZONTE;MG;716026;SCB01;OPERAÇÃO SOR;14405937;8679533;SIM;NOTIFICAÇÃO ENVIADA VIA PLANILHA POR CONTA DA ALTA DEMANDA;CARTA ENVIADA;17/07/2026;NÃO LOCALIZADO;FINALIZADO;FINALIZADO;;;-;Sudeste;BACKLOG 22.06_23.07
10/07/2026;10/07/2026;260710-000183;EXTRAVIO ;JORLAN (BARAO H. DE MELO);J66;BELO HORIZONTE;MG;716026;SCB01;OPERAÇÃO SOR;14436987;8987286;SIM;NOTIFICAÇÃO ENVIADA VIA PLANILHA POR CONTA DA ALTA DEMANDA;CARTA ENVIADA;17/07/2026;NÃO LOCALIZADO;FINALIZADO;FINALIZADO;;;-;Sudeste;BACKLOG 22.06_23.07
10/07/2026;10/07/2026;260710-000180;EXTRAVIO ;JORLAN (BARAO H. DE MELO);J66;BELO HORIZONTE;MG;716026;SCB01;OPERAÇÃO SOR;14441102;8990673;SIM;NOTIFICAÇÃO ENVIADA VIA PLANILHA POR CONTA DA ALTA DEMANDA;CARTA ENVIADA;17/07/2026;NÃO LOCALIZADO;FINALIZADO;FINALIZADO;;;-;Sudeste;BACKLOG 22.06_23.07
10/07/2026;10/07/2026;260710-000173;EXTRAVIO ;JORLAN (BARAO H. DE MELO);J66;BELO HORIZONTE;MG;715684;SCB01;OPERAÇÃO SOR;14437472;8920010;SIM;NOTIFICAÇÃO ENVIADA VIA PLANILHA POR CONTA DA ALTA DEMANDA;CARTA ENVIADA;17/07/2026;NÃO LOCALIZADO;FINALIZADO;FINALIZADO;;;-;Sudeste;BACKLOG 22.06_23.07
10/07/2026;10/07/2026;260710-000171;EXTRAVIO ;JORLAN (BARAO H. DE MELO);J66;BELO HORIZONTE;MG;715684;SCB01;OPERAÇÃO SOR;14437070;8946738;SIM;NOTIFICAÇÃO ENVIADA VIA PLANILHA POR CONTA DA ALTA DEMANDA;CARTA ENVIADA;17/07/2026;NÃO LOCALIZADO;FINALIZADO;FINALIZADO;;;-;Sudeste;BACKLOG 22.06_23.07
10/07/2026;10/07/2026;260710-000170;EXTRAVIO ;JORLAN (BARAO H. DE MELO);J66;BELO HORIZONTE;MG;715684;SCB01;OPERAÇÃO SOR;14437071;8946738;SIM;NOTIFICAÇÃO ENVIADA VIA PLANILHA POR CONTA DA ALTA DEMANDA;CARTA ENVIADA;17/07/2026;NÃO LOCALIZADO;FINALIZADO;FINALIZADO;;;-;Sudeste;BACKLOG 22.06_23.07
10/07/2026;10/07/2026;260710-000168;EXTRAVIO ;JORLAN (BARAO H. DE MELO);J66;BELO HORIZONTE;MG;715684;SCB01;OPERAÇÃO SOR;14439889;8995692;SIM;NOTIFICAÇÃO ENVIADA VIA PLANILHA POR CONTA DA ALTA DEMANDA;CARTA ENVIADA;17/07/2026;NÃO LOCALIZADO;FINALIZADO;FINALIZADO;;;-;Sudeste;BACKLOG 22.06_23.07
10/07/2026;10/07/2026;260710-000158;EXTRAVIO ;JORLAN (BARAO H. DE MELO);J66;BELO HORIZONTE;MG;715181;SCB01;OPERAÇÃO SOR;14433174;8679528;SIM;NOTIFICAÇÃO ENVIADA VIA PLANILHA POR CONTA DA ALTA DEMANDA;CARTA ENVIADA;17/07/2026;NÃO LOCALIZADO;FINALIZADO;FINALIZADO;;;-;Sudeste;BACKLOG 22.06_23.07
10/07/2026;10/07/2026;260710-000156;EXTRAVIO ;JORLAN (BARAO H. DE MELO);J66;BELO HORIZONTE;MG;715181;SCB01;OPERAÇÃO SOR;14429695;8791852/8791894;SIM;NOTIFICAÇÃO ENVIADA VIA PLANILHA POR CONTA DA ALTA DEMANDA;CARTA ENVIADA;17/07/2026;NÃO LOCALIZADO;FINALIZADO;FINALIZADO;;;-;Sudeste;BACKLOG 22.06_23.07
10/07/2026;10/07/2026;260710-000154;EXTRAVIO ;JORLAN (BARAO H. DE MELO);J66;BELO HORIZONTE;MG;715181;SCB01;OPERAÇÃO SOR;14427893;8922585/8922586;SIM;NOTIFICAÇÃO ENVIADA VIA PLANILHA POR CONTA DA ALTA DEMANDA;CARTA ENVIADA;17/07/2026;NÃO LOCALIZADO;FINALIZADO;FINALIZADO;;;-;Sudeste;BACKLOG 22.06_23.07
10/07/2026;10/07/2026;260710-000153;EXTRAVIO ;JORLAN (BARAO H. DE MELO);J66;BELO HORIZONTE;MG;715484;SCB01;XD MINAS;14435648;8946860/8946861/8946862/8946864/8946865;SIM;NOTIFICAÇÃO ENVIADA VIA PLANILHA POR CONTA DA ALTA DEMANDA;CARTA ENVIADA;17/07/2026;NÃO LOCALIZADO;FINALIZADO;FINALIZADO;;;-;Sudeste;BACKLOG 22.06_23.07
10/07/2026;10/07/2026;260710-000150;EXTRAVIO ;JORLAN (BARAO H. DE MELO);J66;BELO HORIZONTE;MG;714769;SCB01;XD MINAS;14428694;8920110/8920111/8920112;SIM;NOTIFICAÇÃO ENVIADA VIA PLANILHA POR CONTA DA ALTA DEMANDA;CARTA ENVIADA;17/07/2026;NÃO LOCALIZADO;FINALIZADO;FINALIZADO;;;-;Sudeste;BACKLOG 22.06_23.07
10/07/2026;10/07/2026;260710-000149;EXTRAVIO ;JORLAN (BARAO H. DE MELO);J66;BELO HORIZONTE;MG;714769;SCB01;XD MINAS;14428691;8920090/8920091/8920092/8920100/8920101;SIM;NOTIFICAÇÃO ENVIADA VIA PLANILHA POR CONTA DA ALTA DEMANDA;CARTA ENVIADA;17/07/2026;NÃO LOCALIZADO;FINALIZADO;FINALIZADO;;;-;Sudeste;BACKLOG 22.06_23.07
10/07/2026;10/07/2026;260710-000143;EXTRAVIO ;JORLAN (BARAO H. DE MELO);J66;BELO HORIZONTE;MG;714261;SCB01;OPERAÇÃO SOR;14419988;8892097;SIM;NOTIFICAÇÃO ENVIADA VIA PLANILHA POR CONTA DA ALTA DEMANDA;CARTA ENVIADA;17/07/2026;NÃO LOCALIZADO;FINALIZADO;FINALIZADO;;;-;Sudeste;BACKLOG 22.06_23.07
10/07/2026;10/07/2026;260710-000141;EXTRAVIO ;JORLAN (BARAO H. DE MELO);J66;BELO HORIZONTE;MG;714261;SCB01;OPERAÇÃO SOR;14415029;8678069;SIM;NOTIFICAÇÃO ENVIADA VIA PLANILHA POR CONTA DA ALTA DEMANDA;CARTA ENVIADA;17/07/2026;NÃO LOCALIZADO;FINALIZADO;FINALIZADO;;;-;Sudeste;BACKLOG 22.06_23.07
10/07/2026;10/07/2026;260710-000139;EXTRAVIO ;JORLAN (BARAO H. DE MELO);J66;BELO HORIZONTE;MG;715574;SCB01;XD MINAS;14435832;8957016;SIM;NOTIFICAÇÃO ENVIADA VIA PLANILHA POR CONTA DA ALTA DEMANDA;CARTA ENVIADA;17/07/2026;NÃO LOCALIZADO;FINALIZADO;FINALIZADO;;;-;Sudeste;BACKLOG 22.06_23.07
10/07/2026;10/07/2026;260710-000137;EXTRAVIO ;JORLAN (BARAO H. DE MELO);J66;BELO HORIZONTE;MG;714014;SCB01;XD MINAS;14421473;8896933;SIM;NOTIFICAÇÃO ENVIADA VIA PLANILHA POR CONTA DA ALTA DEMANDA;CARTA ENVIADA;17/07/2026;NÃO LOCALIZADO;FINALIZADO;FINALIZADO;;;-;Sudeste;BACKLOG 22.06_23.07
10/07/2026;10/07/2026;260710-000135;EXTRAVIO ;JORLAN (BARAO H. DE MELO);J66;BELO HORIZONTE;MG;714014;SCB01;XD MINAS;14420567;8892507;SIM;NOTIFICAÇÃO ENVIADA VIA PLANILHA POR CONTA DA ALTA DEMANDA;CARTA ENVIADA;17/07/2026;NÃO LOCALIZADO;FINALIZADO;FINALIZADO;;;-;Sudeste;BACKLOG 22.06_23.07
10/07/2026;10/07/2026;260710-000132;EXTRAVIO ;JORLAN (BARAO H. DE MELO);J66;BELO HORIZONTE;MG;714014;SCB01;XD MINAS;14420563;8892389/8892390/8892391/8892392/8892393/8892395/8892396/8892397/8892399;SIM;NOTIFICAÇÃO ENVIADA VIA PLANILHA POR CONTA DA ALTA DEMANDA;CARTA ENVIADA;17/07/2026;NÃO LOCALIZADO;FINALIZADO;FINALIZADO;;;-;Sudeste;BACKLOG 22.06_23.07
10/07/2026;10/07/2026;260710-000128;EXTRAVIO ;JORLAN (BARAO H. DE MELO);J66;BELO HORIZONTE;MG;716302;SCB01;OPERAÇÃO SOR;14440906;8829004/8829005;SIM;NOTIFICAÇÃO ENVIADA VIA PLANILHA POR CONTA DA ALTA DEMANDA;CARTA ENVIADA;17/07/2026;NÃO LOCALIZADO;FINALIZADO;FINALIZADO;;;-;Sudeste;BACKLOG 22.06_23.07
10/07/2026;10/07/2026;260710-000127;EXTRAVIO ;JORLAN (BARAO H. DE MELO);J66;BELO HORIZONTE;MG;716302;SCB01;OPERAÇÃO SOR;14418510;8597401/8597399;SIM;NOTIFICAÇÃO ENVIADA VIA PLANILHA POR CONTA DA ALTA DEMANDA;CARTA ENVIADA;17/07/2026;NÃO LOCALIZADO;FINALIZADO;FINALIZADO;;;-;Sudeste;BACKLOG 22.06_23.07
10/07/2026;10/07/2026;260710-000125;EXTRAVIO ;JORLAN (BARAO H. DE MELO);J66;BELO HORIZONTE;MG;714622;SCB01;OPERAÇÃO SOR;14429734;8921949;SIM;NOTIFICAÇÃO ENVIADA VIA PLANILHA POR CONTA DA ALTA DEMANDA;CARTA ENVIADA;17/07/2026;NÃO LOCALIZADO;FINALIZADO;FINALIZADO;;;-;Sudeste;BACKLOG 22.06_23.07
10/07/2026;10/07/2026;260710-000124;EXTRAVIO ;JORLAN (BARAO H. DE MELO);J66;BELO HORIZONTE;MG;714622;SCB01;OPERAÇÃO SOR;14429733;8921949;SIM;NOTIFICAÇÃO ENVIADA VIA PLANILHA POR CONTA DA ALTA DEMANDA;CARTA ENVIADA;17/07/2026;NÃO LOCALIZADO;FINALIZADO;FINALIZADO;;;-;Sudeste;BACKLOG 22.06_23.07
10/07/2026;10/07/2026;260710-000123;EXTRAVIO ;JORLAN (BARAO H. DE MELO);J66;BELO HORIZONTE;MG;714622;SCB01;OPERAÇÃO SOR;14429732;8921944;SIM;NOTIFICAÇÃO ENVIADA VIA PLANILHA POR CONTA DA ALTA DEMANDA;CARTA ENVIADA;17/07/2026;NÃO LOCALIZADO;FINALIZADO;FINALIZADO;;;-;Sudeste;BACKLOG 22.06_23.07
10/07/2026;10/07/2026;260710-000122;EXTRAVIO ;JORLAN (BARAO H. DE MELO);J66;BELO HORIZONTE;MG;714622;SCB01;OPERAÇÃO SOR;14429731;8921944;SIM;NOTIFICAÇÃO ENVIADA VIA PLANILHA POR CONTA DA ALTA DEMANDA;CARTA ENVIADA;17/07/2026;NÃO LOCALIZADO;FINALIZADO;FINALIZADO;;;-;Sudeste;BACKLOG 22.06_23.07
10/07/2026;10/07/2026;260710-000121;EXTRAVIO ;ACCIOLY BARAO DE LIMEIRA;A50;SAO JOSE DOS CAMPOS;SP;714725;SCB01;OPERAÇÃO SOR;14428997;8922134;SIM;NOTIFICAÇÃO ENVIADA VIA PLANILHA POR CONTA DA ALTA DEMANDA;CARTA ENVIADA;17/07/2026;NÃO LOCALIZADO;FINALIZADO;FINALIZADO;;;-;Sudeste;BACKLOG 22.06_23.07
02/07/2026;10/07/2026;260710-000120;EXTRAVIO ;JORLAN (BARAO H. DE MELO);J66;BELO HORIZONTE;MG;714622;SCB01;OPERAÇÃO SOR;14429730;8921944;SIM;NOTIFICAÇÃO ENVIADA VIA PLANILHA POR CONTA DA ALTA DEMANDA;CARTA ENVIADA;17/07/2026;NÃO LOCALIZADO;FINALIZADO;FINALIZADO;;;-;Sudeste;BACKLOG 22.06_23.07
10/07/2026;10/07/2026;260710-000119;EXTRAVIO ;JORLAN (BARAO H. DE MELO);J66;BELO HORIZONTE;MG;714622;SCB01;OPERAÇÃO SOR;14428919;8920943;SIM;NOTIFICAÇÃO ENVIADA VIA PLANILHA POR CONTA DA ALTA DEMANDA;CARTA ENVIADA;17/07/2026;NÃO LOCALIZADO;FINALIZADO;FINALIZADO;;;-;Sudeste;BACKLOG 22.06_23.07
10/07/2026;10/07/2026;260710-000094;EXTRAVIO ;BAVEP (BEBEDOURO);L53;BEBEDOURO;SP;714368;SCB01;ALFA;14418381;8869237;SIM;NOTIFICAÇÃO ENVIADA VIA PLANILHA POR CONTA DA ALTA DEMANDA;CARTA ENVIADA;17/07/2026;NÃO LOCALIZADO;FINALIZADO;FINALIZADO;;;-;Sudeste;BACKLOG 22.06_23.07
01/07/2026;10/07/2026;260710-000077;EXTRAVIO ;GARCIA (MANAUS);J37;MANAUS;AM;703179;SCB01;CARVALIMA;14283309;0008353056/0008353057/0008353058;SIM;NOTIFICAÇÃO ENVIADA VIA PLANILHA POR CONTA DA ALTA DEMANDA;CARTA ENVIADA;17/07/2026;NÃO LOCALIZADO;FINALIZADO;FINALIZADO;;;-;Norte;NORMAL
30/05/2026;10/07/2026;260710-000073;EXTRAVIO ;GARCIA (MANAUS);J37;MANAUS;AM;701212;SCB01;CARVALIMA;14268465;0008289913/0008289944;SIM;NOTIFICAÇÃO ENVIADA VIA PLANILHA POR CONTA DA ALTA DEMANDA;CARTA ENVIADA;17/07/2026;NÃO LOCALIZADO;FINALIZADO;FINALIZADO;;;-;Norte;NORMAL
30/05/2026;10/07/2026;260710-000071;EXTRAVIO ;LIDER (RECREIO);L45;RIO DE JANEIRO;RJ;717314;SCB01;CAMILO;14454505;9049848;SIM;NOTIFICAÇÃO ENVIADA VIA PLANILHA POR CONTA DA ALTA DEMANDA;CARTA ENVIADA;17/07/2026;NÃO LOCALIZADO;FINALIZADO;FINALIZADO;;;-;Sudeste;BACKLOG 22.06_23.07
09/07/2026;11/07/2026;260711-000082;EXTRAVIO ;SABENAUTO (DUQUE DE CAXIAS);U09;DUQUE DE CAXIAS;RJ;717318;SCB01;CAMILO;14454717;9050220;SIM;NOTIFICAÇÃO ENVIADA VIA PLANILHA POR CONTA DA ALTA DEMANDA;CARTA ENVIADA;17/07/2026;NÃO LOCALIZADO;FINALIZADO;FINALIZADO;;;-;Sudeste;BACKLOG 22.06_23.07
09/07/2026;11/07/2026;260711-000075;EXTRAVIO ;SABENAUTO (PORTO VELHO);U15;PORTO VELHO;RO;701672;SCB01;OPERAÇÃO SOR;14268437;8289961;SIM;NOTIFICAÇÃO ENVIADA VIA PLANILHA POR CONTA DA ALTA DEMANDA;CARTA ENVIADA;17/07/2026;NÃO LOCALIZADO;FINALIZADO;FINALIZADO;;;-;Norte;NORMAL
19/05/2026;11/07/2026;260711-000074;EXTRAVIO ;SABENAUTO (PORTO VELHO);U15;PORTO VELHO;RO;701672;SCB01;OPERAÇÃO SOR;14268428;8289961;SIM;NOTIFICAÇÃO ENVIADA VIA PLANILHA POR CONTA DA ALTA DEMANDA;CARTA ENVIADA;17/07/2026;NÃO LOCALIZADO;FINALIZADO;FINALIZADO;;;-;Norte;NORMAL
19/05/2026;11/07/2026;260711-000073;EXTRAVIO ;SABENAUTO (PORTO VELHO);U15;PORTO VELHO;RO;706042;SCB01;CARVALIMA;14322741;8460454;SIM;NOTIFICAÇÃO ENVIADA VIA PLANILHA POR CONTA DA ALTA DEMANDA;CARTA ENVIADA;17/07/2026;NÃO LOCALIZADO;FINALIZADO;FINALIZADO;;;-;Norte;NORMAL
03/06/2026;11/07/2026;260711-000040;EXTRAVIO ;ROQUEVILLE;R48;SAO ROQUE;SP;715773;SCB01;XD DIADEMA;/14439513/14439511/14437031/14437033/14437869/14437870/14437871/14437872;0008990458/0008956990/0008990530/;SIM;NOTIFICAÇÃO ENVIADA VIA PLANILHA POR CONTA DA ALTA DEMANDA;CARTA ENVIADA;17/07/2026;NÃO LOCALIZADO;FINALIZADO;FINALIZADO;;;-;Sudeste;BACKLOG 22.06_23.07
07/07/2026;11/07/2026;260711-000037;EXTRAVIO ;ROQUEVILLE;R48;SAO ROQUE;SP;714489;SCB01;XD DIADEMA;14429119;8922533;SIM;NOTIFICAÇÃO ENVIADA VIA PLANILHA POR CONTA DA ALTA DEMANDA;CARTA ENVIADA;17/07/2026;NÃO LOCALIZADO;FINALIZADO;FINALIZADO;;;-;Sudeste;BACKLOG 22.06_23.07
30/06/2026;11/07/2026;260711-000035;EXTRAVIO ;ROQUEVILLE;R48;SAO ROQUE;SP;714041;SCB01;OPERAÇÃO SOR;14423068/14422932/14423397;0008902397/0008901900/0008902467/;SIM;NOTIFICAÇÃO ENVIADA VIA PLANILHA POR CONTA DA ALTA DEMANDA;CARTA ENVIADA;17/07/2026;NÃO LOCALIZADO;FINALIZADO;FINALIZADO;;;-;Sudeste;BACKLOG 22.06_23.07
30/06/2026;11/07/2026;260711-000033;EXTRAVIO ;JORLAN (GOIANIA);J23;GOIANIA;GO;715888;SCB01;OPERAÇÃO SOR;14439805;000900116/0009000117/000900119;SIM;NOTIFICAÇÃO ENVIADA VIA PLANILHA POR CONTA DA ALTA DEMANDA;FINALIZADO COMO RESOLVIDO;17/07/2026;LOCALIZADO;FINALIZADO;FINALIZADO;;;-;CO;BACKLOG 22.06_23.07
10/07/2026;11/07/2026;260711-000032;EXTRAVIO ;JORLAN (GOIANIA);J23;GOIANIA;GO;715888;SCB01;OPERAÇÃO SOR;14439237;8993450;SIM;NOTIFICAÇÃO ENVIADA VIA PLANILHA POR CONTA DA ALTA DEMANDA;FINALIZADO COMO RESOLVIDO;17/07/2026;LOCALIZADO;FINALIZADO;FINALIZADO;;;-;CO;BACKLOG 22.06_23.07
10/07/2026;11/07/2026;260711-000031;EXTRAVIO ;JORLAN (GOIANIA);J23;GOIANIA;GO;715888;SCB01;OPERAÇÃO SOR;206571;1560642780;SIM;NOTIFICAÇÃO ENVIADA VIA PLANILHA POR CONTA DA ALTA DEMANDA;CARTA ENVIADA;17/07/2026;NÃO LOCALIZADO;FINALIZADO;FINALIZADO;;;-;CO;BACKLOG 22.06_23.07
10/07/2026;11/07/2026;260711-000030;EXTRAVIO ;JORLAN (GOIANIA);J23;GOIANIA;GO;715888;SCB01;OPERAÇÃO SOR;206573;1560643848;SIM;NOTIFICAÇÃO ENVIADA VIA PLANILHA POR CONTA DA ALTA DEMANDA;CARTA ENVIADA;17/07/2026;NÃO LOCALIZADO;FINALIZADO;FINALIZADO;;;-;CO;BACKLOG 22.06_23.07
10/07/2026;11/07/2026;260711-000029;EXTRAVIO ;SABENAUTO (DUQUE DE CAXIAS);U09;DUQUE DE CAXIAS;RJ;715929;SCB01;CAMILO;14440139;8994896;SIM;NOTIFICAÇÃO ENVIADA VIA PLANILHA POR CONTA DA ALTA DEMANDA;CARTA ENVIADA;17/07/2026;NÃO LOCALIZADO;FINALIZADO;FINALIZADO;;;-;Sudeste;BACKLOG 22.06_23.07
30/06/2026;11/07/2026;260711-000028;EXTRAVIO ;ROQUEVILLE;R48;SAO ROQUE;SP;713448;SCB01;XD DIADEMA;14413797;8870504;SIM;NOTIFICAÇÃO ENVIADA VIA PLANILHA POR CONTA DA ALTA DEMANDA;CARTA ENVIADA;17/07/2026;NÃO LOCALIZADO;FINALIZADO;FINALIZADO;;;-;Sudeste;BACKLOG 22.06_23.07
30/06/2026;11/07/2026;260711-000027;EXTRAVIO ;ROQUEVILLE;R48;SAO ROQUE;SP;714646;SCB01;OPERAÇÃO SOR;14428747/14429306;0008921357/0008921399/;SIM;NOTIFICAÇÃO ENVIADA VIA PLANILHA POR CONTA DA ALTA DEMANDA;CARTA ENVIADA;17/07/2026;NÃO LOCALIZADO;FINALIZADO;FINALIZADO;;;-;Sudeste;BACKLOG 22.06_23.07
06/07/2026;11/07/2026;260711-000025;EXTRAVIO ;SULPAVE;S54;REGISTRO;SP;716150;SCB01;OPERAÇÃO SOR;14422333;8906684;SIM;NOTIFICAÇÃO ENVIADA VIA PLANILHA POR CONTA DA ALTA DEMANDA;CARTA ENVIADA;17/07/2026;NÃO LOCALIZADO;FINALIZADO;FINALIZADO;;;-;Sudeste;BACKLOG 22.06_23.07
10/07/2026;11/07/2026;260711-000024;EXTRAVIO ;SULPAVE;S54;REGISTRO;SP;714647;SCB01;XD DIADEMA;14427839;8921592;SIM;NOTIFICAÇÃO ENVIADA VIA PLANILHA POR CONTA DA ALTA DEMANDA;CARTA ENVIADA;17/07/2026;NÃO LOCALIZADO;FINALIZADO;FINALIZADO;;;-;Sudeste;BACKLOG 22.06_23.07
10/07/2026;11/07/2026;260711-000022;EXTRAVIO ;SULPAVE;S54;REGISTRO;SP;714647;SCB01;XD DIADEMA;14427823;8921249;SIM;NOTIFICAÇÃO ENVIADA VIA PLANILHA POR CONTA DA ALTA DEMANDA;CARTA ENVIADA;17/07/2026;NÃO LOCALIZADO;FINALIZADO;FINALIZADO;;;-;Sudeste;BACKLOG 22.06_23.07
10/07/2026;11/07/2026;260711-000020;EXTRAVIO ;SULPAVE;S54;REGISTRO;SP;715866;SCB01;OPERAÇÃO SOR;14439303;8998378/88905742/;SIM;NOTIFICAÇÃO ENVIADA VIA PLANILHA POR CONTA DA ALTA DEMANDA;CARTA ENVIADA;17/07/2026;NÃO LOCALIZADO;FINALIZADO;FINALIZADO;;;-;Sudeste;BACKLOG 22.06_23.07
10/07/2026;11/07/2026;260711-000018;EXTRAVIO ;SULPAVE;S54;REGISTRO;SP;715866;SCB01;OPERAÇÃO SOR;14440353;8995681;SIM;NOTIFICAÇÃO ENVIADA VIA PLANILHA POR CONTA DA ALTA DEMANDA;CARTA ENVIADA;17/07/2026;NÃO LOCALIZADO;FINALIZADO;FINALIZADO;;;-;Sudeste;BACKLOG 22.06_23.07
10/07/2026;11/07/2026;260711-000016;EXTRAVIO ;SULPAVE;S54;REGISTRO;SP;715866;SCB01;OPERAÇÃO SOR;14440356;8995681;SIM;NOTIFICAÇÃO ENVIADA VIA PLANILHA POR CONTA DA ALTA DEMANDA;CARTA ENVIADA;17/07/2026;NÃO LOCALIZADO;FINALIZADO;FINALIZADO;;;-;Sudeste;BACKLOG 22.06_23.07
10/07/2026;11/07/2026;260711-000013;EXTRAVIO ;SULPAVE;S54;REGISTRO;SP;715866;SCB01;OPERAÇÃO SOR;14440349;8995681;SIM;NOTIFICAÇÃO ENVIADA VIA PLANILHA POR CONTA DA ALTA DEMANDA;CARTA ENVIADA;17/07/2026;NÃO LOCALIZADO;FINALIZADO;FINALIZADO;;;-;Sudeste;BACKLOG 22.06_23.07
10/07/2026;11/07/2026;260711-000010;EXTRAVIO ;JORLAN (GOIANIA);J23;GOIANIA;GO;717288;SCB01;XD DIADEMA;14453428;9046930;SIM;NOTIFICAÇÃO ENVIADA VIA PLANILHA POR CONTA DA ALTA DEMANDA;FINALIZADO COMO RESOLVIDO;17/07/2026;LOCALIZADO;FINALIZADO;FINALIZADO;;;-;CO;BACKLOG 22.06_23.07
10/07/2026;13/07/2026;260713-000444;EXTRAVIO ;MARKA (DIVINOPOLIS);D73;DIVINOPOLIS;MG;707137;SCB01;XD MINAS;14342206/14341416;8579320/8579563/;SIM;NOTIFICAÇÃO ENVIADA VIA PLANILHA POR CONTA DA ALTA DEMANDA;CARTA ENVIADA;20/07/2026;NÃO LOCALIZADO;FINALIZADO;FINALIZADO;;;-;Sudeste;NORMAL
31/05/2026;13/07/2026;260713-000400;EXTRAVIO ;VEIBRAS;V43;SAO JOSE DOS CAMPOS;SP;715517;SCB01;OPERAÇÃO SOR;14437519;8989629;SIM;NOTIFICAÇÃO ENVIADA VIA PLANILHA POR CONTA DA ALTA DEMANDA;CARTA ENVIADA;20/07/2026;NÃO LOCALIZADO;FINALIZADO;FINALIZADO;;;-;Sudeste;BACKLOG 22.06_23.07
10/07/2026;13/07/2026;260713-000356;EXTRAVIO ;ACCIOLY BARAO DE LIMEIRA;A50;RIO DE JANEIRO;RJ;711279;SCB01;CAMILO;14356714;0008638483/...8484/...8485/...8486/&/...8487.;SIM;NOTIFICAÇÃO ENVIADA VIA PLANILHA POR CONTA DA ALTA DEMANDA;CARTA ENVIADA;20/07/2026;NÃO LOCALIZADO;FINALIZADO;FINALIZADO;;;-;Sudeste;NORMAL
10/07/2026;13/07/2026;260713-000354;EXTRAVIO ;ACCIOLY BARAO DE LIMEIRA;A50;RIO DE JANEIRO;RJ;711279;SCB01;CAMILO;14356714;8638171;SIM;NOTIFICAÇÃO ENVIADA VIA PLANILHA POR CONTA DA ALTA DEMANDA;CARTA ENVIADA;20/07/2026;NÃO LOCALIZADO;FINALIZADO;FINALIZADO;;;-;Sudeste;NORMAL
10/07/2026;13/07/2026;260713-000351;EXTRAVIO ;ACCIOLY BARAO DE LIMEIRA;A50;RIO DE JANEIRO;RJ;711279;SCB01;CAMILO;14356714;:/0008638505/...8506/...8507/...8508/...8509/...8510/...8511/...8512/...8513/&/...8514.//;SIM;NOTIFICAÇÃO ENVIADA VIA PLANILHA POR CONTA DA ALTA DEMANDA;CARTA ENVIADA;20/07/2026;NÃO LOCALIZADO;FINALIZADO;FINALIZADO;;;-;Sudeste;NORMAL
10/07/2026;13/07/2026;260713-000349;EXTRAVIO ;ACCIOLY BARAO DE LIMEIRA;A50;RIO DE JANEIRO;RJ;711279;SCB01;CAMILO;14386609;8771717;SIM;NOTIFICAÇÃO ENVIADA VIA PLANILHA POR CONTA DA ALTA DEMANDA;CARTA ENVIADA;20/07/2026;NÃO LOCALIZADO;FINALIZADO;FINALIZADO;;;-;Sudeste;NORMAL
10/07/2026;13/07/2026;260713-000346;EXTRAVIO ;ACCIOLY BARAO DE LIMEIRA;A50;RIO DE JANEIRO;RJ;711279;SCB01;CAMILO;14356713;8638827;SIM;NOTIFICAÇÃO ENVIADA VIA PLANILHA POR CONTA DA ALTA DEMANDA;CARTA ENVIADA;20/07/2026;NÃO LOCALIZADO;FINALIZADO;FINALIZADO;;;-;Sudeste;NORMAL
15/06/2026;13/07/2026;260713-000342;EXTRAVIO ;MARKA (DIVINOPOLIS);D73;DIVINOPOLIS;MG;709987;SCB01;XD MINAS;14374765/14374766;/8708369/8708368/8708367/8708370/8708373/;SIM;NOTIFICAÇÃO ENVIADA VIA PLANILHA POR CONTA DA ALTA DEMANDA;CARTA ENVIADA;20/07/2026;NÃO LOCALIZADO;FINALIZADO;FINALIZADO;;;-;Sudeste;NORMAL
15/06/2026;13/07/2026;260713-000341;EXTRAVIO ;ACCIOLY BARAO DE LIMEIRA;A50;RIO DE JANEIRO;RJ;711279;SCB01;CAMILO;14356712;8638827;SIM;NOTIFICAÇÃO ENVIADA VIA PLANILHA POR CONTA DA ALTA DEMANDA;CARTA ENVIADA;20/07/2026;NÃO LOCALIZADO;FINALIZADO;FINALIZADO;;;-;Sudeste;NORMAL
10/07/2026;13/07/2026;260713-000338;EXTRAVIO ;ACCIOLY BARAO DE LIMEIRA;A50;RIO DE JANEIRO;RJ;711279;SCB01;CAMILO;14356712;/0008638136/0008638137/&/0008638138/0008638306/&/0008638307/0008638308/&/0008638685;SIM;NOTIFICAÇÃO ENVIADA VIA PLANILHA POR CONTA DA ALTA DEMANDA;CARTA ENVIADA;20/07/2026;NÃO LOCALIZADO;FINALIZADO;FINALIZADO;;;-;Sudeste;NORMAL
17/06/2026;13/07/2026;260713-000283;EXTRAVIO ;MARKA (DIVINOPOLIS);D73;DIVINOPOLIS;MG;710718;SCB01;OPERAÇÃO SOR;14382276;86017676;SIM;NOTIFICAÇÃO ENVIADA VIA PLANILHA POR CONTA DA ALTA DEMANDA;CARTA ENVIADA;20/07/2026;NÃO LOCALIZADO;FINALIZADO;FINALIZADO;;;-;Sudeste;NORMAL
17/06/2026;13/07/2026;260713-000239;EXTRAVIO ;CAPRICHO (SAO JOSE DOS CAMPOS);C71;SAO JOSE DOS CAMPOS;SP;714587;SCB01;XD DIADEMA;14428876/NF14429337/14429712/14429711/;0008921723/0008921467/0008920907/0008920908/0008920909/0008920912/0008920913;SIM;NOTIFICAÇÃO ENVIADA VIA PLANILHA POR CONTA DA ALTA DEMANDA;CARTA ENVIADA;20/07/2026;NÃO LOCALIZADO;FINALIZADO;FINALIZADO;;;-;Sudeste;BACKLOG 22.06_23.07
08/07/2026;13/07/2026;260713-000167;EXTRAVIO ;MARKA (DIVINOPOLIS);D73;DIVINOPOLIS;MG;712302;SCB01;OPERAÇÃO SOR;14399721/14399718/14399719/14399720/14399721/14399722/;8823016;SIM;NOTIFICAÇÃO ENVIADA VIA PLANILHA POR CONTA DA ALTA DEMANDA;CARTA ENVIADA;20/07/2026;NÃO LOCALIZADO;FINALIZADO;FINALIZADO;;;-;Sudeste;NORMAL
25/06/2026;13/07/2026;260713-000132;EXTRAVIO ;JAVEP (JAU);C14;JAU;SP;717222;SCB01;ALFA;14449864;9042123;SIM;NOTIFICAÇÃO ENVIADA VIA PLANILHA POR CONTA DA ALTA DEMANDA;CARTA ENVIADA;20/07/2026;NÃO LOCALIZADO;FINALIZADO;FINALIZADO;;;-;Sudeste;BACKLOG 22.06_23.07
10/07/2026;13/07/2026;260713-000461;EXTRAVIO ;JORLAN (GOIANIA);J23;GOIANIA;GO;715888;SCB01;XD DIADEMA;206574;1560644937;SIM;NOTIFICAÇÃO ENVIADA VIA PLANILHA POR CONTA DA ALTA DEMANDA;CARTA ENVIADA;20/07/2026;NÃO LOCALIZADO;FINALIZADO;FINALIZADO;;;-;CO;BACKLOG 22.06_23.07
10/07/2026;13/07/2026;260713-000465;EXTRAVIO ;JORLAN (GOIANIA);J23;GOIANIA;GO;715888;SCB01;XD DIADEMA;14435213;87005439;SIM;NOTIFICAÇÃO ENVIADA VIA PLANILHA POR CONTA DA ALTA DEMANDA;CARTA ENVIADA;20/07/2026;NÃO LOCALIZADO;FINALIZADO;FINALIZADO;;;-;CO;BACKLOG 22.06_23.07
02/06/2026;13/07/2026;260713-000469;EXTRAVIO ;MARKA (DIVINOPOLIS);D73;DIVINOPOLIS;MG;707462;SCB01;XD MINAS;14345876;8596989;SIM;NOTIFICAÇÃO ENVIADA VIA PLANILHA POR CONTA DA ALTA DEMANDA;CARTA ENVIADA;20/07/2026;NÃO LOCALIZADO;FINALIZADO;FINALIZADO;;;-;Sudeste;NORMAL
05/08/2026;13/07/2026;260713-000471;EXTRAVIO ;GRAMARCA (VARZEA GRANDE);G22;VARZEA GRANDE;MT;717257;SCB01;CARVALIMA;14453024;9047780;SIM;NOTIFICAÇÃO ENVIADA VIA PLANILHA POR CONTA DA ALTA DEMANDA;CARTA ENVIADA;20/07/2026;NÃO LOCALIZADO;FINALIZADO;FINALIZADO;;;-;CO;BACKLOG 22.06_23.07
02/07/2026;13/07/2026;260713-000489;EXTRAVIO ;VIGORITO (ABC);E92;GUARULHOS;SP;714751;SCB01;XD DIADEMA;14428656;8922618;SIM;NOTIFICAÇÃO ENVIADA VIA PLANILHA POR CONTA DA ALTA DEMANDA;CARTA ENVIADA;20/07/2026;NÃO LOCALIZADO;FINALIZADO;FINALIZADO;;;-;Sudeste;BACKLOG 22.06_23.07
13/07/2026;13/07/2026;260713-000500;EXTRAVIO ;AMERICAS (BARRA);F34;RIO DE JANEIRO;RJ;715172;SCB01;XD DIADEMA;/14431745/14435320/14435289;/8937982/8937983/8937984/8937985/8937986/8937987/8937988/8937989/8937990/8937991/8937992/8937993/8937994/8937995/8937996/8937997/8937998/8937999/8938000/8956833/8956834/8956835/8956806/8956831.;SIM;NOTIFICAÇÃO ENVIADA VIA PLANILHA POR CONTA DA ALTA DEMANDA;CARTA ENVIADA;20/07/2026;NÃO LOCALIZADO;FINALIZADO;FINALIZADO;;;-;Sudeste;BACKLOG 22.06_23.07
08/07/2026;13/07/2026;260713-000505;EXTRAVIO ;NOVA (BELEM) - PECAS;N43;SÃO PAULO;SP;715190;SCB01;XD DIADEMA;14435286;8956830;SIM;NOTIFICAÇÃO ENVIADA VIA PLANILHA POR CONTA DA ALTA DEMANDA;CARTA ENVIADA;20/07/2026;NÃO LOCALIZADO;FINALIZADO;FINALIZADO;;;-;Sudeste;BACKLOG 22.06_23.07
23/07/2026;13/07/2026;260713-000512;EXTRAVIO ;ASPEN (BARRA MANSA);B05;MACAE;RJ;711281;SCB01;XD DIADEMA;14356728/NFS/14356727/E/14386040;8638503/8638504/8638515/8769105;SIM;NOTIFICAÇÃO ENVIADA VIA PLANILHA POR CONTA DA ALTA DEMANDA;CARTA ENVIADA;20/07/2026;NÃO LOCALIZADO;FINALIZADO;FINALIZADO;;;-;Sudeste;NORMAL
13/07/2026;13/07/2026;260713-000514;EXTRAVIO ;AMERICAS (BARRA);F34;RIO DE JANEIRO;RJ;716461;SCB01;XD DIADEMA;14442591/14443345/14443393;9009183/9009126/87006757.;SIM;NOTIFICAÇÃO ENVIADA VIA PLANILHA POR CONTA DA ALTA DEMANDA;CARTA ENVIADA;20/07/2026;NÃO LOCALIZADO;FINALIZADO;FINALIZADO;;;-;Sudeste;BACKLOG 22.06_23.07
13/07/2026;13/07/2026;260713-000517;EXTRAVIO ;AMERICAS (BARRA);F34;Rio de Janeiro;RJ;717095;SCB01;XD DIADEMA;14447931;9009995;SIM;NOTIFICAÇÃO ENVIADA VIA PLANILHA POR CONTA DA ALTA DEMANDA;CARTA ENVIADA;20/07/2026;NÃO LOCALIZADO;FINALIZADO;FINALIZADO;;;-;Sudeste;BACKLOG 22.06_23.07
08/07/2026;13/07/2026;260713-000525;EXTRAVIO ;NOVA (BELEM) - PECAS;N43;SÃO PAULO;SP;714992;SCB01;XD DIADEMA;14424341;8888109;SIM;NOTIFICAÇÃO ENVIADA VIA PLANILHA POR CONTA DA ALTA DEMANDA;CARTA ENVIADA;20/07/2026;NÃO LOCALIZADO;FINALIZADO;FINALIZADO;;;-;Sudeste;BACKLOG 22.06_23.07
13/07/2026;13/07/2026;260713-000526;EXTRAVIO ;AMERICAS (BARRA);F34;Rio de Janeiro;RJ;715675;SCB01;XD DIADEMA;14431691;8937981;SIM;NOTIFICAÇÃO ENVIADA VIA PLANILHA POR CONTA DA ALTA DEMANDA;CARTA ENVIADA;20/07/2026;NÃO LOCALIZADO;FINALIZADO;FINALIZADO;;;-;Sudeste;BACKLOG 22.06_23.07
30/06/2026;13/07/2026;260713-000553;EXTRAVIO ;VIGORITO (ABC);E92;SANTO ANDRE;SP;713996;SCB01;XD DIADEMA;14423027/NF:/14423192-4/;8901930/Volume:/8902333;SIM;NOTIFICAÇÃO ENVIADA VIA PLANILHA POR CONTA DA ALTA DEMANDA;FINALIZADO COMO RESOLVIDO;20/07/2026;LOCALIZADO;FINALIZADO;FINALIZADO;;;-;Sudeste;BACKLOG 22.06_23.07
06/07/2026;13/07/2026;260713-000594;EXTRAVIO ;LUCHINI;L30;JUNDIAI;SP;717149;SCB01;XD DIADEMA;14446956;9028203;SIM;NOTIFICAÇÃO ENVIADA VIA PLANILHA POR CONTA DA ALTA DEMANDA;CARTA ENVIADA;20/07/2026;NÃO LOCALIZADO;FINALIZADO;FINALIZADO;;;-;Sudeste;BACKLOG 22.06_23.07
24/07/2026;13/07/2026;260713-000597;EXTRAVIO ;LUCIVEL (CERES);M99;CERES;GO;716652;SCB01;RIO VERMELHO;14445705;total;SIM;NOTIFICAÇÃO ENVIADA VIA PLANILHA POR CONTA DA ALTA DEMANDA;CARTA ENVIADA;20/07/2026;NÃO LOCALIZADO;FINALIZADO;FINALIZADO;;;-;CO;BACKLOG 22.06_23.07
24/07/2026;13/07/2026;260713-000600;EXTRAVIO ;LUCIVEL (CERES);M99;CERES;GO;714672;SCB01;XD DIADEMA;14427334;total;SIM;NOTIFICAÇÃO ENVIADA VIA PLANILHA POR CONTA DA ALTA DEMANDA;CARTA ENVIADA;20/07/2026;NÃO LOCALIZADO;FINALIZADO;FINALIZADO;;;-;CO;BACKLOG 22.06_23.07
28/05/2026;13/07/2026;260713-000619;EXTRAVIO ;MARKA (DIVINOPOLIS);D73;DIVINOPOLIS;MG;238800;SCB01;CAMILO;1319197;2433920;SIM;NOTIFICAÇÃO ENVIADA VIA PLANILHA POR CONTA DA ALTA DEMANDA;CARTA ENVIADA;20/07/2026;NÃO LOCALIZADO;FINALIZADO;FINALIZADO;;;-;Sudeste;NORMAL
13/07/2026;14/07/2026;260714-000007;EXTRAVIO ;SPASSUS;S66;JUNDIAI;SP;715865;SCB01;XD DIADEMA;14440359;8995609;SIM;NOTIFICAÇÃO ENVIADA VIA PLANILHA POR CONTA DA ALTA DEMANDA;CARTA ENVIADA;21/07/2026;NÃO LOCALIZADO;FINALIZADO;FINALIZADO;;;-;Sudeste;BACKLOG 22.06_23.07
10/07/2026;14/07/2026;260714-000012;EXTRAVIO ;CVC (SERRA);L91;Serra;ES;715129;SCB01;CAMILO;14422804;PN52190113;SIM;NOTIFICAÇÃO ENVIADA VIA PLANILHA POR CONTA DA ALTA DEMANDA;CARTA ENVIADA;21/07/2026;NÃO LOCALIZADO;FINALIZADO;FINALIZADO;;;-;Sudeste;BACKLOG 22.06_23.07
;14/07/2026;260714-000026;EXTRAVIO ;NOVA (RIBEIRAO PRETO);N17;RIBEIRAO PRETO;SP;Sem embarque;SCB01;OPERAÇÃO SOR;1449621;9041975;SIM;NOTIFICAÇÃO ENVIADA VIA PLANILHA POR CONTA DA ALTA DEMANDA;CARTA ENVIADA;21/07/2026;NÃO LOCALIZADO;FINALIZADO;FINALIZADO;;;-;Sudeste;NORMAL
10/07/2026;14/07/2026;260714-000035;EXTRAVIO ;NOVA (RIBEIRAO PRETO);N17;RIBEIRAO PRETO;SP;717798;SCB01;XD DIADEMA;14462448;/9076733/9076734/9076744;SIM;NOTIFICAÇÃO ENVIADA VIA PLANILHA POR CONTA DA ALTA DEMANDA;CARTA ENVIADA;21/07/2026;NÃO LOCALIZADO;FINALIZADO;FINALIZADO;;;-;Sudeste;BACKLOG 22.06_23.07
14/07/2026;14/07/2026;260714-000044;EXTRAVIO ;GRANDE MINAS (PAMPULHA);F51;CONTAGEM;MG;716745;SCB01;XD MINAS;14446195;9023762;SIM;NOTIFICAÇÃO ENVIADA VIA PLANILHA POR CONTA DA ALTA DEMANDA;CARTA ENVIADA;21/07/2026;NÃO LOCALIZADO;FINALIZADO;FINALIZADO;;;-;Sudeste;BACKLOG 22.06_23.07
03/07/2026;14/07/2026;260714-000047;EXTRAVIO ;WEST MOTORS (PIRACICABA);W25;Piracicaba;SP;714868;SCB01;ALFA;14431233;52133641;SIM;NOTIFICAÇÃO ENVIADA VIA PLANILHA POR CONTA DA ALTA DEMANDA;CARTA ENVIADA;21/07/2026;NÃO LOCALIZADO;FINALIZADO;FINALIZADO;;;-;Sudeste;BACKLOG 22.06_23.07
13/07/2026;14/07/2026;260714-000049;EXTRAVIO ;JORLAN (GOIANIA);J23;GOIANIA;GO;715037;SCB01;XD DIADEMA;14431470;8901480;SIM;NOTIFICAÇÃO ENVIADA VIA PLANILHA POR CONTA DA ALTA DEMANDA;CARTA ENVIADA;21/07/2026;NÃO LOCALIZADO;FINALIZADO;FINALIZADO;;;-;CO;BACKLOG 22.06_23.07
14/07/2026;14/07/2026;260714-000058;EXTRAVIO ;GRANDE MINAS (PAMPULHA);F51;BELO HORIZONTE;MG;717097;SCB01;XD MINAS;NF14450788/NF14451176/NF14450682;9037139/9037530/9037602/;SIM;NOTIFICAÇÃO ENVIADA VIA PLANILHA POR CONTA DA ALTA DEMANDA;CARTA ENVIADA;21/07/2026;NÃO LOCALIZADO;FINALIZADO;FINALIZADO;;;-;Sudeste;BACKLOG 22.06_23.07
14/07/2026;14/07/2026;260714-000079;EXTRAVIO ;JORLAN (BARAO H. DE MELO);J66;BELO HORIZONTE;MG;717111;SCB01;XD MINAS;14450550;9037284;SIM;NOTIFICAÇÃO ENVIADA VIA PLANILHA POR CONTA DA ALTA DEMANDA;CARTA ENVIADA;21/07/2026;NÃO LOCALIZADO;FINALIZADO;FINALIZADO;;;-;Sudeste;BACKLOG 22.06_23.07
14/07/2026;14/07/2026;260714-000080;EXTRAVIO ;JORLAN (BARAO H. DE MELO);J66;BELO HORIZONTE;MG;717111;SCB01;XD MINAS;14450771;9036991;SIM;NOTIFICAÇÃO ENVIADA VIA PLANILHA POR CONTA DA ALTA DEMANDA;CARTA ENVIADA;21/07/2026;NÃO LOCALIZADO;FINALIZADO;FINALIZADO;;;-;Sudeste;BACKLOG 22.06_23.07
14/07/2026;14/07/2026;260714-000082;EXTRAVIO ;JORLAN (BARAO H. DE MELO);J66;BELO HORIZONTE;MG;717111;SCB01;XD MINAS;14446649;9023559;SIM;NOTIFICAÇÃO ENVIADA VIA PLANILHA POR CONTA DA ALTA DEMANDA;CARTA ENVIADA;21/07/2026;NÃO LOCALIZADO;FINALIZADO;FINALIZADO;;;-;Sudeste;BACKLOG 22.06_23.07
14/07/2026;14/07/2026;260714-000089;EXTRAVIO ;JORLAN (BARAO H. DE MELO);J66;BELO HORIZONTE;MG;716126;SCB01;XD MINAS;14441095;8791881;SIM;NOTIFICAÇÃO ENVIADA VIA PLANILHA POR CONTA DA ALTA DEMANDA;CARTA ENVIADA;21/07/2026;NÃO LOCALIZADO;FINALIZADO;FINALIZADO;;;-;Sudeste;BACKLOG 22.06_23.07
14/07/2026;14/07/2026;260714-000090;EXTRAVIO ;JORLAN (BARAO H. DE MELO);J66;BELO HORIZONTE;MG;716126;SCB01;XD MINAS;14424951;8902548;SIM;NOTIFICAÇÃO ENVIADA VIA PLANILHA POR CONTA DA ALTA DEMANDA;CARTA ENVIADA;21/07/2026;NÃO LOCALIZADO;FINALIZADO;FINALIZADO;;;-;Sudeste;BACKLOG 22.06_23.07
14/07/2026;14/07/2026;260714-000091;EXTRAVIO ;JORLAN (BARAO H. DE MELO);J66;BELO HORIZONTE;MG;716126;SCB01;XD MINAS;14429544;8922598;SIM;NOTIFICAÇÃO ENVIADA VIA PLANILHA POR CONTA DA ALTA DEMANDA;CARTA ENVIADA;21/07/2026;NÃO LOCALIZADO;FINALIZADO;FINALIZADO;;;-;Sudeste;BACKLOG 22.06_23.07
14/07/2026;14/07/2026;260714-000092;EXTRAVIO ;JORLAN (BARAO H. DE MELO);J66;BELO HORIZONTE;MG;716126;SCB01;XD MINAS;14438813;14438813;SIM;NOTIFICAÇÃO ENVIADA VIA PLANILHA POR CONTA DA ALTA DEMANDA;CARTA ENVIADA;21/07/2026;NÃO LOCALIZADO;FINALIZADO;FINALIZADO;;;-;Sudeste;BACKLOG 22.06_23.07
14/07/2026;14/07/2026;260714-000101;EXTRAVIO ;JORLAN (BARAO H. DE MELO);J66;BELO HORIZONTE;MG;716475;SCB01;XD MINAS;14443402;8892826;SIM;NOTIFICAÇÃO ENVIADA VIA PLANILHA POR CONTA DA ALTA DEMANDA;CARTA ENVIADA;21/07/2026;NÃO LOCALIZADO;FINALIZADO;FINALIZADO;;;-;Sudeste;BACKLOG 22.06_23.07
06/08/2026;14/07/2026;260714-000103;EXTRAVIO ;JORLAN (BARAO H. DE MELO);J66;BELO HORIZONTE;MG;723076;SCB01;XD MINAS;14444290;8922631;SIM;NOTIFICAÇÃO ENVIADA VIA PLANILHA POR CONTA DA ALTA DEMANDA;CARTA ENVIADA;21/07/2026;NÃO LOCALIZADO;FINALIZADO;FINALIZADO;;;-;Sudeste;BACKLOG 22.06_23.07
14/07/2026;14/07/2026;260714-000106;EXTRAVIO ;JORLAN (BARAO H. DE MELO);J66;BELO HORIZONTE;MG;716475;SCB01;XD MINAS;14442641;8987325;SIM;NOTIFICAÇÃO ENVIADA VIA PLANILHA POR CONTA DA ALTA DEMANDA;CARTA ENVIADA;21/07/2026;NÃO LOCALIZADO;FINALIZADO;FINALIZADO;;;-;Sudeste;BACKLOG 22.06_23.07
14/07/2026;14/07/2026;260714-000109;EXTRAVIO ;JORLAN (BARAO H. DE MELO);J66;BELO HORIZONTE;MG;716475;SCB01;XD MINAS;14425653;8892702;SIM;NOTIFICAÇÃO ENVIADA VIA PLANILHA POR CONTA DA ALTA DEMANDA;CARTA ENVIADA;21/07/2026;NÃO LOCALIZADO;FINALIZADO;FINALIZADO;;;-;Sudeste;BACKLOG 22.06_23.07
14/07/2026;14/07/2026;260714-000176;EXTRAVIO ;JAVEP (JAU);C14;ARAÇATUBA;SP;717226;SCB01;ALFA;14422488;8906556/8906557/8906558/8906559/89065560;SIM;NOTIFICAÇÃO ENVIADA VIA PLANILHA POR CONTA DA ALTA DEMANDA;CARTA ENVIADA;21/07/2026;NÃO LOCALIZADO;FINALIZADO;FINALIZADO;;;-;Sudeste;BACKLOG 22.06_23.07
17/07/2026;14/07/2026;260714-000203;EXTRAVIO ;GRANDE MINAS (PAMPULHA);F51;BELO HORIZONTE;MG;715060;SCB01;XD MINAS;14431777;8709763;SIM;NOTIFICAÇÃO ENVIADA VIA PLANILHA POR CONTA DA ALTA DEMANDA;CARTA ENVIADA;21/07/2026;NÃO LOCALIZADO;FINALIZADO;FINALIZADO;;;-;Sudeste;BACKLOG 22.06_23.07
;14/07/2026;260714-000220;EXTRAVIO ;GRANDE MINAS (PAMPULHA);F51;BELO HORIZONTE;MG;Sem embarque;SCB01;OPERAÇÃO SOR;14441332;8987303;SIM;NOTIFICAÇÃO ENVIADA VIA PLANILHA POR CONTA DA ALTA DEMANDA;CARTA ENVIADA;21/07/2026;NÃO LOCALIZADO;FINALIZADO;FINALIZADO;;;-;Sudeste;NORMAL
14/07/2026;14/07/2026;260714-000234;EXTRAVIO ;NOVA (BELEM) - PECAS;N43;SÃO PAULO;SP;718875;SCB01;XD DIADEMA;14472333;9112303/9112304/9112305;SIM;NOTIFICAÇÃO ENVIADA VIA PLANILHA POR CONTA DA ALTA DEMANDA;CARTA ENVIADA;21/07/2026;NÃO LOCALIZADO;FINALIZADO;FINALIZADO;;;-;Sudeste;BACKLOG 22.06_23.07
07/07/2026;14/07/2026;260714-000246;EXTRAVIO ;ARTVEL;P53;MOGI GUACU;SP;716163;SCB01;ALFA;14440660;8994180;SIM;NOTIFICAÇÃO ENVIADA VIA PLANILHA POR CONTA DA ALTA DEMANDA;CARTA ENVIADA;21/07/2026;NÃO LOCALIZADO;FINALIZADO;FINALIZADO;;;-;Sudeste;BACKLOG 22.06_23.07
14/07/2026;14/07/2026;260714-000290;EXTRAVIO ;JORLAN (BARAO H. DE MELO);J66;BELO HORIZONTE;MG;716762;SCB01;XD MINAS;14446355;9024001;SIM;NOTIFICAÇÃO ENVIADA VIA PLANILHA POR CONTA DA ALTA DEMANDA;CARTA ENVIADA;21/07/2026;NÃO LOCALIZADO;FINALIZADO;FINALIZADO;;;-;Sudeste;BACKLOG 22.06_23.07
14/07/2026;14/07/2026;260714-000295;EXTRAVIO ;JORLAN (BARAO H. DE MELO);J66;BELO HORIZONTE;MG;716762;SCB01;XD MINAS;14446356;9024001;SIM;NOTIFICAÇÃO ENVIADA VIA PLANILHA POR CONTA DA ALTA DEMANDA;CARTA ENVIADA;21/07/2026;NÃO LOCALIZADO;FINALIZADO;FINALIZADO;;;-;Sudeste;BACKLOG 22.06_23.07
14/07/2026;14/07/2026;260714-000297;EXTRAVIO ;JORLAN (BARAO H. DE MELO);J66;BELO HORIZONTE;MG;716762;SCB01;XD MINAS;14446084;87007550;SIM;NOTIFICAÇÃO ENVIADA VIA PLANILHA POR CONTA DA ALTA DEMANDA;CARTA ENVIADA;21/07/2026;NÃO LOCALIZADO;FINALIZADO;FINALIZADO;;;-;Sudeste;BACKLOG 22.06_23.07
14/07/2026;14/07/2026;260714-000299;EXTRAVIO ;JORLAN (BARAO H. DE MELO);J66;BELO HORIZONTE;MG;716762;SCB01;XD MINAS;14445886;9023806/9023807/9023808/9023809/9023810;SIM;NOTIFICAÇÃO ENVIADA VIA PLANILHA POR CONTA DA ALTA DEMANDA;CARTA ENVIADA;21/07/2026;NÃO LOCALIZADO;FINALIZADO;FINALIZADO;;;-;Sudeste;BACKLOG 22.06_23.07
14/07/2026;14/07/2026;260714-000302;EXTRAVIO ;JORLAN (BARAO H. DE MELO);J66;BELO HORIZONTE;MG;716762;SCB01;XD MINAS;14444863;9019761;SIM;NOTIFICAÇÃO ENVIADA VIA PLANILHA POR CONTA DA ALTA DEMANDA;CARTA ENVIADA;21/07/2026;NÃO LOCALIZADO;FINALIZADO;FINALIZADO;;;-;Sudeste;BACKLOG 22.06_23.07
14/07/2026;14/07/2026;260714-000308;EXTRAVIO ;JORLAN (BARAO H. DE MELO);J66;BELO HORIZONTE;MG;714465;SCB01;XD MINAS;14423298;8822401;SIM;NOTIFICAÇÃO ENVIADA VIA PLANILHA POR CONTA DA ALTA DEMANDA;CARTA ENVIADA;21/07/2026;NÃO LOCALIZADO;FINALIZADO;FINALIZADO;;;-;Sudeste;BACKLOG 22.06_23.07
14/07/2026;14/07/2026;260714-000309;EXTRAVIO ;JORLAN (BARAO H. DE MELO);J66;BELO HORIZONTE;MG;714465;SCB01;XD MINAS;14422173;792481/8792483/8792485;SIM;NOTIFICAÇÃO ENVIADA VIA PLANILHA POR CONTA DA ALTA DEMANDA;CARTA ENVIADA;21/07/2026;NÃO LOCALIZADO;FINALIZADO;FINALIZADO;;;-;Sudeste;BACKLOG 22.06_23.07
14/07/2026;14/07/2026;260714-000311;EXTRAVIO ;JORLAN (BARAO H. DE MELO);J66;BELO HORIZONTE;MG;714465;SCB01;XD MINAS;14424995;8791853;SIM;NOTIFICAÇÃO ENVIADA VIA PLANILHA POR CONTA DA ALTA DEMANDA;CARTA ENVIADA;21/07/2026;NÃO LOCALIZADO;FINALIZADO;FINALIZADO;;;-;Sudeste;BACKLOG 22.06_23.07
14/07/2026;14/07/2026;260714-000313;EXTRAVIO ;JORLAN (BARAO H. DE MELO);J66;BELO HORIZONTE;MG;714465;SCB01;XD MINAS;14427403;8920779/8920784;SIM;NOTIFICAÇÃO ENVIADA VIA PLANILHA POR CONTA DA ALTA DEMANDA;CARTA ENVIADA;21/07/2026;NÃO LOCALIZADO;FINALIZADO;FINALIZADO;;;-;Sudeste;BACKLOG 22.06_23.07
14/07/2026;14/07/2026;260714-000316;EXTRAVIO ;JORLAN (BARAO H. DE MELO);J66;BELO HORIZONTE;MG;714465;SCB01;XD MINAS;14427306;8920363/8920364/8920365/8920366/8920367/8920368/8920369/8920370/8920371/8920372/8920373/8920374/8920375/8920376/8920377/8920378/8920379/8920380;SIM;NOTIFICAÇÃO ENVIADA VIA PLANILHA POR CONTA DA ALTA DEMANDA;CARTA ENVIADA;21/07/2026;NÃO LOCALIZADO;FINALIZADO;FINALIZADO;;;-;Sudeste;BACKLOG 22.06_23.07
07/07/2026;14/07/2026;260714-000351;EXTRAVIO ;PROESTE (DRACENA);P59;DRACENA;SP;716190;SCB01;ALFA;14440033/14430817/;8994094;SIM;NOTIFICAÇÃO ENVIADA VIA PLANILHA POR CONTA DA ALTA DEMANDA;FINALIZADO COMO RESOLVIDO;21/07/2026;LOCALIZADO;FINALIZADO;FINALIZADO;;;-;Sudeste;BACKLOG 22.06_23.07
31/08/2026;14/07/2026;260714-000380;EXTRAVIO ;JAVEP (S.J. RIO PRETO);J57;SAO JOSE DO RIO PRETO;SP;717224;SCB01;ALFA;14422447;8906607;SIM;NOTIFICAÇÃO ENVIADA VIA PLANILHA POR CONTA DA ALTA DEMANDA;CARTA ENVIADA;21/07/2026;NÃO LOCALIZADO;FINALIZADO;FINALIZADO;;;-;Sudeste;BACKLOG 22.06_23.07
02/07/2026;14/07/2026;260714-000443;EXTRAVIO ;LIDER BH (ANDRADAS);L99;Belo Horizonte;MG;713302;SCB01;XD MINAS;14414112;8871748;SIM;NOTIFICAÇÃO ENVIADA VIA PLANILHA POR CONTA DA ALTA DEMANDA;CARTA ENVIADA;21/07/2026;NÃO LOCALIZADO;FINALIZADO;FINALIZADO;;;-;Sudeste;BACKLOG 22.06_23.07
06/05/2026;14/07/2026;260714-000448;EXTRAVIO ;CARRERA (OSASCO);J63;OSASCO;SP;701926;SCB01;XD DIADEMA;14278915;8338962;SIM;NOTIFICAÇÃO ENVIADA VIA PLANILHA POR CONTA DA ALTA DEMANDA;CARTA ENVIADA;21/07/2026;NÃO LOCALIZADO;FINALIZADO;FINALIZADO;;;-;Sudeste;NORMAL
09/06/2026;14/07/2026;260714-000449;EXTRAVIO ;CARRERA (OSASCO);J63;OSASCO;SP;709430;SCB01;XD DIADEMA;14364377;8643406/8643407/8643408;SIM;NOTIFICAÇÃO ENVIADA VIA PLANILHA POR CONTA DA ALTA DEMANDA;FINALIZADO COMO RESOLVIDO;21/07/2026;LOCALIZADO;FINALIZADO;FINALIZADO;;;-;Sudeste;NORMAL
02/07/2026;14/07/2026;260714-000452;EXTRAVIO ;LIDER BH (ANDRADAS);L99;Belo Horizonte;MG;713302;SCB01;XD MINAS;14413949;88716639;SIM;NOTIFICAÇÃO ENVIADA VIA PLANILHA POR CONTA DA ALTA DEMANDA;CARTA ENVIADA;21/07/2026;NÃO LOCALIZADO;FINALIZADO;FINALIZADO;;;-;Sudeste;BACKLOG 22.06_23.07
02/07/2026;14/07/2026;260714-000453;EXTRAVIO ;LIDER BH (ANDRADAS);L99;Belo Horizonte;MG;713302;SCB01;XD MINAS;14414547;14364387;SIM;NOTIFICAÇÃO ENVIADA VIA PLANILHA POR CONTA DA ALTA DEMANDA;CARTA ENVIADA;21/07/2026;NÃO LOCALIZADO;FINALIZADO;FINALIZADO;;;-;Sudeste;BACKLOG 22.06_23.07
09/06/2026;14/07/2026;260714-000467;EXTRAVIO ;CARRERA (OSASCO);J63;OSASCO;SP;709430;SCB01;XD DIADEMA;14364387;8643471/8643472/8643473/8643474;SIM;NOTIFICAÇÃO ENVIADA VIA PLANILHA POR CONTA DA ALTA DEMANDA;CARTA ENVIADA;21/07/2026;NÃO LOCALIZADO;FINALIZADO;FINALIZADO;;;-;Sudeste;NORMAL
14/07/2026;14/07/2026;260714-000469;EXTRAVIO ;PLANETA (PARACATU);P08;PARACATU;MG;713080;SCB01;XD MINAS;14412681;87006317;SIM;NOTIFICAÇÃO ENVIADA VIA PLANILHA POR CONTA DA ALTA DEMANDA;CARTA ENVIADA;21/07/2026;NÃO LOCALIZADO;FINALIZADO;FINALIZADO;;;-;Sudeste;BACKLOG 22.06_23.07
02/07/2026;14/07/2026;260714-000480;EXTRAVIO ;LIDER BH (ANDRADAS);L99;Belo Horizonte;MG;712863;SCB01;XD MINAS;14410105;8858294;SIM;NOTIFICAÇÃO ENVIADA VIA PLANILHA POR CONTA DA ALTA DEMANDA;CARTA ENVIADA;21/07/2026;NÃO LOCALIZADO;FINALIZADO;FINALIZADO;;;-;Sudeste;BACKLOG 22.06_23.07
06/05/2026;14/07/2026;260714-000481;EXTRAVIO ;CARRERA (OSASCO);J63;OSASCO;SP;701372;SCB01;XD DIADEMA;14276009/14276702;8307680/8325010/8325016;SIM;NOTIFICAÇÃO ENVIADA VIA PLANILHA POR CONTA DA ALTA DEMANDA;CARTA ENVIADA;21/07/2026;NÃO LOCALIZADO;FINALIZADO;FINALIZADO;;;-;Sudeste;NORMAL
02/07/2026;14/07/2026;260714-000482;EXTRAVIO ;CARRERA (OSASCO);J63;OSASCO;SP;714876;SCB01;XD DIADEMA;14432066;8943136/8943137;SIM;NOTIFICAÇÃO ENVIADA VIA PLANILHA POR CONTA DA ALTA DEMANDA;CARTA ENVIADA;21/07/2026;NÃO LOCALIZADO;FINALIZADO;FINALIZADO;;;-;Sudeste;BACKLOG 22.06_23.07
02/07/2026;14/07/2026;260714-000484;EXTRAVIO ;LIDER BH (ANDRADAS);L99;Belo Horizonte;MG;712863;SCB01;XD MINAS;14409856;8857473;SIM;NOTIFICAÇÃO ENVIADA VIA PLANILHA POR CONTA DA ALTA DEMANDA;FINALIZADO COMO RESOLVIDO;21/07/2026;LOCALIZADO;FINALIZADO;FINALIZADO;;;-;Sudeste;BACKLOG 22.06_23.07
02/07/2026;14/07/2026;260714-000488;EXTRAVIO ;LIDER BH (ANDRADAS);L99;Belo Horizonte;MG;712863;SCB01;XD MINAS;14409856;8857474;SIM;NOTIFICAÇÃO ENVIADA VIA PLANILHA POR CONTA DA ALTA DEMANDA;FINALIZADO COMO RESOLVIDO;21/07/2026;LOCALIZADO;FINALIZADO;FINALIZADO;;;-;Sudeste;BACKLOG 22.06_23.07
02/07/2026;14/07/2026;260714-000491;EXTRAVIO ;CARRERA (OSASCO);J63;OSASCO;SP;714537;SCB01;XD DIADEMA;14422853;8855684/8855685/8855686;SIM;NOTIFICAÇÃO ENVIADA VIA PLANILHA POR CONTA DA ALTA DEMANDA;FINALIZADO COMO RESOLVIDO;21/07/2026;LOCALIZADO;FINALIZADO;FINALIZADO;;;-;Sudeste;BACKLOG 22.06_23.07
02/07/2026;14/07/2026;260714-000495;EXTRAVIO ;CARRERA (OSASCO);J63;OSASCO;SP;714537;SCB01;XD DIADEMA;14421954;8899364;SIM;NOTIFICAÇÃO ENVIADA VIA PLANILHA POR CONTA DA ALTA DEMANDA;CARTA ENVIADA;21/07/2026;NÃO LOCALIZADO;FINALIZADO;FINALIZADO;;;-;Sudeste;BACKLOG 22.06_23.07
02/07/2026;14/07/2026;260714-000498;EXTRAVIO ;CARRERA (OSASCO);J63;OSASCO;SP;714537;SCB01;XD DIADEMA;14421980;8899365;SIM;NOTIFICAÇÃO ENVIADA VIA PLANILHA POR CONTA DA ALTA DEMANDA;CARTA ENVIADA;21/07/2026;NÃO LOCALIZADO;FINALIZADO;FINALIZADO;;;-;Sudeste;BACKLOG 22.06_23.07
02/07/2026;14/07/2026;260714-000511;EXTRAVIO ;CARRERA (OSASCO);J63;OSASCO;SP;714767;SCB01;XD DIADEMA;14421997;8899366;SIM;NOTIFICAÇÃO ENVIADA VIA PLANILHA POR CONTA DA ALTA DEMANDA;FINALIZADO COMO RESOLVIDO;21/07/2026;LOCALIZADO;FINALIZADO;FINALIZADO;;;-;Sudeste;BACKLOG 22.06_23.07
02/07/2026;14/07/2026;260714-000515;EXTRAVIO ;CARRERA (OSASCO);J63;OSASCO;SP;714767;SCB01;XD DIADEMA;14421998;8899367;SIM;NOTIFICAÇÃO ENVIADA VIA PLANILHA POR CONTA DA ALTA DEMANDA;CARTA ENVIADA;21/07/2026;NÃO LOCALIZADO;FINALIZADO;FINALIZADO;;;-;Sudeste;BACKLOG 22.06_23.07
02/07/2026;14/07/2026;260714-000520;EXTRAVIO ;CARRERA (OSASCO);J63;OSASCO;SP;714767;SCB01;XD DIADEMA;14421992;8899368;SIM;NOTIFICAÇÃO ENVIADA VIA PLANILHA POR CONTA DA ALTA DEMANDA;CARTA ENVIADA;21/07/2026;NÃO LOCALIZADO;FINALIZADO;FINALIZADO;;;-;Sudeste;BACKLOG 22.06_23.07
02/07/2026;14/07/2026;260714-000525;EXTRAVIO ;CARRERA (OSASCO);J63;OSASCO;SP;714767;SCB01;XD DIADEMA;14427004;8918435/8918436;SIM;NOTIFICAÇÃO ENVIADA VIA PLANILHA POR CONTA DA ALTA DEMANDA;FINALIZADO COMO RESOLVIDO;21/07/2026;LOCALIZADO;FINALIZADO;FINALIZADO;;;-;Sudeste;BACKLOG 22.06_23.07
14/07/2026;15/07/2026;260715-000005;EXTRAVIO ;JAVEP (JAU);C14;SAO CARLOS;SP;715648;SCB01;ALFA;14435075;8982887;SIM;NOTIFICAÇÃO ENVIADA VIA PLANILHA POR CONTA DA ALTA DEMANDA;CARTA ENVIADA;22/07/2026;NÃO LOCALIZADO;FINALIZADO;FINALIZADO;;;-;Sudeste;BACKLOG 22.06_23.07
09/07/2026;15/07/2026;260715-000050;EXTRAVIO ;ACCIOLY BARAO DE LIMEIRA;A50;SÃO PAULO;SP;717794;SCB01;XD DIADEMA;14462440;0009076729/0009076743;SIM;NOTIFICAÇÃO ENVIADA VIA PLANILHA POR CONTA DA ALTA DEMANDA;CARTA ENVIADA;22/07/2026;NÃO LOCALIZADO;FINALIZADO;FINALIZADO;;;-;Sudeste;BACKLOG 22.06_23.07
10/07/2026;15/07/2026;260715-000052;EXTRAVIO ;CVC (SERRA);L91;Serra;ES;714333;SCB01;CAMILO;14409238;8855980;SIM;NOTIFICAÇÃO ENVIADA VIA PLANILHA POR CONTA DA ALTA DEMANDA;CARTA ENVIADA;22/07/2026;NÃO LOCALIZADO;FINALIZADO;FINALIZADO;;;-;Sudeste;BACKLOG 22.06_23.07
10/07/2026;15/07/2026;260715-000057;EXTRAVIO ;CVC (SERRA);L91;Serra;ES;716225;SCB01;CAMILO;14440749;8870308;SIM;NOTIFICAÇÃO ENVIADA VIA PLANILHA POR CONTA DA ALTA DEMANDA;FINALIZADO COMO RESOLVIDO;22/07/2026;LOCALIZADO;FINALIZADO;FINALIZADO;;;-;Sudeste;BACKLOG 22.06_23.07
10/07/2026;15/07/2026;260715-000061;EXTRAVIO ;CVC (SERRA);L91;Serra;ES;714806;SCB01;CAMILO;14422846;0008870319/0008899705;SIM;NOTIFICAÇÃO ENVIADA VIA PLANILHA POR CONTA DA ALTA DEMANDA;FINALIZADO COMO RESOLVIDO;22/07/2026;LOCALIZADO;FINALIZADO;FINALIZADO;;;-;Sudeste;BACKLOG 22.06_23.07
30/06/2026;15/07/2026;260715-000081;EXTRAVIO ;LIDER BH (ANDRADAS);L99;Belo Horizonte;MG;713426;SCB01;XD MINAS;14415039;8875820;SIM;NOTIFICAÇÃO ENVIADA VIA PLANILHA POR CONTA DA ALTA DEMANDA;FINALIZADO COMO RESOLVIDO;22/07/2026;LOCALIZADO;FINALIZADO;FINALIZADO;;;-;Sudeste;BACKLOG 22.06_23.07
09/07/2026;15/07/2026;260715-000101;EXTRAVIO ;PLANETA (BRASILIA);S28;BRASILIA;DF;715897;SCB01;XD DIADEMA;1447032/E14437034;8901491/8901492/89014993/8901494;SIM;NOTIFICAÇÃO ENVIADA VIA PLANILHA POR CONTA DA ALTA DEMANDA;CARTA ENVIADA;22/07/2026;NÃO LOCALIZADO;FINALIZADO;FINALIZADO;;;-;CO;BACKLOG 22.06_23.07
09/07/2026;15/07/2026;260715-000108;EXTRAVIO ;PLANETA (BRASILIA);S28;BRASILIA;DF;716258;SCB01;XD DIADEMA;14440944;8993307;SIM;NOTIFICAÇÃO ENVIADA VIA PLANILHA POR CONTA DA ALTA DEMANDA;CARTA ENVIADA;22/07/2026;NÃO LOCALIZADO;FINALIZADO;FINALIZADO;;;-;CO;BACKLOG 22.06_23.07
03/07/2026;15/07/2026;260715-000164;EXTRAVIO ;AUTUS (AFONSO PENA);X44;ARAXA;MG;713017;SCB01;XD MINAS;14410889;8861248/8861249/;SIM;NOTIFICAÇÃO ENVIADA VIA PLANILHA POR CONTA DA ALTA DEMANDA;CARTA ENVIADA;22/07/2026;NÃO LOCALIZADO;FINALIZADO;FINALIZADO;;;-;Sudeste;BACKLOG 22.06_23.07
15/07/2026;15/07/2026;260715-000166;EXTRAVIO ;ACCIOLY BARAO DE LIMEIRA;A50;SÃO PAULO;SP;719079;SCB01;XD DIADEMA;14466725;9089473;SIM;NOTIFICAÇÃO ENVIADA VIA PLANILHA POR CONTA DA ALTA DEMANDA;CARTA ENVIADA;22/07/2026;NÃO LOCALIZADO;FINALIZADO;FINALIZADO;;;-;Sudeste;BACKLOG 22.06_23.07
15/07/2026;15/07/2026;260715-000167;EXTRAVIO ;ACCIOLY BARAO DE LIMEIRA;A50;SÃO PAULO;SP;719079;SCB01;XD DIADEMA;14471127;0009034641/0009034642;SIM;NOTIFICAÇÃO ENVIADA VIA PLANILHA POR CONTA DA ALTA DEMANDA;CARTA ENVIADA;22/07/2026;NÃO LOCALIZADO;FINALIZADO;FINALIZADO;;;-;Sudeste;BACKLOG 22.06_23.07
15/07/2026;15/07/2026;260715-000170;EXTRAVIO ;ACCIOLY BARAO DE LIMEIRA;A50;SÃO PAULO;SP;719079;SCB01;XD DIADEMA;14471120;0009063150/0009063151/0009063152;SIM;NOTIFICAÇÃO ENVIADA VIA PLANILHA POR CONTA DA ALTA DEMANDA;CARTA ENVIADA;22/07/2026;NÃO LOCALIZADO;FINALIZADO;FINALIZADO;;;-;Sudeste;BACKLOG 22.06_23.07
15/07/2026;15/07/2026;260715-000173;EXTRAVIO ;ACCIOLY BARAO DE LIMEIRA;A50;SÃO PAULO;SP;719079;SCB01;XD DIADEMA;14467842;9095274;SIM;NOTIFICAÇÃO ENVIADA VIA PLANILHA POR CONTA DA ALTA DEMANDA;CARTA ENVIADA;22/07/2026;NÃO LOCALIZADO;FINALIZADO;FINALIZADO;;;-;Sudeste;BACKLOG 22.06_23.07
15/07/2026;15/07/2026;260715-000533;EXTRAVIO ;SUPREMA;S47;Assis;SP;711235;SCB01;ALFA;14390540;98557231;SIM;NOTIFICAÇÃO ENVIADA VIA PLANILHA POR CONTA DA ALTA DEMANDA;CARTA ENVIADA;22/07/2026;NÃO LOCALIZADO;FINALIZADO;FINALIZADO;;;-;Sudeste;NORMAL
15/07/2026;15/07/2026;260715-000528;EXTRAVIO ;SUPREMA;S47;Assis;SP;712775;SCB01;ALFA;14408200;8854628;SIM;NOTIFICAÇÃO ENVIADA VIA PLANILHA POR CONTA DA ALTA DEMANDA;CARTA ENVIADA;22/07/2026;NÃO LOCALIZADO;FINALIZADO;FINALIZADO;;;-;Sudeste;BACKLOG 22.06_23.07
15/07/2026;15/07/2026;260715-000527;EXTRAVIO ;SUPREMA;S47;Assis;SP;713205;SCB01;ALFA;14413272;8869445;SIM;NOTIFICAÇÃO ENVIADA VIA PLANILHA POR CONTA DA ALTA DEMANDA;CARTA ENVIADA;22/07/2026;NÃO LOCALIZADO;FINALIZADO;FINALIZADO;;;-;Sudeste;BACKLOG 22.06_23.07
30/06/2026;15/07/2026;260715-000523;EXTRAVIO ;TUDO (GOIANIA);S16;Goiania;GO;713361;SCB01;XD DIADEMA;14416590;8882526;SIM;NOTIFICAÇÃO ENVIADA VIA PLANILHA POR CONTA DA ALTA DEMANDA;CARTA ENVIADA;22/07/2026;NÃO LOCALIZADO;FINALIZADO;FINALIZADO;;;-;CO;BACKLOG 22.06_23.07
15/07/2026;15/07/2026;260715-000521;EXTRAVIO ;SUPREMA;S47;Assis;SP;712500;SCB01;ALFA;14405292;8661880;SIM;NOTIFICAÇÃO ENVIADA VIA PLANILHA POR CONTA DA ALTA DEMANDA;CARTA ENVIADA;22/07/2026;NÃO LOCALIZADO;FINALIZADO;FINALIZADO;;;-;Sudeste;NORMAL
30/06/2026;15/07/2026;260715-000520;EXTRAVIO ;TUDO (GOIANIA);S16;Goiania;GO;713603;SCB01;XD DIADEMA;14421046;8900158;SIM;NOTIFICAÇÃO ENVIADA VIA PLANILHA POR CONTA DA ALTA DEMANDA;CARTA ENVIADA;22/07/2026;NÃO LOCALIZADO;FINALIZADO;FINALIZADO;;;-;CO;BACKLOG 22.06_23.07
15/07/2026;15/07/2026;260715-000519;EXTRAVIO ;JORLAN (GOIANIA);J23;GOIANIA;GO;717749;SCB01;XD DIADEMA;14454624;9057179;SIM;NOTIFICAÇÃO ENVIADA VIA PLANILHA POR CONTA DA ALTA DEMANDA;FINALIZADO COMO RESOLVIDO;22/07/2026;LOCALIZADO;FINALIZADO;FINALIZADO;;;-;CO;BACKLOG 22.06_23.07
15/07/2026;15/07/2026;260715-000517;EXTRAVIO ;JORLAN (GOIANIA);J23;GOIANIA;GO;717749;SCB01;XD DIADEMA;14454099;9046531;SIM;NOTIFICAÇÃO ENVIADA VIA PLANILHA POR CONTA DA ALTA DEMANDA;CARTA ENVIADA;22/07/2026;NÃO LOCALIZADO;FINALIZADO;FINALIZADO;;;-;CO;BACKLOG 22.06_23.07
15/07/2026;15/07/2026;260715-000515;EXTRAVIO ;JORLAN (GOIANIA);J23;GOIANIA;GO;717749;SCB01;XD DIADEMA;14454422;9046938;SIM;NOTIFICAÇÃO ENVIADA VIA PLANILHA POR CONTA DA ALTA DEMANDA;FINALIZADO COMO RESOLVIDO;22/07/2026;LOCALIZADO;FINALIZADO;FINALIZADO;;;-;CO;BACKLOG 22.06_23.07
15/07/2026;15/07/2026;260715-000513;EXTRAVIO ;JORLAN (GOIANIA);J23;GOIANIA;GO;717749;SCB01;XD DIADEMA;14454422;9046938;SIM;NOTIFICAÇÃO ENVIADA VIA PLANILHA POR CONTA DA ALTA DEMANDA;FINALIZADO COMO RESOLVIDO;22/07/2026;LOCALIZADO;FINALIZADO;FINALIZADO;;;-;CO;BACKLOG 22.06_23.07
15/04/2026;15/07/2026;260715-000508;EXTRAVIO ;CARRERA (OSASCO);J63;OSASCO;SP;236641;SCB01;XD DIADEMA;1311527;total;SIM;NOTIFICAÇÃO ENVIADA VIA PLANILHA POR CONTA DA ALTA DEMANDA;FINALIZADO COMO RESOLVIDO;22/07/2026;LOCALIZADO;FINALIZADO;FINALIZADO;;;-;Sudeste;NORMAL
24/06/2026;15/07/2026;260715-000505;EXTRAVIO ;TUDO (GOIANIA);S16;Goiania;GO;711815;SCB01;XD DIADEMA;14398477;8819311/8813257;SIM;NOTIFICAÇÃO ENVIADA VIA PLANILHA POR CONTA DA ALTA DEMANDA;CARTA ENVIADA;22/07/2026;NÃO LOCALIZADO;FINALIZADO;FINALIZADO;;;-;CO;NORMAL
01/07/2026;15/07/2026;260715-000501;EXTRAVIO ;CARRERA (OSASCO);J63;OSASCO;SP;714257;SCB01;XD DIADEMA;14422165/14423201/14422638/14422638/;8707915/8898884/8898818/8898819.;SIM;NOTIFICAÇÃO ENVIADA VIA PLANILHA POR CONTA DA ALTA DEMANDA;CARTA ENVIADA;22/07/2026;NÃO LOCALIZADO;FINALIZADO;FINALIZADO;;;-;Sudeste;BACKLOG 22.06_23.07
15/07/2026;15/07/2026;260715-000499;EXTRAVIO ;AUTUS (AFONSO PENA);X44;UBERLANDIA;MG;713653;SCB01;CAMILO;14410887;87006304;SIM;NOTIFICAÇÃO ENVIADA VIA PLANILHA POR CONTA DA ALTA DEMANDA;CARTA ENVIADA;22/07/2026;NÃO LOCALIZADO;FINALIZADO;FINALIZADO;;;-;Sudeste;BACKLOG 22.06_23.07
07/07/2026;15/07/2026;260715-000494;EXTRAVIO ;CARRERA (OSASCO);J63;OSASCO;SP;714619;SCB01;XD DIADEMA;14427446/14427450/14427175;8918352/84841000/84841000/8918026.;SIM;NOTIFICAÇÃO ENVIADA VIA PLANILHA POR CONTA DA ALTA DEMANDA;FINALIZADO COMO RESOLVIDO;22/07/2026;LOCALIZADO;FINALIZADO;FINALIZADO;;;-;Sudeste;BACKLOG 22.06_23.07
26/06/2026;15/07/2026;260715-000493;EXTRAVIO ;TUDO (GOIANIA);S16;Goiania;GO;712427;SCB01;XD DIADEMA;14407178;8662263;SIM;NOTIFICAÇÃO ENVIADA VIA PLANILHA POR CONTA DA ALTA DEMANDA;CARTA ENVIADA;22/07/2026;NÃO LOCALIZADO;FINALIZADO;FINALIZADO;;;-;CO;BACKLOG 22.06_23.07
16/07/2026;15/07/2026;260715-000492;EXTRAVIO ;ACCIOLY BARAO DE LIMEIRA;A50;Rio de Janeiro;RJ;717614;SCB01;CAMILO;14400425;8829870;SIM;NOTIFICAÇÃO ENVIADA VIA PLANILHA POR CONTA DA ALTA DEMANDA;CARTA ENVIADA;22/07/2026;NÃO LOCALIZADO;FINALIZADO;FINALIZADO;;;-;Sudeste;BACKLOG 22.06_23.07
16/07/2026;15/07/2026;260715-000488;EXTRAVIO ;ACCIOLY BARAO DE LIMEIRA;A50;Rio de Janeiro;RJ;717614;SCB01;CAMILO;14400424;8829729/&/8829870;SIM;NOTIFICAÇÃO ENVIADA VIA PLANILHA POR CONTA DA ALTA DEMANDA;CARTA ENVIADA;22/07/2026;NÃO LOCALIZADO;FINALIZADO;FINALIZADO;;;-;Sudeste;BACKLOG 22.06_23.07
07/07/2026;15/07/2026;260715-000485;EXTRAVIO ;CARRERA (OSASCO);J63;OSASCO;SP;714463;SCB01;XD DIADEMA;14427358;total;SIM;NOTIFICAÇÃO ENVIADA VIA PLANILHA POR CONTA DA ALTA DEMANDA;FINALIZADO COMO RESOLVIDO;22/07/2026;LOCALIZADO;FINALIZADO;FINALIZADO;;;-;Sudeste;BACKLOG 22.06_23.07
08/07/2026;15/07/2026;260715-000482;EXTRAVIO ;JAVEP (JAU);C14;SAO JOSE DO RIO PRETO;SP;714382;SCB01;ALFA;14415272;8875287;SIM;NOTIFICAÇÃO ENVIADA VIA PLANILHA POR CONTA DA ALTA DEMANDA;CARTA ENVIADA;22/07/2026;NÃO LOCALIZADO;FINALIZADO;FINALIZADO;;;-;Sudeste;BACKLOG 22.06_23.07
26/06/2026;15/07/2026;260715-000480;EXTRAVIO ;TUDO (GOIANIA);S16;Goiania;GO;712809;SCB01;XD DIADEMA;14411868;/8868422/8868652;SIM;NOTIFICAÇÃO ENVIADA VIA PLANILHA POR CONTA DA ALTA DEMANDA;CARTA ENVIADA;22/07/2026;NÃO LOCALIZADO;FINALIZADO;FINALIZADO;;;-;CO;BACKLOG 22.06_23.07
13/07/2026;15/07/2026;260715-000479;EXTRAVIO ;ACCIOLY BARAO DE LIMEIRA;A50;SANTO ANDRE;SP;716710;SCB01;XD DIADEMA;14446300;8990519/0009008882;SIM;NOTIFICAÇÃO ENVIADA VIA PLANILHA POR CONTA DA ALTA DEMANDA;CARTA ENVIADA;22/07/2026;NÃO LOCALIZADO;FINALIZADO;FINALIZADO;;;-;Sudeste;BACKLOG 22.06_23.07
13/07/2026;15/07/2026;260715-000478;EXTRAVIO ;ACCIOLY BARAO DE LIMEIRA;A50;SANTO ANDRE;SP;714922;SCB01;XD DIADEMA;14429286;8920692;SIM;NOTIFICAÇÃO ENVIADA VIA PLANILHA POR CONTA DA ALTA DEMANDA;CARTA ENVIADA;22/07/2026;NÃO LOCALIZADO;FINALIZADO;FINALIZADO;;;-;Sudeste;BACKLOG 22.06_23.07
16/07/2026;15/07/2026;260715-000477;EXTRAVIO ;ACCIOLY BARAO DE LIMEIRA;A50;Rio de Janeiro;RJ;717614;SCB01;CAMILO;14400423;08829729/&/8829870;SIM;NOTIFICAÇÃO ENVIADA VIA PLANILHA POR CONTA DA ALTA DEMANDA;CARTA ENVIADA;22/07/2026;NÃO LOCALIZADO;FINALIZADO;FINALIZADO;;;-;Sudeste;BACKLOG 22.06_23.07
13/07/2026;15/07/2026;260715-000476;EXTRAVIO ;ACCIOLY BARAO DE LIMEIRA;A50;SANTO ANDRE;SP;715238;SCB01;XD DIADEMA;14436843;8957174;SIM;NOTIFICAÇÃO ENVIADA VIA PLANILHA POR CONTA DA ALTA DEMANDA;CARTA ENVIADA;22/07/2026;NÃO LOCALIZADO;FINALIZADO;FINALIZADO;;;-;Sudeste;BACKLOG 22.06_23.07
15/07/2026;15/07/2026;260715-000475;EXTRAVIO ;GUIAUTO (IPATINGA);D03;Coronel Fabriciano;MG;714005;SCB01;XD MINAS;14423458;8902089;SIM;NOTIFICAÇÃO ENVIADA VIA PLANILHA POR CONTA DA ALTA DEMANDA;CARTA ENVIADA;22/07/2026;NÃO LOCALIZADO;FINALIZADO;FINALIZADO;;;-;Sudeste;BACKLOG 22.06_23.07
16/07/2026;15/07/2026;260715-000473;EXTRAVIO ;ACCIOLY BARAO DE LIMEIRA;A50;Rio de Janeiro;RJ;717614;SCB01;CAMILO;14400420;8829729/8829870/&/8829882;SIM;NOTIFICAÇÃO ENVIADA VIA PLANILHA POR CONTA DA ALTA DEMANDA;CARTA ENVIADA;22/07/2026;NÃO LOCALIZADO;FINALIZADO;FINALIZADO;;;-;Sudeste;BACKLOG 22.06_23.07
13/07/2026;15/07/2026;260715-000468;EXTRAVIO ;ACCIOLY BARAO DE LIMEIRA;A50;SANTO ANDRE;SP;717063;SCB01;XD DIADEMA;14447915;0009010332/0009037129;SIM;NOTIFICAÇÃO ENVIADA VIA PLANILHA POR CONTA DA ALTA DEMANDA;CARTA ENVIADA;22/07/2026;NÃO LOCALIZADO;FINALIZADO;FINALIZADO;;;-;Sudeste;BACKLOG 22.06_23.07
13/07/2026;15/07/2026;260715-000465;EXTRAVIO ;ACCIOLY BARAO DE LIMEIRA;A50;SANTO ANDRE;SP;716710;SCB01;XD DIADEMA;14444319;9009696/0009010144/0009010247/0009010248/0009010343/0009010418/9010442/9023483/9023484;SIM;NOTIFICAÇÃO ENVIADA VIA PLANILHA POR CONTA DA ALTA DEMANDA;CARTA ENVIADA;22/07/2026;NÃO LOCALIZADO;FINALIZADO;FINALIZADO;;;-;Sudeste;BACKLOG 22.06_23.07
16/07/2026;15/07/2026;260715-000462;EXTRAVIO ;ACCIOLY BARAO DE LIMEIRA;A50;Rio de Janeiro;RJ;717614;SCB01;CAMILO;14422869;8899540/.8899541/&/8899542;SIM;NOTIFICAÇÃO ENVIADA VIA PLANILHA POR CONTA DA ALTA DEMANDA;CARTA ENVIADA;22/07/2026;NÃO LOCALIZADO;FINALIZADO;FINALIZADO;;;-;Sudeste;BACKLOG 22.06_23.07
25/06/2026;15/07/2026;260715-000461;EXTRAVIO ;TUDO (GOIANIA);S16;Goiania;GO;712088;SCB01;XD DIADEMA;14401813;8833858/8833859/8833860;SIM;NOTIFICAÇÃO ENVIADA VIA PLANILHA POR CONTA DA ALTA DEMANDA;CARTA ENVIADA;22/07/2026;NÃO LOCALIZADO;FINALIZADO;FINALIZADO;;;-;CO;NORMAL
16/07/2026;15/07/2026;260715-000454;EXTRAVIO ;ACCIOLY BARAO DE LIMEIRA;A50;Rio de Janeiro;RJ;717614;SCB01;CAMILO;14400420;8829734;SIM;NOTIFICAÇÃO ENVIADA VIA PLANILHA POR CONTA DA ALTA DEMANDA;CARTA ENVIADA;22/07/2026;NÃO LOCALIZADO;FINALIZADO;FINALIZADO;;;-;Sudeste;BACKLOG 22.06_23.07
26/06/2026;15/07/2026;260715-000451;EXTRAVIO ;TUDO (GOIANIA);S16;Goiania;GO;712725;SCB01;XD DIADEMA;14403145;8834214;SIM;NOTIFICAÇÃO ENVIADA VIA PLANILHA POR CONTA DA ALTA DEMANDA;CARTA ENVIADA;22/07/2026;NÃO LOCALIZADO;FINALIZADO;FINALIZADO;;;-;CO;NORMAL
10/07/2026;15/07/2026;260715-000449;EXTRAVIO ;LIDER BH (ANDRADAS);L99;Belo Horizonte;MG;715103;SCB01;XD MINAS;14424408;8709686;SIM;NOTIFICAÇÃO ENVIADA VIA PLANILHA POR CONTA DA ALTA DEMANDA;FINALIZADO COMO RESOLVIDO;22/07/2026;LOCALIZADO;FINALIZADO;FINALIZADO;;;-;Sudeste;BACKLOG 22.06_23.07
16/07/2026;15/07/2026;260715-000448;EXTRAVIO ;ACCIOLY BARAO DE LIMEIRA;A50;Rio de Janeiro;RJ;717614;SCB01;CAMILO;14417490;8754721/8754722/&/8754724;SIM;NOTIFICAÇÃO ENVIADA VIA PLANILHA POR CONTA DA ALTA DEMANDA;CARTA ENVIADA;22/07/2026;NÃO LOCALIZADO;FINALIZADO;FINALIZADO;;;-;Sudeste;BACKLOG 22.06_23.07
08/05/2026;15/07/2026;260715-000440;EXTRAVIO ;ACCIOLY BARAO DE LIMEIRA;A50;SÃO PAULO;SP;702705;SCB01;XD DIADEMA;14289463;0008375181/0008375182;SIM;NOTIFICAÇÃO ENVIADA VIA PLANILHA POR CONTA DA ALTA DEMANDA;CARTA ENVIADA;22/07/2026;NÃO LOCALIZADO;FINALIZADO;FINALIZADO;;;-;Sudeste;NORMAL
30/06/2026;15/07/2026;260715-000437;EXTRAVIO ;ACCIOLY BARAO DE LIMEIRA;A50;SÃO PAULO;SP;713489;SCB01;XD DIADEMA;14418827;08887134/0008887135/0008870684/0008871889;SIM;NOTIFICAÇÃO ENVIADA VIA PLANILHA POR CONTA DA ALTA DEMANDA;CARTA ENVIADA;22/07/2026;NÃO LOCALIZADO;FINALIZADO;FINALIZADO;;;-;Sudeste;BACKLOG 22.06_23.07
07/07/2026;15/07/2026;260715-000435;EXTRAVIO ;ACCIOLY BARAO DE LIMEIRA;A50;SÃO PAULO;SP;714573;SCB01;XD DIADEMA;14429402;0008922610/000897007171;SIM;NOTIFICAÇÃO ENVIADA VIA PLANILHA POR CONTA DA ALTA DEMANDA;CARTA ENVIADA;22/07/2026;NÃO LOCALIZADO;FINALIZADO;FINALIZADO;;;-;Sudeste;BACKLOG 22.06_23.07
16/07/2026;15/07/2026;260715-000433;EXTRAVIO ;ACCIOLY BARAO DE LIMEIRA;A50;Rio de Janeiro;RJ;717614;SCB01;CAMILO;14443069;008663888/&/0008663892/;SIM;NOTIFICAÇÃO ENVIADA VIA PLANILHA POR CONTA DA ALTA DEMANDA;CARTA ENVIADA;22/07/2026;NÃO LOCALIZADO;FINALIZADO;FINALIZADO;;;-;Sudeste;BACKLOG 22.06_23.07
09/07/2026;15/07/2026;260715-000425;EXTRAVIO ;LIDER BH (ANDRADAS);L99;Belo Horizonte;MG;714625;SCB01;XD MINAS;14427887;8921600;SIM;NOTIFICAÇÃO ENVIADA VIA PLANILHA POR CONTA DA ALTA DEMANDA;FINALIZADO COMO RESOLVIDO;22/07/2026;LOCALIZADO;FINALIZADO;FINALIZADO;;;-;Sudeste;BACKLOG 22.06_23.07
30/06/2026;15/07/2026;260715-000424;EXTRAVIO ;ACCIOLY BARAO DE LIMEIRA;A50;SÃO PAULO;SP;713964;SCB01;XD DIADEMA;14423017;0008654283/0008888018/000890196;SIM;NOTIFICAÇÃO ENVIADA VIA PLANILHA POR CONTA DA ALTA DEMANDA;CARTA ENVIADA;22/07/2026;NÃO LOCALIZADO;FINALIZADO;FINALIZADO;;;-;Sudeste;BACKLOG 22.06_23.07
03/07/2026;15/07/2026;260715-000420;EXTRAVIO ;ACCIOLY BARAO DE LIMEIRA;A50;SÃO PAULO;SP;714503;SCB01;XD DIADEMA;14429906;8921012;SIM;NOTIFICAÇÃO ENVIADA VIA PLANILHA POR CONTA DA ALTA DEMANDA;CARTA ENVIADA;22/07/2026;NÃO LOCALIZADO;FINALIZADO;FINALIZADO;;;-;Sudeste;BACKLOG 22.06_23.07
15/07/2026;15/07/2026;260715-000418;EXTRAVIO ;ACCIOLY BARAO DE LIMEIRA;A50;Rio de Janeiro;RJ;717887;SCB01;CAMILO;14457330;9063770;SIM;NOTIFICAÇÃO ENVIADA VIA PLANILHA POR CONTA DA ALTA DEMANDA;CARTA ENVIADA;22/07/2026;NÃO LOCALIZADO;FINALIZADO;FINALIZADO;;;-;Sudeste;BACKLOG 22.06_23.07
25/06/2026;15/07/2026;260715-000416;EXTRAVIO ;ACCIOLY BARAO DE LIMEIRA;A50;SÃO PAULO;SP;712817;SCB01;XD DIADEMA;14409854;8857511;SIM;NOTIFICAÇÃO ENVIADA VIA PLANILHA POR CONTA DA ALTA DEMANDA;CARTA ENVIADA;22/07/2026;NÃO LOCALIZADO;FINALIZADO;FINALIZADO;;;-;Sudeste;BACKLOG 22.06_23.07
07/07/2026;15/07/2026;260715-000406;EXTRAVIO ;ACCIOLY BARAO DE LIMEIRA;A50;SÃO PAULO;SP;715439;SCB01;XD DIADEMA;14437254;8990127;SIM;NOTIFICAÇÃO ENVIADA VIA PLANILHA POR CONTA DA ALTA DEMANDA;CARTA ENVIADA;22/07/2026;NÃO LOCALIZADO;FINALIZADO;FINALIZADO;;;-;Sudeste;BACKLOG 22.06_23.07
07/07/2026;15/07/2026;260715-000405;EXTRAVIO ;ACCIOLY BARAO DE LIMEIRA;A50;SÃO PAULO;SP;715439;SCB01;XD DIADEMA;14437411;8989772;SIM;NOTIFICAÇÃO ENVIADA VIA PLANILHA POR CONTA DA ALTA DEMANDA;CARTA ENVIADA;22/07/2026;NÃO LOCALIZADO;FINALIZADO;FINALIZADO;;;-;Sudeste;BACKLOG 22.06_23.07
07/07/2026;15/07/2026;260715-000403;EXTRAVIO ;ACCIOLY BARAO DE LIMEIRA;A50;SÃO PAULO;SP;715439;SCB01;XD DIADEMA;14437284;8989657;SIM;NOTIFICAÇÃO ENVIADA VIA PLANILHA POR CONTA DA ALTA DEMANDA;CARTA ENVIADA;22/07/2026;NÃO LOCALIZADO;FINALIZADO;FINALIZADO;;;-;Sudeste;BACKLOG 22.06_23.07
15/07/2026;15/07/2026;260715-000402;EXTRAVIO ;ACCIOLY BARAO DE LIMEIRA;A50;Rio de Janeiro;RJ;717887;SCB01;CAMILO;14457669;9050989;SIM;NOTIFICAÇÃO ENVIADA VIA PLANILHA POR CONTA DA ALTA DEMANDA;CARTA ENVIADA;22/07/2026;NÃO LOCALIZADO;FINALIZADO;FINALIZADO;;;-;Sudeste;BACKLOG 22.06_23.07
07/07/2026;15/07/2026;260715-000399;EXTRAVIO ;ACCIOLY BARAO DE LIMEIRA;A50;SÃO PAULO;SP;715439;SCB01;XD DIADEMA;14437283;8989641;SIM;NOTIFICAÇÃO ENVIADA VIA PLANILHA POR CONTA DA ALTA DEMANDA;CARTA ENVIADA;22/07/2026;NÃO LOCALIZADO;FINALIZADO;FINALIZADO;;;-;Sudeste;BACKLOG 22.06_23.07
12/06/2026;15/07/2026;260715-000384;EXTRAVIO ;LIDER BH (ANDRADAS);L99;Belo Horizonte;MG;709979;SCB01;XD MINAS;14374770;8708383;SIM;NOTIFICAÇÃO ENVIADA VIA PLANILHA POR CONTA DA ALTA DEMANDA;FINALIZADO COMO RESOLVIDO;22/07/2026;LOCALIZADO;FINALIZADO;FINALIZADO;;;-;Sudeste;NORMAL
12/06/2026;15/07/2026;260715-000381;EXTRAVIO ;LIDER BH (ANDRADAS);L99;Belo Horizonte;MG;709979;SCB01;XD MINAS;14374770;8708382;SIM;NOTIFICAÇÃO ENVIADA VIA PLANILHA POR CONTA DA ALTA DEMANDA;FINALIZADO COMO RESOLVIDO;22/07/2026;LOCALIZADO;FINALIZADO;FINALIZADO;;;-;Sudeste;NORMAL
02/07/2026;15/07/2026;260715-000360;EXTRAVIO ;CARRERA  EDGAR FACÓ;Y18;SAO PAULO;SP;712832;SCB01;XD DIADEMA;14409896;8858249;SIM;NOTIFICAÇÃO ENVIADA VIA PLANILHA POR CONTA DA ALTA DEMANDA;FINALIZADO COMO RESOLVIDO;22/07/2026;LOCALIZADO;FINALIZADO;FINALIZADO;;;-;Sudeste;BACKLOG 22.06_23.07
03/07/2026;15/07/2026;260715-000356;EXTRAVIO ;CARRERA  EDGAR FACÓ;Y18;SAO PAULO;SP;713842;SCB01;XD DIADEMA;14419254;8809834;SIM;NOTIFICAÇÃO ENVIADA VIA PLANILHA POR CONTA DA ALTA DEMANDA;FINALIZADO COMO RESOLVIDO;22/07/2026;LOCALIZADO;FINALIZADO;FINALIZADO;;;-;Sudeste;BACKLOG 22.06_23.07
08/07/2026;15/07/2026;260715-000354;EXTRAVIO ;CARRERA  EDGAR FACÓ;Y18;SAO PAULO;SP;715162;SCB01;XD DIADEMA;14430963;8937310;SIM;NOTIFICAÇÃO ENVIADA VIA PLANILHA POR CONTA DA ALTA DEMANDA;FINALIZADO COMO RESOLVIDO;22/07/2026;LOCALIZADO;FINALIZADO;FINALIZADO;;;-;Sudeste;BACKLOG 22.06_23.07
08/07/2026;15/07/2026;260715-000348;EXTRAVIO ;CARRERA  EDGAR FACÓ;Y18;SAO PAULO;SP;714965;SCB01;XD DIADEMA;14428306;8920057;SIM;NOTIFICAÇÃO ENVIADA VIA PLANILHA POR CONTA DA ALTA DEMANDA;CARTA ENVIADA;22/07/2026;NÃO LOCALIZADO;FINALIZADO;FINALIZADO;;;-;Sudeste;BACKLOG 22.06_23.07
08/07/2026;15/07/2026;260715-000346;EXTRAVIO ;CARRERA  EDGAR FACÓ;Y18;SAO PAULO;SP;714965;SCB01;XD DIADEMA;14431317;8920530;SIM;NOTIFICAÇÃO ENVIADA VIA PLANILHA POR CONTA DA ALTA DEMANDA;FINALIZADO COMO RESOLVIDO;22/07/2026;LOCALIZADO;FINALIZADO;FINALIZADO;;;-;Sudeste;BACKLOG 22.06_23.07
07/07/2026;15/07/2026;260715-000345;EXTRAVIO ;CARRERA  EDGAR FACÓ;Y18;SAO PAULO;SP;714588;SCB01;XD DIADEMA;14427980;8921588;SIM;NOTIFICAÇÃO ENVIADA VIA PLANILHA POR CONTA DA ALTA DEMANDA;FINALIZADO COMO RESOLVIDO;22/07/2026;LOCALIZADO;FINALIZADO;FINALIZADO;;;-;Sudeste;BACKLOG 22.06_23.07
30/06/2026;15/07/2026;260715-000344;EXTRAVIO ;JAVEP (JAU);C14;ARAÇATUBA;SP;713191;SCB01;ALFA;14412628;8869404;SIM;NOTIFICAÇÃO ENVIADA VIA PLANILHA POR CONTA DA ALTA DEMANDA;CARTA ENVIADA;22/07/2026;NÃO LOCALIZADO;FINALIZADO;FINALIZADO;;;-;Sudeste;BACKLOG 22.06_23.07
10/07/2026;15/07/2026;260715-000341;EXTRAVIO ;CARRERA  EDGAR FACÓ;Y18;SAO PAULO;SP;715725;SCB01;XD DIADEMA;14439616;8990495;SIM;NOTIFICAÇÃO ENVIADA VIA PLANILHA POR CONTA DA ALTA DEMANDA;FINALIZADO COMO RESOLVIDO;22/07/2026;LOCALIZADO;FINALIZADO;FINALIZADO;;;-;Sudeste;BACKLOG 22.06_23.07
10/07/2026;15/07/2026;260715-000339;EXTRAVIO ;CARRERA  EDGAR FACÓ;Y18;SAO PAULO;SP;715725;SCB01;XD DIADEMA;14439618;8990495;SIM;NOTIFICAÇÃO ENVIADA VIA PLANILHA POR CONTA DA ALTA DEMANDA;FINALIZADO COMO RESOLVIDO;22/07/2026;LOCALIZADO;FINALIZADO;FINALIZADO;;;-;Sudeste;BACKLOG 22.06_23.07
10/07/2026;15/07/2026;260715-000333;EXTRAVIO ;CARRERA  EDGAR FACÓ;Y18;SAO PAULO;SP;713657;SCB01;XD DIADEMA;14419618;8887140;SIM;NOTIFICAÇÃO ENVIADA VIA PLANILHA POR CONTA DA ALTA DEMANDA;FINALIZADO COMO RESOLVIDO;22/07/2026;LOCALIZADO;FINALIZADO;FINALIZADO;;;-;Sudeste;BACKLOG 22.06_23.07
10/07/2026;15/07/2026;260715-000330;EXTRAVIO ;CARRERA  EDGAR FACÓ;Y18;SAO PAULO;SP;713657;SCB01;XD DIADEMA;14419836;8888001;SIM;NOTIFICAÇÃO ENVIADA VIA PLANILHA POR CONTA DA ALTA DEMANDA;FINALIZADO COMO RESOLVIDO;22/07/2026;LOCALIZADO;FINALIZADO;FINALIZADO;;;-;Sudeste;BACKLOG 22.06_23.07
10/07/2026;15/07/2026;260715-000327;EXTRAVIO ;CARRERA  EDGAR FACÓ;Y18;SAO PAULO;SP;713657;SCB01;XD DIADEMA;14419909;8888030;SIM;NOTIFICAÇÃO ENVIADA VIA PLANILHA POR CONTA DA ALTA DEMANDA;FINALIZADO COMO RESOLVIDO;22/07/2026;LOCALIZADO;FINALIZADO;FINALIZADO;;;-;Sudeste;BACKLOG 22.06_23.07
13/07/2026;15/07/2026;260715-000320;EXTRAVIO ;CARRERA  EDGAR FACÓ;Y18;SAO PAULO;SP;716095;SCB01;XD DIADEMA;14435334;8563676;SIM;NOTIFICAÇÃO ENVIADA VIA PLANILHA POR CONTA DA ALTA DEMANDA;FINALIZADO COMO RESOLVIDO;22/07/2026;LOCALIZADO;FINALIZADO;FINALIZADO;;;-;Sudeste;BACKLOG 22.06_23.07
14/07/2026;15/07/2026;260715-000316;EXTRAVIO ;CARRERA  EDGAR FACÓ;Y18;SAO PAULO;SP;717080;SCB01;XD DIADEMA;14450770;9037011;SIM;NOTIFICAÇÃO ENVIADA VIA PLANILHA POR CONTA DA ALTA DEMANDA;FINALIZADO COMO RESOLVIDO;22/07/2026;LOCALIZADO;FINALIZADO;FINALIZADO;;;-;Sudeste;BACKLOG 22.06_23.07
03/07/2026;15/07/2026;260715-000298;EXTRAVIO ;Nenhum Valor;W25;CAPIVARI;SP;715981;SCB01;ALFA;14437405;87002780;SIM;NOTIFICAÇÃO ENVIADA VIA PLANILHA POR CONTA DA ALTA DEMANDA;FINALIZADO COMO RESOLVIDO;22/07/2026;LOCALIZADO;FINALIZADO;FINALIZADO;;;-;Sudeste;BACKLOG 22.06_23.07
03/07/2026;15/07/2026;260715-000296;EXTRAVIO ;Nenhum Valor;W25;CAPIVARI;SP;715981;SCB01;ALFA;14436836;8984830;SIM;NOTIFICAÇÃO ENVIADA VIA PLANILHA POR CONTA DA ALTA DEMANDA;CARTA ENVIADA;22/07/2026;NÃO LOCALIZADO;FINALIZADO;FINALIZADO;;;-;Sudeste;BACKLOG 22.06_23.07
03/07/2026;15/07/2026;260715-000289;EXTRAVIO ;Nenhum Valor;W25;CAPIVARI;SP;715981;SCB01;ALFA;14440080;0008984844/0008984839/0008984848/0008984840;SIM;NOTIFICAÇÃO ENVIADA VIA PLANILHA POR CONTA DA ALTA DEMANDA;FINALIZADO COMO RESOLVIDO;22/07/2026;LOCALIZADO;FINALIZADO;FINALIZADO;;;-;Sudeste;BACKLOG 22.06_23.07
03/07/2026;15/07/2026;260715-000274;EXTRAVIO ;Nenhum Valor;W25;CAPIVARI;SP;715655;SCB01;ALFA;14439230;8789469;SIM;NOTIFICAÇÃO ENVIADA VIA PLANILHA POR CONTA DA ALTA DEMANDA;FINALIZADO COMO RESOLVIDO;22/07/2026;LOCALIZADO;FINALIZADO;FINALIZADO;;;-;Sudeste;BACKLOG 22.06_23.07
03/07/2026;15/07/2026;260715-000271;EXTRAVIO ;Nenhum Valor;W25;CAPIVARI;SP;715655;SCB01;ALFA;14430602;8935807;SIM;NOTIFICAÇÃO ENVIADA VIA PLANILHA POR CONTA DA ALTA DEMANDA;CARTA ENVIADA;22/07/2026;NÃO LOCALIZADO;FINALIZADO;FINALIZADO;;;-;Sudeste;BACKLOG 22.06_23.07
09/07/2026;15/07/2026;260715-000270;EXTRAVIO ;ASPEN (BARRA MANSA);B05;Campos dos Goytacazes;RJ;711282;SCB01;CAMILO;14356726;8638125/8638126/8638127/8638128/8638129/8638130/8638131/8638133/8638134;SIM;NOTIFICAÇÃO ENVIADA VIA PLANILHA POR CONTA DA ALTA DEMANDA;CARTA ENVIADA;22/07/2026;NÃO LOCALIZADO;FINALIZADO;FINALIZADO;;;-;Sudeste;NORMAL
13/07/2026;15/07/2026;260715-000232;EXTRAVIO ;WEST MOTORS (PIRACICABA);W25;Piracicaba;SP;717239;SCB01;ALFA;14422472;26315642;SIM;NOTIFICAÇÃO ENVIADA VIA PLANILHA POR CONTA DA ALTA DEMANDA;CARTA ENVIADA;22/07/2026;NÃO LOCALIZADO;FINALIZADO;FINALIZADO;;;-;Sudeste;BACKLOG 22.06_23.07
09/07/2026;16/07/2026;260716-000463;EXTRAVIO ;ACCIOLY BARAO DE LIMEIRA;A50;BELO HORIZONTE;MG;715663;SCB01;XD MINAS;14437469;0008922462/0008955892/0008957129/0008957137/0008957144;SIM;NOTIFICAÇÃO ENVIADA VIA PLANILHA POR CONTA DA ALTA DEMANDA;CARTA ENVIADA;23/07/2026;NÃO LOCALIZADO;FINALIZADO;FINALIZADO;;;-;Sudeste;BACKLOG 22.06_23.07
09/07/2026;16/07/2026;260716-000462;EXTRAVIO ;CARRERA (ASA NORTE);W36;BRASILIA;DF;716248;SCB01;XD DIADEMA;14440981;87002852;SIM;NOTIFICAÇÃO ENVIADA VIA PLANILHA POR CONTA DA ALTA DEMANDA;CARTA ENVIADA;23/07/2026;NÃO LOCALIZADO;FINALIZADO;FINALIZADO;;;-;CO;BACKLOG 22.06_23.07
09/07/2026;16/07/2026;260716-000461;EXTRAVIO ;CARRERA (ASA NORTE);W36;BRASILIA;DF;716248;SCB01;XD DIADEMA;14434932;8982951;SIM;NOTIFICAÇÃO ENVIADA VIA PLANILHA POR CONTA DA ALTA DEMANDA;CARTA ENVIADA;23/07/2026;NÃO LOCALIZADO;FINALIZADO;FINALIZADO;;;-;CO;BACKLOG 22.06_23.07
14/07/2026;16/07/2026;260716-000460;EXTRAVIO ;CARRERA (ASA NORTE);W36;BRASILIA;DF;715887;SCB01;RIO VERMELHO;14438308;8993390/8993391;SIM;NOTIFICAÇÃO ENVIADA VIA PLANILHA POR CONTA DA ALTA DEMANDA;CARTA ENVIADA;23/07/2026;NÃO LOCALIZADO;FINALIZADO;FINALIZADO;;;-;CO;BACKLOG 22.06_23.07
09/07/2026;16/07/2026;260716-000459;EXTRAVIO ;CARRERA (ASA NORTE);W36;BRASILIA;DF;717041;SCB01;RIO VERMELHO;14448738;9033219;SIM;NOTIFICAÇÃO ENVIADA VIA PLANILHA POR CONTA DA ALTA DEMANDA;CARTA ENVIADA;23/07/2026;NÃO LOCALIZADO;FINALIZADO;FINALIZADO;;;-;CO;BACKLOG 22.06_23.07
09/07/2026;16/07/2026;260716-000458;EXTRAVIO ;CARRERA (ASA NORTE);W36;BRASILIA;DF;717041;SCB01;RIO VERMELHO;14448738;9033219;SIM;NOTIFICAÇÃO ENVIADA VIA PLANILHA POR CONTA DA ALTA DEMANDA;CARTA ENVIADA;23/07/2026;NÃO LOCALIZADO;FINALIZADO;FINALIZADO;;;-;CO;BACKLOG 22.06_23.07
12/06/2026;16/07/2026;260716-000453;EXTRAVIO ;SABENAUTO (DPEC MANAUS);W93;MANAUS;AM;1737;SCB01;OPERAÇÃO SOR;14358010;0008641507/0008641508;SIM;NOTIFICAÇÃO ENVIADA VIA PLANILHA POR CONTA DA ALTA DEMANDA;CARTA ENVIADA;23/07/2026;NÃO LOCALIZADO;FINALIZADO;FINALIZADO;;;-;Norte;NORMAL
15/07/2026;16/07/2026;260716-000450;EXTRAVIO ;CARRERA (VILA LEOPOLDINA);J36;SAO PAULO;SP;717563;SCB01;XD DIADEMA;14454860;9052910;SIM;NOTIFICAÇÃO ENVIADA VIA PLANILHA POR CONTA DA ALTA DEMANDA;CARTA ENVIADA;23/07/2026;NÃO LOCALIZADO;FINALIZADO;FINALIZADO;;;-;Sudeste;BACKLOG 22.06_23.07
15/07/2026;16/07/2026;260716-000449;EXTRAVIO ;CARRERA (VILA LEOPOLDINA);J36;SAO PAULO;SP;717563;SCB01;XD DIADEMA;14455463;9052932;SIM;NOTIFICAÇÃO ENVIADA VIA PLANILHA POR CONTA DA ALTA DEMANDA;CARTA ENVIADA;23/07/2026;NÃO LOCALIZADO;FINALIZADO;FINALIZADO;;;-;Sudeste;BACKLOG 22.06_23.07
15/07/2026;16/07/2026;260716-000448;EXTRAVIO ;CARRERA (VILA LEOPOLDINA);J36;SAO PAULO;SP;717563;SCB01;XD DIADEMA;14455129;9052440;SIM;NOTIFICAÇÃO ENVIADA VIA PLANILHA POR CONTA DA ALTA DEMANDA;CARTA ENVIADA;23/07/2026;NÃO LOCALIZADO;FINALIZADO;FINALIZADO;;;-;Sudeste;BACKLOG 22.06_23.07
15/07/2026;16/07/2026;260716-000447;EXTRAVIO ;CARRERA (VILA LEOPOLDINA);J36;SAO PAULO;SP;717563;SCB01;XD DIADEMA;14455128;9052440;SIM;NOTIFICAÇÃO ENVIADA VIA PLANILHA POR CONTA DA ALTA DEMANDA;CARTA ENVIADA;23/07/2026;NÃO LOCALIZADO;FINALIZADO;FINALIZADO;;;-;Sudeste;BACKLOG 22.06_23.07
15/07/2026;16/07/2026;260716-000446;EXTRAVIO ;CARRERA (VILA LEOPOLDINA);J36;SAO PAULO;SP;717563;SCB01;XD DIADEMA;14455769;9052214;SIM;NOTIFICAÇÃO ENVIADA VIA PLANILHA POR CONTA DA ALTA DEMANDA;CARTA ENVIADA;23/07/2026;NÃO LOCALIZADO;FINALIZADO;FINALIZADO;;;-;Sudeste;BACKLOG 22.06_23.07
15/07/2026;16/07/2026;260716-000445;EXTRAVIO ;CARRERA (VILA LEOPOLDINA);J36;SAO PAULO;SP;717563;SCB01;XD DIADEMA;14457370;9053127;SIM;NOTIFICAÇÃO ENVIADA VIA PLANILHA POR CONTA DA ALTA DEMANDA;CARTA ENVIADA;23/07/2026;NÃO LOCALIZADO;FINALIZADO;FINALIZADO;;;-;Sudeste;BACKLOG 22.06_23.07
15/07/2026;16/07/2026;260716-000444;EXTRAVIO ;CARRERA (VILA LEOPOLDINA);J36;SAO PAULO;SP;717563;SCB01;XD DIADEMA;14457371;9053127;SIM;NOTIFICAÇÃO ENVIADA VIA PLANILHA POR CONTA DA ALTA DEMANDA;CARTA ENVIADA;23/07/2026;NÃO LOCALIZADO;FINALIZADO;FINALIZADO;;;-;Sudeste;BACKLOG 22.06_23.07
15/07/2026;16/07/2026;260716-000443;EXTRAVIO ;CARRERA (VILA LEOPOLDINA);J36;SAO PAULO;SP;717563;SCB01;XD DIADEMA;14457372;9053127;SIM;NOTIFICAÇÃO ENVIADA VIA PLANILHA POR CONTA DA ALTA DEMANDA;CARTA ENVIADA;23/07/2026;NÃO LOCALIZADO;FINALIZADO;FINALIZADO;;;-;Sudeste;BACKLOG 22.06_23.07
15/07/2026;16/07/2026;260716-000442;EXTRAVIO ;CARRERA (VILA LEOPOLDINA);J36;SAO PAULO;SP;717563;SCB01;XD DIADEMA;14455477;9052932;SIM;NOTIFICAÇÃO ENVIADA VIA PLANILHA POR CONTA DA ALTA DEMANDA;CARTA ENVIADA;23/07/2026;NÃO LOCALIZADO;FINALIZADO;FINALIZADO;;;-;Sudeste;BACKLOG 22.06_23.07
15/07/2026;16/07/2026;260716-000441;EXTRAVIO ;CARRERA (VILA LEOPOLDINA);J36;SAO PAULO;SP;717563;SCB01;XD DIADEMA;14455879;9052231/9052332/9052237;SIM;NOTIFICAÇÃO ENVIADA VIA PLANILHA POR CONTA DA ALTA DEMANDA;CARTA ENVIADA;23/07/2026;NÃO LOCALIZADO;FINALIZADO;FINALIZADO;;;-;Sudeste;BACKLOG 22.06_23.07
15/07/2026;16/07/2026;260716-000440;EXTRAVIO ;CARRERA (VILA LEOPOLDINA);J36;SAO PAULO;SP;717563;SCB01;XD DIADEMA;14455471;9052932;SIM;NOTIFICAÇÃO ENVIADA VIA PLANILHA POR CONTA DA ALTA DEMANDA;CARTA ENVIADA;23/07/2026;NÃO LOCALIZADO;FINALIZADO;FINALIZADO;;;-;Sudeste;BACKLOG 22.06_23.07
15/07/2026;16/07/2026;260716-000439;EXTRAVIO ;CARRERA (VILA LEOPOLDINA);J36;SAO PAULO;SP;717563;SCB01;XD DIADEMA;14455469;9052932;SIM;NOTIFICAÇÃO ENVIADA VIA PLANILHA POR CONTA DA ALTA DEMANDA;CARTA ENVIADA;23/07/2026;NÃO LOCALIZADO;FINALIZADO;FINALIZADO;;;-;Sudeste;BACKLOG 22.06_23.07
15/07/2026;16/07/2026;260716-000438;EXTRAVIO ;CARRERA (VILA LEOPOLDINA);J36;SAO PAULO;SP;717563;SCB01;XD DIADEMA;14455126;9052440;SIM;NOTIFICAÇÃO ENVIADA VIA PLANILHA POR CONTA DA ALTA DEMANDA;CARTA ENVIADA;23/07/2026;NÃO LOCALIZADO;FINALIZADO;FINALIZADO;;;-;Sudeste;BACKLOG 22.06_23.07
15/07/2026;16/07/2026;260716-000436;EXTRAVIO ;CARRERA (VILA LEOPOLDINA);J36;SAO PAULO;SP;717563;SCB01;XD DIADEMA;14455127;9052440;SIM;NOTIFICAÇÃO ENVIADA VIA PLANILHA POR CONTA DA ALTA DEMANDA;CARTA ENVIADA;23/07/2026;NÃO LOCALIZADO;FINALIZADO;FINALIZADO;;;-;Sudeste;BACKLOG 22.06_23.07
15/07/2026;16/07/2026;260716-000433;EXTRAVIO ;CARRERA (VILA LEOPOLDINA);J36;SAO PAULO;SP;717563;SCB01;XD DIADEMA;14455733;9052138;SIM;NOTIFICAÇÃO ENVIADA VIA PLANILHA POR CONTA DA ALTA DEMANDA;CARTA ENVIADA;23/07/2026;NÃO LOCALIZADO;FINALIZADO;FINALIZADO;;;-;Sudeste;BACKLOG 22.06_23.07
15/07/2026;16/07/2026;260716-000432;EXTRAVIO ;CARRERA (VILA LEOPOLDINA);J36;SAO PAULO;SP;717563;SCB01;XD DIADEMA;14455934;009052852/009052855/009052856/009052870;SIM;NOTIFICAÇÃO ENVIADA VIA PLANILHA POR CONTA DA ALTA DEMANDA;CARTA ENVIADA;23/07/2026;NÃO LOCALIZADO;FINALIZADO;FINALIZADO;;;-;Sudeste;BACKLOG 22.06_23.07
15/07/2026;16/07/2026;260716-000430;EXTRAVIO ;CARRERA (VILA LEOPOLDINA);J36;SAO PAULO;SP;717563;SCB01;XD DIADEMA;14454922;9052786;SIM;NOTIFICAÇÃO ENVIADA VIA PLANILHA POR CONTA DA ALTA DEMANDA;CARTA ENVIADA;23/07/2026;NÃO LOCALIZADO;FINALIZADO;FINALIZADO;;;-;Sudeste;BACKLOG 22.06_23.07
15/07/2026;16/07/2026;260716-000429;EXTRAVIO ;CARRERA (VILA LEOPOLDINA);J36;SAO PAULO;SP;717563;SCB01;XD DIADEMA;14455220;9052724;SIM;NOTIFICAÇÃO ENVIADA VIA PLANILHA POR CONTA DA ALTA DEMANDA;CARTA ENVIADA;23/07/2026;NÃO LOCALIZADO;FINALIZADO;FINALIZADO;;;-;Sudeste;BACKLOG 22.06_23.07
01/07/2026;16/07/2026;260716-000427;EXTRAVIO ;CARRERA (VILA LEOPOLDINA);J36;SAO PAULO;SP;714256;SCB01;XD DIADEMA;14406845;8696972;SIM;NOTIFICAÇÃO ENVIADA VIA PLANILHA POR CONTA DA ALTA DEMANDA;CARTA ENVIADA;23/07/2026;NÃO LOCALIZADO;FINALIZADO;FINALIZADO;;;-;Sudeste;BACKLOG 22.06_23.07
07/07/2026;16/07/2026;260716-000420;EXTRAVIO ;CARRERA (VILA LEOPOLDINA);J36;SAO PAULO;SP;717108;SCB01;XD DIADEMA;14451147;9037823;SIM;NOTIFICAÇÃO ENVIADA VIA PLANILHA POR CONTA DA ALTA DEMANDA;CARTA ENVIADA;23/07/2026;NÃO LOCALIZADO;FINALIZADO;FINALIZADO;;;-;Sudeste;BACKLOG 22.06_23.07
07/07/2026;16/07/2026;260716-000419;EXTRAVIO ;CARRERA (VILA LEOPOLDINA);J36;SAO PAULO;SP;717108;SCB01;XD DIADEMA;14451147;9037823;SIM;NOTIFICAÇÃO ENVIADA VIA PLANILHA POR CONTA DA ALTA DEMANDA;CARTA ENVIADA;23/07/2026;NÃO LOCALIZADO;FINALIZADO;FINALIZADO;;;-;Sudeste;BACKLOG 22.06_23.07
07/07/2026;16/07/2026;260716-000418;EXTRAVIO ;CARRERA (VILA LEOPOLDINA);J36;SAO PAULO;SP;717108;SCB01;XD DIADEMA;14451146;9037823;SIM;NOTIFICAÇÃO ENVIADA VIA PLANILHA POR CONTA DA ALTA DEMANDA;CARTA ENVIADA;23/07/2026;NÃO LOCALIZADO;FINALIZADO;FINALIZADO;;;-;Sudeste;BACKLOG 22.06_23.07
03/08/2026;16/07/2026;260716-000417;EXTRAVIO ;CARRERA (VILA LEOPOLDINA);J36;Ituiutaba;MG;716861;SCB01;XD MINAS;14447111;9023325;SIM;NOTIFICAÇÃO ENVIADA VIA PLANILHA POR CONTA DA ALTA DEMANDA;CARTA ENVIADA;23/07/2026;NÃO LOCALIZADO;FINALIZADO;FINALIZADO;;;-;Sudeste;BACKLOG 22.06_23.07
05/07/2026;16/07/2026;260716-000416;EXTRAVIO ;CARRERA (VILA LEOPOLDINA);J36;SAO PAULO;SP;716021;SCB01;XD DIADEMA;14438693;8990620;SIM;NOTIFICAÇÃO ENVIADA VIA PLANILHA POR CONTA DA ALTA DEMANDA;CARTA ENVIADA;23/07/2026;NÃO LOCALIZADO;FINALIZADO;FINALIZADO;;;-;Sudeste;BACKLOG 22.06_23.07
15/07/2026;16/07/2026;260716-000409;EXTRAVIO ;AMERICAS (BARRA);F34;Rio de Janeiro;RJ;715818;SCB01;XD DIADEMA;14439170/14438935/14439963/14438770;8956555/8956556/8995784/8990355/8995422/8990596/8990597/8990603/8990604.;SIM;NOTIFICAÇÃO ENVIADA VIA PLANILHA POR CONTA DA ALTA DEMANDA;CARTA ENVIADA;23/07/2026;NÃO LOCALIZADO;FINALIZADO;FINALIZADO;;;-;Sudeste;BACKLOG 22.06_23.07
02/07/2026;16/07/2026;260716-000405;EXTRAVIO ;CARRERA (ASA NORTE);W36;BRASILIA;DF;714124;SCB01;RIO VERMELHO;14424317;8911194;SIM;NOTIFICAÇÃO ENVIADA VIA PLANILHA POR CONTA DA ALTA DEMANDA;CARTA ENVIADA;23/07/2026;NÃO LOCALIZADO;FINALIZADO;FINALIZADO;;;-;CO;BACKLOG 22.06_23.07
16/07/2026;16/07/2026;260716-000398;EXTRAVIO ;AMERICAS (BARRA);F34;Rio de Janeiro;RJ;716588;SCB01;XD DIADEMA;14443931;9008936;SIM;NOTIFICAÇÃO ENVIADA VIA PLANILHA POR CONTA DA ALTA DEMANDA;CARTA ENVIADA;23/07/2026;NÃO LOCALIZADO;FINALIZADO;FINALIZADO;;;-;Sudeste;BACKLOG 22.06_23.07
29/04/2026;16/07/2026;260716-000358;EXTRAVIO ;CARRERA (OSASCO);J63;OSASCO;SP;237490;SCB01;XD DIADEMA;1314599;TOTAL;SIM;NOTIFICAÇÃO ENVIADA VIA PLANILHA POR CONTA DA ALTA DEMANDA;FINALIZADO COMO RESOLVIDO;23/07/2026;LOCALIZADO;FINALIZADO;FINALIZADO;;;-;Sudeste;NORMAL
08/05/2026;16/07/2026;260716-000350;EXTRAVIO ;CARRERA (OSASCO);J63;OSASCO;SP;702749;SCB01;XD DIADEMA;14289096;total;SIM;NOTIFICAÇÃO ENVIADA VIA PLANILHA POR CONTA DA ALTA DEMANDA;FINALIZADO COMO RESOLVIDO;23/07/2026;LOCALIZADO;FINALIZADO;FINALIZADO;;;-;Sudeste;NORMAL
07/05/2026;16/07/2026;260716-000348;EXTRAVIO ;CARRERA (OSASCO);J63;OSASCO;SP;702446;SCB01;XD DIADEMA;14284497;total;SIM;NOTIFICAÇÃO ENVIADA VIA PLANILHA POR CONTA DA ALTA DEMANDA;FINALIZADO COMO RESOLVIDO;23/07/2026;LOCALIZADO;FINALIZADO;FINALIZADO;;;-;Sudeste;NORMAL
15/07/2026;16/07/2026;260716-000326;EXTRAVIO ;CARRERA (ALPHAVILLE);K18;BARUERI;SP;714620;SCB01;XD DIADEMA;14427727;8921838/8729900/8921838;SIM;NOTIFICAÇÃO ENVIADA VIA PLANILHA POR CONTA DA ALTA DEMANDA;CARTA ENVIADA;23/07/2026;NÃO LOCALIZADO;FINALIZADO;FINALIZADO;;;-;Sudeste;BACKLOG 22.06_23.07
16/07/2026;16/07/2026;260716-000325;EXTRAVIO ;JORLAN (GOIANIA);J23;GOIANIA;GO;718638;SCB01;XD DIADEMA;14466711;9095119;SIM;NOTIFICAÇÃO ENVIADA VIA PLANILHA POR CONTA DA ALTA DEMANDA;FINALIZADO COMO RESOLVIDO;23/07/2026;LOCALIZADO;FINALIZADO;FINALIZADO;;;-;CO;BACKLOG 22.06_23.07
15/07/2026;16/07/2026;260716-000322;EXTRAVIO ;JORLAN (GOIANIA);J23;GOIANIA;GO;717749;SCB01;XD DIADEMA;14461727;87010718/87010720/87010723/87010725/87010726/87010727/87010731/87010717;SIM;NOTIFICAÇÃO ENVIADA VIA PLANILHA POR CONTA DA ALTA DEMANDA;FINALIZADO COMO RESOLVIDO;23/07/2026;LOCALIZADO;FINALIZADO;FINALIZADO;;;-;CO;BACKLOG 22.06_23.07
15/07/2026;16/07/2026;260716-000316;EXTRAVIO ;CARRERA (ALPHAVILLE);K18;BARUERI;SP;716760;SCB01;XD DIADEMA;14446054;9023668/9028040;SIM;NOTIFICAÇÃO ENVIADA VIA PLANILHA POR CONTA DA ALTA DEMANDA;FINALIZADO COMO RESOLVIDO;23/07/2026;LOCALIZADO;FINALIZADO;FINALIZADO;;;-;Sudeste;BACKLOG 22.06_23.07
15/07/2026;16/07/2026;260716-000315;EXTRAVIO ;JORLAN (GOIANIA);J23;GOIANIA;GO;717749;SCB01;XD DIADEMA;14461560;907359;SIM;NOTIFICAÇÃO ENVIADA VIA PLANILHA POR CONTA DA ALTA DEMANDA;CARTA ENVIADA;23/07/2026;NÃO LOCALIZADO;FINALIZADO;FINALIZADO;;;-;CO;BACKLOG 22.06_23.07
15/07/2026;16/07/2026;260716-000312;EXTRAVIO ;CARRERA (ALPHAVILLE);K18;BARUERI;SP;717565;SCB01;XD DIADEMA;14454955;9052017/9052274/9052919/9052926/9052971/9053109/9053135;SIM;NOTIFICAÇÃO ENVIADA VIA PLANILHA POR CONTA DA ALTA DEMANDA;FINALIZADO COMO RESOLVIDO;23/07/2026;LOCALIZADO;FINALIZADO;FINALIZADO;;;-;Sudeste;BACKLOG 22.06_23.07
15/07/2026;16/07/2026;260716-000311;EXTRAVIO ;JORLAN (GOIANIA);J23;GOIANIA;GO;717749;SCB01;XD DIADEMA;14460483;0009046389/9046390;SIM;NOTIFICAÇÃO ENVIADA VIA PLANILHA POR CONTA DA ALTA DEMANDA;FINALIZADO COMO RESOLVIDO;23/07/2026;LOCALIZADO;FINALIZADO;FINALIZADO;;;-;CO;BACKLOG 22.06_23.07
15/07/2026;16/07/2026;260716-000307;EXTRAVIO ;CARRERA (ALPHAVILLE);K18;BARUERI;SP;714258;SCB01;XD DIADEMA;14423896;8902209/8902256;SIM;NOTIFICAÇÃO ENVIADA VIA PLANILHA POR CONTA DA ALTA DEMANDA;CARTA ENVIADA;23/07/2026;NÃO LOCALIZADO;FINALIZADO;FINALIZADO;;;-;Sudeste;BACKLOG 22.06_23.07
14/07/2026;16/07/2026;260716-000305;EXTRAVIO ;TUDO (GOIANIA);S16;Goiania;GO;717299;SCB01;XD DIADEMA;14450847;9046995/9023193/9033257/9033258;SIM;NOTIFICAÇÃO ENVIADA VIA PLANILHA POR CONTA DA ALTA DEMANDA;CARTA ENVIADA;23/07/2026;NÃO LOCALIZADO;FINALIZADO;FINALIZADO;;;-;CO;BACKLOG 22.06_23.07
03/08/2026;16/07/2026;260716-000304;EXTRAVIO ;CARRERA (ALPHAVILLE);K18;VARGINHA;MG;717083;SCB01;XD MINAS;14448585;9023550/9037064/9037134;SIM;NOTIFICAÇÃO ENVIADA VIA PLANILHA POR CONTA DA ALTA DEMANDA;CARTA ENVIADA;23/07/2026;NÃO LOCALIZADO;FINALIZADO;FINALIZADO;;;-;Sudeste;BACKLOG 22.06_23.07
10/07/2026;16/07/2026;260716-000260;EXTRAVIO ;NOVA (RIO PRETO);R07;Sao Jose do Rio Preto;SP;717795;SCB01;XD DIADEMA;14462467;9076731/9076735/9076732/9076736;SIM;NOTIFICAÇÃO ENVIADA VIA PLANILHA POR CONTA DA ALTA DEMANDA;FINALIZADO COMO RESOLVIDO;23/07/2026;LOCALIZADO;FINALIZADO;FINALIZADO;;;-;Sudeste;BACKLOG 22.06_23.07
14/07/2026;16/07/2026;260716-000248;EXTRAVIO ;CARRERA (OSASCO);J63;OSASCO;SP;715099;SCB01;XD DIADEMA;14432816;TOTAL;SIM;NOTIFICAÇÃO ENVIADA VIA PLANILHA POR CONTA DA ALTA DEMANDA;CARTA ENVIADA;23/07/2026;NÃO LOCALIZADO;FINALIZADO;FINALIZADO;;;-;Sudeste;BACKLOG 22.06_23.07
16/07/2026;16/07/2026;260716-000245;EXTRAVIO ;GURIVEL (PIANNA SAO MATEUS);J97;SAO MATEUS;ES;715927;SCB01;CAMILO;14437088;8856056;SIM;NOTIFICAÇÃO ENVIADA VIA PLANILHA POR CONTA DA ALTA DEMANDA;CARTA ENVIADA;23/07/2026;NÃO LOCALIZADO;FINALIZADO;FINALIZADO;;;-;Sudeste;BACKLOG 22.06_23.07
16/07/2026;16/07/2026;260716-000242;EXTRAVIO ;GURIVEL (PIANNA SAO MATEUS);J97;SAO MATEUS;ES;715927;SCB01;CAMILO;14439783;8995296;SIM;NOTIFICAÇÃO ENVIADA VIA PLANILHA POR CONTA DA ALTA DEMANDA;CARTA ENVIADA;23/07/2026;NÃO LOCALIZADO;FINALIZADO;FINALIZADO;;;-;Sudeste;BACKLOG 22.06_23.07
09/07/2026;16/07/2026;260716-000218;EXTRAVIO ;ACCIOLY BARAO DE LIMEIRA;A50;BELO HORIZONTE;MG;716292;SCB01;XD MINAS;14440911;TOTAL;SIM;NOTIFICAÇÃO ENVIADA VIA PLANILHA POR CONTA DA ALTA DEMANDA;CARTA ENVIADA;23/07/2026;NÃO LOCALIZADO;FINALIZADO;FINALIZADO;;;-;Sudeste;BACKLOG 22.06_23.07
08/07/2026;16/07/2026;260716-000217;EXTRAVIO ;ACCIOLY BARAO DE LIMEIRA;A50;BELO HORIZONTE;MG;715443;SCB01;XD MINAS;14436325;0008957032/0008989683/0008990161;SIM;NOTIFICAÇÃO ENVIADA VIA PLANILHA POR CONTA DA ALTA DEMANDA;CARTA ENVIADA;23/07/2026;NÃO LOCALIZADO;FINALIZADO;FINALIZADO;;;-;Sudeste;BACKLOG 22.06_23.07
08/07/2026;16/07/2026;260716-000203;EXTRAVIO ;TUDO (GOIANIA);S16;Goiania;GO;716264;SCB01;XD DIADEMA;14438869;8993338;SIM;NOTIFICAÇÃO ENVIADA VIA PLANILHA POR CONTA DA ALTA DEMANDA;CARTA ENVIADA;23/07/2026;NÃO LOCALIZADO;FINALIZADO;FINALIZADO;;;-;CO;BACKLOG 22.06_23.07
;16/07/2026;260716-000202;EXTRAVIO ;TUDO (GOIANIA);S16;Goiania;GO;716662;SCB01;XD DIADEMA;14422468;8906596/9023163;SIM;NOTIFICAÇÃO ENVIADA VIA PLANILHA POR CONTA DA ALTA DEMANDA;CARTA ENVIADA;23/07/2026;NÃO LOCALIZADO;FINALIZADO;FINALIZADO;;;-;CO;BACKLOG 22.06_23.07
16/07/2026;16/07/2026;260716-000184;EXTRAVIO ;ASPEN (BARRA MANSA);B05;Barra Mansa;RJ;711280;SCB01;CAMILO;14356716/14356715/14390717/14390720;TOTAL;SIM;NOTIFICAÇÃO ENVIADA VIA PLANILHA POR CONTA DA ALTA DEMANDA;CARTA ENVIADA;23/07/2026;NÃO LOCALIZADO;FINALIZADO;FINALIZADO;;;-;Sudeste;NORMAL
15/07/2026;16/07/2026;260716-000163;EXTRAVIO ;AUTUS (AFONSO PENA);X44;UBERLENDIA;MG;713647;SCB01;XD MINAS;14407136/14420095/14419747/14419748/14419407/;8829047/8829048/8829049/8892266/8892556/8887669/8888132;SIM;NOTIFICAÇÃO ENVIADA VIA PLANILHA POR CONTA DA ALTA DEMANDA;CARTA ENVIADA;23/07/2026;NÃO LOCALIZADO;FINALIZADO;FINALIZADO;;;-;Sudeste;BACKLOG 22.06_23.07
06/07/2026;16/07/2026;260716-000104;EXTRAVIO ;TUDO (GOIANIA);S16;Goiania;GO;715916;SCB01;XD DIADEMA;14433138;8938201/8938203;SIM;NOTIFICAÇÃO ENVIADA VIA PLANILHA POR CONTA DA ALTA DEMANDA;CARTA ENVIADA;23/07/2026;NÃO LOCALIZADO;FINALIZADO;FINALIZADO;;;-;CO;BACKLOG 22.06_23.07
09/07/2026;16/07/2026;260716-000100;EXTRAVIO ;ACCIOLY BARAO DE LIMEIRA;A50;BELO HORIZONTE;MG;714228;SCB01;XD MINAS;14421858;TOTAL;SIM;NOTIFICAÇÃO ENVIADA VIA PLANILHA POR CONTA DA ALTA DEMANDA;CARTA ENVIADA;23/07/2026;NÃO LOCALIZADO;FINALIZADO;FINALIZADO;;;-;Sudeste;BACKLOG 22.06_23.07
15/07/2026;16/07/2026;260716-000095;EXTRAVIO ;JORLAN (GOIANIA);J23;GOIANIA;GO;717749;SCB01;XD DIADEMA;14453974;09057171/9057235;SIM;NOTIFICAÇÃO ENVIADA VIA PLANILHA POR CONTA DA ALTA DEMANDA;FINALIZADO COMO RESOLVIDO;23/07/2026;LOCALIZADO;FINALIZADO;FINALIZADO;;;-;CO;BACKLOG 22.06_23.07
15/07/2026;16/07/2026;260716-000091;EXTRAVIO ;NOVA (RIBEIRAO PRETO);N17;RIBEIRAO PRETO;SP;719097;SCB01;OPERAÇÃO SOR;14466949;9089039;SIM;NOTIFICAÇÃO ENVIADA VIA PLANILHA POR CONTA DA ALTA DEMANDA;CARTA ENVIADA;23/07/2026;NÃO LOCALIZADO;FINALIZADO;FINALIZADO;;;-;Sudeste;BACKLOG 22.06_23.07
02/07/2026;16/07/2026;260716-000090;EXTRAVIO ;TUDO (GOIANIA);S16;Goiania;GO;713954;SCB01;XD DIADEMA;14421650;8900097;SIM;NOTIFICAÇÃO ENVIADA VIA PLANILHA POR CONTA DA ALTA DEMANDA;CARTA ENVIADA;23/07/2026;NÃO LOCALIZADO;FINALIZADO;FINALIZADO;;;-;CO;BACKLOG 22.06_23.07
15/07/2026;16/07/2026;260716-000086;EXTRAVIO ;JORLAN (GOIANIA);J23;GOIANIA;GO;717749;SCB01;XD DIADEMA;14454782;0009046801/0009046802;SIM;NOTIFICAÇÃO ENVIADA VIA PLANILHA POR CONTA DA ALTA DEMANDA;FINALIZADO COMO RESOLVIDO;23/07/2026;LOCALIZADO;FINALIZADO;FINALIZADO;;;-;CO;BACKLOG 22.06_23.07
15/07/2026;16/07/2026;260716-000080;EXTRAVIO ;JORLAN (GOIANIA);J23;GOIANIA;GO;717749;SCB01;XD DIADEMA;14461726;87010699/87010700/87010703/87010704/87010705/87010707/87010708/87010709/87010710/87010714;SIM;NOTIFICAÇÃO ENVIADA VIA PLANILHA POR CONTA DA ALTA DEMANDA;FINALIZADO COMO RESOLVIDO;23/07/2026;LOCALIZADO;FINALIZADO;FINALIZADO;;;-;CO;BACKLOG 22.06_23.07
08/07/2026;16/07/2026;260716-000076;EXTRAVIO ;ACCIOLY BARAO DE LIMEIRA;A50;BELO HORIZONTE;MG;713967;SCB01;XD MINAS;14423743;0008902151/0008902314/0008902321/0008902343;SIM;NOTIFICAÇÃO ENVIADA VIA PLANILHA POR CONTA DA ALTA DEMANDA;CARTA ENVIADA;23/07/2026;NÃO LOCALIZADO;FINALIZADO;FINALIZADO;;;-;Sudeste;BACKLOG 22.06_23.07
01/07/2026;16/07/2026;260716-000071;EXTRAVIO ;TUDO (GOIANIA);S16;Goiania;GO;714680;SCB01;XD DIADEMA;14427065;8913890/8914091/8914092;SIM;NOTIFICAÇÃO ENVIADA VIA PLANILHA POR CONTA DA ALTA DEMANDA;CARTA ENVIADA;23/07/2026;NÃO LOCALIZADO;FINALIZADO;FINALIZADO;;;-;CO;BACKLOG 22.06_23.07
15/07/2026;16/07/2026;260716-000069;EXTRAVIO ;SUPREMA;S47;Assis;SP;714399;SCB01;ALFA;14418526;8881067;SIM;NOTIFICAÇÃO ENVIADA VIA PLANILHA POR CONTA DA ALTA DEMANDA;CARTA ENVIADA;23/07/2026;NÃO LOCALIZADO;FINALIZADO;FINALIZADO;;;-;Sudeste;BACKLOG 22.06_23.07
15/07/2026;16/07/2026;260716-000067;EXTRAVIO ;NOVA (RIBEIRAO PRETO);N17;RIBEIRAO PRETO;SP;719097;SCB01;OPERAÇÃO SOR;14471131;/9063153/9363154/9063155;SIM;NOTIFICAÇÃO ENVIADA VIA PLANILHA POR CONTA DA ALTA DEMANDA;CARTA ENVIADA;23/07/2026;NÃO LOCALIZADO;FINALIZADO;FINALIZADO;;;-;Sudeste;BACKLOG 22.06_23.07
15/07/2026;16/07/2026;260716-000063;EXTRAVIO ;JORLAN (GOIANIA);J23;GOIANIA;GO;717749;SCB01;XD DIADEMA;14461356;0009073539/9073540/9073541/9073543;SIM;NOTIFICAÇÃO ENVIADA VIA PLANILHA POR CONTA DA ALTA DEMANDA;CARTA ENVIADA;23/07/2026;NÃO LOCALIZADO;FINALIZADO;FINALIZADO;;;-;CO;BACKLOG 22.06_23.07
15/07/2026;16/07/2026;260716-000061;EXTRAVIO ;SUPREMA;S47;Assis;SP;714399;SCB01;ALFA;14417599;8881281;SIM;NOTIFICAÇÃO ENVIADA VIA PLANILHA POR CONTA DA ALTA DEMANDA;CARTA ENVIADA;23/07/2026;NÃO LOCALIZADO;FINALIZADO;FINALIZADO;;;-;Sudeste;BACKLOG 22.06_23.07
01/07/2026;16/07/2026;260716-000060;EXTRAVIO ;TUDO (GOIANIA);S16;Goiania;GO;714138;SCB01;XD DIADEMA;14422371;89011670/89011671/89011672/8913433/8913434/8913435/8913436/8913437/8913700;SIM;NOTIFICAÇÃO ENVIADA VIA PLANILHA POR CONTA DA ALTA DEMANDA;CARTA ENVIADA;23/07/2026;NÃO LOCALIZADO;FINALIZADO;FINALIZADO;;;-;CO;BACKLOG 22.06_23.07
15/07/2026;16/07/2026;260716-000038;EXTRAVIO ;AUTUS (AFONSO PENA);X44;UBERLENDIA;MG;713974;SCB01;XD MINAS;14422668/14423420/;8903807/8202496/8902500/;SIM;NOTIFICAÇÃO ENVIADA VIA PLANILHA POR CONTA DA ALTA DEMANDA;CARTA ENVIADA;23/07/2026;NÃO LOCALIZADO;FINALIZADO;FINALIZADO;;;-;Sudeste;BACKLOG 22.06_23.07
15/07/2026;16/07/2026;260716-000036;EXTRAVIO ;SULPAVE;S54;REGISTRO;SP;717133;SCB01;XD DIADEMA;14446954;9028199;SIM;NOTIFICAÇÃO ENVIADA VIA PLANILHA POR CONTA DA ALTA DEMANDA;CARTA ENVIADA;23/07/2026;NÃO LOCALIZADO;FINALIZADO;FINALIZADO;;;-;Sudeste;BACKLOG 22.06_23.07
15/07/2026;16/07/2026;260716-000035;EXTRAVIO ;SULPAVE;S54;REGISTRO;SP;717133;SCB01;XD DIADEMA;14447912;9023441;SIM;NOTIFICAÇÃO ENVIADA VIA PLANILHA POR CONTA DA ALTA DEMANDA;CARTA ENVIADA;23/07/2026;NÃO LOCALIZADO;FINALIZADO;FINALIZADO;;;-;Sudeste;BACKLOG 22.06_23.07
15/07/2026;16/07/2026;260716-000033;EXTRAVIO ;SULPAVE;S54;REGISTRO;SP;717133;SCB01;XD DIADEMA;14447790;9023905;SIM;NOTIFICAÇÃO ENVIADA VIA PLANILHA POR CONTA DA ALTA DEMANDA;CARTA ENVIADA;23/07/2026;NÃO LOCALIZADO;FINALIZADO;FINALIZADO;;;-;Sudeste;BACKLOG 22.06_23.07
15/07/2026;16/07/2026;260716-000029;EXTRAVIO ;SULPAVE;S54;REGISTRO;SP;717133;SCB01;XD DIADEMA;14451023;9037563/9037564/;SIM;NOTIFICAÇÃO ENVIADA VIA PLANILHA POR CONTA DA ALTA DEMANDA;CARTA ENVIADA;23/07/2026;NÃO LOCALIZADO;FINALIZADO;FINALIZADO;;;-;Sudeste;BACKLOG 22.06_23.07
06/07/2026;16/07/2026;260716-000026;EXTRAVIO ;TUDO (GOIANIA);S16;Goiania;GO;715229;SCB01;XD DIADEMA;14434473;8954919/8955103;SIM;NOTIFICAÇÃO ENVIADA VIA PLANILHA POR CONTA DA ALTA DEMANDA;CARTA ENVIADA;23/07/2026;NÃO LOCALIZADO;FINALIZADO;FINALIZADO;;;-;CO;BACKLOG 22.06_23.07
08/07/2026;17/07/2026;260717-000057;EXTRAVIO ;ACCIOLY BARAO DE LIMEIRA;A50;BELO HORIZONTE;MG;714731;SCB01;XD MINAS;14428512;8920106;SIM;NOTIFICAÇÃO ENVIADA VIA PLANILHA POR CONTA DA ALTA DEMANDA;CARTA ENVIADA;24/07/2026;NÃO LOCALIZADO;FINALIZADO;FINALIZADO;;;-;Sudeste;BACKLOG 22.06_23.07
14/07/2026;17/07/2026;260717-000053;EXTRAVIO ;NOVA (BELEM) - PECAS;N43;SÃO PAULO;SP;715073;SCB01;XD DIADEMA;14432098;8919871;SIM;NOTIFICAÇÃO ENVIADA VIA PLANILHA POR CONTA DA ALTA DEMANDA;CARTA ENVIADA;24/07/2026;NÃO LOCALIZADO;FINALIZADO;FINALIZADO;;;-;Sudeste;BACKLOG 22.06_23.07
16/07/2026;17/07/2026;260717-000082;EXTRAVIO ;MCV (MANHUACU);C48;MANHUACU;MG;713703;SCB01;XD DIADEMA;14420139;2/volumes/faltantes/no/ato/da/ntrega/.;SIM;NOTIFICAÇÃO ENVIADA VIA PLANILHA POR CONTA DA ALTA DEMANDA;CARTA ENVIADA;24/07/2026;NÃO LOCALIZADO;FINALIZADO;FINALIZADO;;;-;Sudeste;BACKLOG 22.06_23.07
17/07/2026;17/07/2026;260717-000086;EXTRAVIO ;AUTUS (AFONSO PENA);X44;ARAXA;MG;714580;SCB01;XD DIADEMA;14429171;8920532;SIM;NOTIFICAÇÃO ENVIADA VIA PLANILHA POR CONTA DA ALTA DEMANDA;CARTA ENVIADA;24/07/2026;NÃO LOCALIZADO;FINALIZADO;FINALIZADO;;;-;Sudeste;BACKLOG 22.06_23.07
16/07/2026;17/07/2026;260717-000085;EXTRAVIO ;ABSOLUTA (SANTOS);J07;PRAIA GRANDE;SP;716074;SCB01;XD DIADEMA;14435797;8985331/8985332/8985333/8985334/8985335/8985336/8985337/8985338/8985339/8985340/8985341/8985342/8985343/8985344/8985345/8985346/8985347/8985348/8985349/8985350;SIM;NOTIFICAÇÃO ENVIADA VIA PLANILHA POR CONTA DA ALTA DEMANDA;CARTA ENVIADA;24/07/2026;NÃO LOCALIZADO;FINALIZADO;FINALIZADO;;;-;Sudeste;BACKLOG 22.06_23.07
16/07/2026;17/07/2026;260717-000109;EXTRAVIO ;NOVA (BELEM) - PECAS;N43;SÃO PAULO;SP;719576;SCB01;XD DIADEMA;14483122;9143917;SIM;NOTIFICAÇÃO ENVIADA VIA PLANILHA POR CONTA DA ALTA DEMANDA;CARTA ENVIADA;24/07/2026;NÃO LOCALIZADO;FINALIZADO;FINALIZADO;;;-;Sudeste;BACKLOG 22.06_23.07
13/07/2026;17/07/2026;260717-000125;EXTRAVIO ;NOVA (BELEM) - PECAS;N43;SÃO PAULO;SP;715498;SCB01;XD DIADEMA;14437567;8989455;SIM;NOTIFICAÇÃO ENVIADA VIA PLANILHA POR CONTA DA ALTA DEMANDA;CARTA ENVIADA;24/07/2026;NÃO LOCALIZADO;FINALIZADO;FINALIZADO;;;-;Sudeste;BACKLOG 22.06_23.07
20/07/2026;17/07/2026;260717-000144;EXTRAVIO ;GRAMARCA (VARZEA GRANDE);G22;VARZEA GRANDE;MT;718800;SCB01;XD DIADEMA;14472713;9111597;SIM;NOTIFICAÇÃO ENVIADA VIA PLANILHA POR CONTA DA ALTA DEMANDA;CARTA ENVIADA;24/07/2026;NÃO LOCALIZADO;FINALIZADO;FINALIZADO;;;-;CO;BACKLOG 22.06_23.07
13/07/2026;17/07/2026;260717-000143;EXTRAVIO ;NOVA (BELEM) - PECAS;N43;SÃO PAULO;SP;715498;SCB01;XD DIADEMA;14437566;8989455/;SIM;NOTIFICAÇÃO ENVIADA VIA PLANILHA POR CONTA DA ALTA DEMANDA;CARTA ENVIADA;24/07/2026;NÃO LOCALIZADO;FINALIZADO;FINALIZADO;;;-;Sudeste;BACKLOG 22.06_23.07
17/07/2026;17/07/2026;260717-000151;EXTRAVIO ;GRANDE MINAS (PAMPULHA);F51;CONTAGEM;MG;716887;SCB01;XD MINAS;14446667/NF14447216;9023834/9024112/;SIM;NOTIFICAÇÃO ENVIADA VIA PLANILHA POR CONTA DA ALTA DEMANDA;CARTA ENVIADA;24/07/2026;NÃO LOCALIZADO;FINALIZADO;FINALIZADO;;;-;Sudeste;BACKLOG 22.06_23.07
17/07/2026;17/07/2026;260717-000154;EXTRAVIO ;GRANDE MINAS (PAMPULHA);F51;CONTAGEM;MG;715338;SCB01;XD MINAS;14436204/14436205;8957031;SIM;NOTIFICAÇÃO ENVIADA VIA PLANILHA POR CONTA DA ALTA DEMANDA;CARTA ENVIADA;24/07/2026;NÃO LOCALIZADO;FINALIZADO;FINALIZADO;;;-;Sudeste;BACKLOG 22.06_23.07
16/07/2026;17/07/2026;260717-000188;EXTRAVIO ;AUTUS (AFONSO PENA);X44;UBERLANDIA;MG;714926;SCB01;XD DIADEMA;14429283;8920689/8920896/;SIM;NOTIFICAÇÃO ENVIADA VIA PLANILHA POR CONTA DA ALTA DEMANDA;CARTA ENVIADA;24/07/2026;NÃO LOCALIZADO;FINALIZADO;FINALIZADO;;;-;Sudeste;BACKLOG 22.06_23.07
16/07/2026;17/07/2026;260717-000206;EXTRAVIO ;AUTUS (AFONSO PENA);X44;UBERLANDIA;MG;715799;SCB01;XD DIADEMA;14438083/14439312/;8989898/8989899/8998495/;SIM;NOTIFICAÇÃO ENVIADA VIA PLANILHA POR CONTA DA ALTA DEMANDA;CARTA ENVIADA;24/07/2026;NÃO LOCALIZADO;FINALIZADO;FINALIZADO;;;-;Sudeste;BACKLOG 22.06_23.07
16/07/2026;17/07/2026;260717-000221;EXTRAVIO ;AUTUS (AFONSO PENA);X44;UBERLANDIA;MG;715156;SCB01;XD DIADEMA;14431901/14435316/14435266/14433172/;8709702/8709776/8956818/8956819/8956837/8956839/8956840/8956841/8956842/8956843;SIM;NOTIFICAÇÃO ENVIADA VIA PLANILHA POR CONTA DA ALTA DEMANDA;CARTA ENVIADA;24/07/2026;NÃO LOCALIZADO;FINALIZADO;FINALIZADO;;;-;Sudeste;BACKLOG 22.06_23.07
13/07/2026;17/07/2026;260717-000228;EXTRAVIO ;NOVA (BELEM) - PECAS;N43;SÃO PAULO;SP;715498;SCB01;XD DIADEMA;14436390;8956895;SIM;NOTIFICAÇÃO ENVIADA VIA PLANILHA POR CONTA DA ALTA DEMANDA;CARTA ENVIADA;24/07/2026;NÃO LOCALIZADO;FINALIZADO;FINALIZADO;;;-;Sudeste;BACKLOG 22.06_23.07
13/07/2026;17/07/2026;260717-000230;EXTRAVIO ;NOVA (BELEM) - PECAS;N43;SÃO PAULO;SP;715498;SCB01;XD DIADEMA;14436390;8956896;SIM;NOTIFICAÇÃO ENVIADA VIA PLANILHA POR CONTA DA ALTA DEMANDA;CARTA ENVIADA;24/07/2026;NÃO LOCALIZADO;FINALIZADO;FINALIZADO;;;-;Sudeste;BACKLOG 22.06_23.07
16/07/2026;17/07/2026;260717-000243;EXTRAVIO ;AUTUS (AFONSO PENA);X44;UBERLANDIA;MG;714581;SCB01;XD DIADEMA;14428785/14428833/14429202/;8921389/8920011/8920069;SIM;NOTIFICAÇÃO ENVIADA VIA PLANILHA POR CONTA DA ALTA DEMANDA;CARTA ENVIADA;24/07/2026;NÃO LOCALIZADO;FINALIZADO;FINALIZADO;;;-;Sudeste;BACKLOG 22.06_23.07
17/07/2026;17/07/2026;260717-000247;EXTRAVIO ;NOVA (RIBEIRAO PRETO);N17;RIBEIRAO PRETO;SP;719820;SCB01;OPERAÇÃO SOR;14481236;9143109;SIM;NOTIFICAÇÃO ENVIADA VIA PLANILHA POR CONTA DA ALTA DEMANDA;CARTA ENVIADA;24/07/2026;NÃO LOCALIZADO;FINALIZADO;FINALIZADO;;;-;Sudeste;BACKLOG 22.06_23.07
27/07/2026;17/07/2026;260717-000253;EXTRAVIO ;GRAMARCA (VARZEA GRANDE);G22;VARZEA GRANDE;MT;718799;SCB01;XD DIADEMA;14470593;9102454;SIM;NOTIFICAÇÃO ENVIADA VIA PLANILHA POR CONTA DA ALTA DEMANDA;CARTA ENVIADA;24/07/2026;NÃO LOCALIZADO;FINALIZADO;FINALIZADO;;;-;CO;BACKLOG 22.06_23.07
27/07/2026;17/07/2026;260717-000255;EXTRAVIO ;GRAMARCA (VARZEA GRANDE);G22;VARZEA GRANDE;MT;718799;SCB01;XD DIADEMA;14470309;9102527;SIM;NOTIFICAÇÃO ENVIADA VIA PLANILHA POR CONTA DA ALTA DEMANDA;CARTA ENVIADA;24/07/2026;NÃO LOCALIZADO;FINALIZADO;FINALIZADO;;;-;CO;BACKLOG 22.06_23.07
16/07/2026;17/07/2026;260717-000268;EXTRAVIO ;AUTUS (AFONSO PENA);X44;UBERLANDIA;MG;717070;SCB01;XD DIADEMA;14450272/14450273/14450275/14450556/14450587/14450641/14451127/14451130/;9037821/9037099/9037100/9037506/9037224/9037245/9037361;SIM;NOTIFICAÇÃO ENVIADA VIA PLANILHA POR CONTA DA ALTA DEMANDA;CARTA ENVIADA;24/07/2026;NÃO LOCALIZADO;FINALIZADO;FINALIZADO;;;-;Sudeste;BACKLOG 22.06_23.07
16/07/2026;17/07/2026;260717-000277;EXTRAVIO ;AUTUS (AFONSO PENA);X44;UBERLANDIA;MG;715419;SCB01;XD DIADEMA;14437406;8989468/8989469/8989476/8989477/8989478/8989484;SIM;NOTIFICAÇÃO ENVIADA VIA PLANILHA POR CONTA DA ALTA DEMANDA;CARTA ENVIADA;24/07/2026;NÃO LOCALIZADO;FINALIZADO;FINALIZADO;;;-;Sudeste;BACKLOG 22.06_23.07
17/07/2026;17/07/2026;260717-000293;EXTRAVIO ;SULPAVE;S54;REGISTRO;SP;717874;SCB01;XD DIADEMA;14459093;9064887;SIM;NOTIFICAÇÃO ENVIADA VIA PLANILHA POR CONTA DA ALTA DEMANDA;CARTA ENVIADA;24/07/2026;NÃO LOCALIZADO;FINALIZADO;FINALIZADO;;;-;Sudeste;BACKLOG 22.06_23.07
17/07/2026;17/07/2026;260717-000303;EXTRAVIO ;SULPAVE;S54;REGISTRO;SP;717874;SCB01;XD DIADEMA;14458905;9052383;SIM;NOTIFICAÇÃO ENVIADA VIA PLANILHA POR CONTA DA ALTA DEMANDA;CARTA ENVIADA;24/07/2026;NÃO LOCALIZADO;FINALIZADO;FINALIZADO;;;-;Sudeste;BACKLOG 22.06_23.07
03/07/2026;17/07/2026;260717-000358;EXTRAVIO ;AUTUS (AFONSO PENA);X44;PATOS DE MINAS;MG;712626;SCB01;XD DIADEMA;14408791;8861170/8861172;SIM;NOTIFICAÇÃO ENVIADA VIA PLANILHA POR CONTA DA ALTA DEMANDA;CARTA ENVIADA;24/07/2026;NÃO LOCALIZADO;FINALIZADO;FINALIZADO;;;-;Sudeste;BACKLOG 22.06_23.07
09/07/2026;17/07/2026;260717-000368;EXTRAVIO ;ACCIOLY BARAO DE LIMEIRA;A50;BELO HORIZONTE;MG;715151;SCB01;XD DIADEMA;14431906;Total;SIM;NOTIFICAÇÃO ENVIADA VIA PLANILHA POR CONTA DA ALTA DEMANDA;CARTA ENVIADA;24/07/2026;NÃO LOCALIZADO;FINALIZADO;FINALIZADO;;;-;Sudeste;BACKLOG 22.06_23.07
10/07/2026;17/07/2026;260717-000369;EXTRAVIO ;ACCIOLY BARAO DE LIMEIRA;A50;BELO HORIZONTE;MG;714923;SCB01;XD DIADEMA;14432283;Total;SIM;NOTIFICAÇÃO ENVIADA VIA PLANILHA POR CONTA DA ALTA DEMANDA;CARTA ENVIADA;24/07/2026;NÃO LOCALIZADO;FINALIZADO;FINALIZADO;;;-;Sudeste;BACKLOG 22.06_23.07
20/07/2026;18/07/2026;260718-000006;EXTRAVIO ;JORLAN (BARAO H. DE MELO);J66;BELO HORIZONTE;MG;717568;SCB01;XD DIADEMA;14455001;9024297;SIM;NOTIFICAÇÃO ENVIADA VIA PLANILHA POR CONTA DA ALTA DEMANDA;CARTA ENVIADA;24/07/2026;NÃO LOCALIZADO;FINALIZADO;FINALIZADO;;;-;Sudeste;BACKLOG 22.06_23.07
20/07/2026;18/07/2026;260718-000008;EXTRAVIO ;JORLAN (BARAO H. DE MELO);J66;BELO HORIZONTE;MG;717568;SCB01;XD DIADEMA;14452146;9031564;SIM;NOTIFICAÇÃO ENVIADA VIA PLANILHA POR CONTA DA ALTA DEMANDA;CARTA ENVIADA;24/07/2026;NÃO LOCALIZADO;FINALIZADO;FINALIZADO;;;-;Sudeste;BACKLOG 22.06_23.07
20/07/2026;18/07/2026;260718-000009;EXTRAVIO ;JORLAN (BARAO H. DE MELO);J66;BELO HORIZONTE;MG;717568;SCB01;XD DIADEMA;14454896;9053075/--/9053076;SIM;NOTIFICAÇÃO ENVIADA VIA PLANILHA POR CONTA DA ALTA DEMANDA;CARTA ENVIADA;24/07/2026;NÃO LOCALIZADO;FINALIZADO;FINALIZADO;;;-;Sudeste;BACKLOG 22.06_23.07
20/07/2026;18/07/2026;260718-000010;EXTRAVIO ;JORLAN (BARAO H. DE MELO);J66;BELO HORIZONTE;MG;717568;SCB01;XD DIADEMA;14455774;9053149/--/9053150;SIM;NOTIFICAÇÃO ENVIADA VIA PLANILHA POR CONTA DA ALTA DEMANDA;CARTA ENVIADA;24/07/2026;NÃO LOCALIZADO;FINALIZADO;FINALIZADO;;;-;Sudeste;BACKLOG 22.06_23.07
20/07/2026;18/07/2026;260718-000014;EXTRAVIO ;JORLAN (BARAO H. DE MELO);J66;BELO HORIZONTE;MG;716904;SCB01;XD DIADEMA;14447135;9023753/9023754;SIM;NOTIFICAÇÃO ENVIADA VIA PLANILHA POR CONTA DA ALTA DEMANDA;CARTA ENVIADA;24/07/2026;NÃO LOCALIZADO;FINALIZADO;FINALIZADO;;;-;Sudeste;BACKLOG 22.06_23.07
20/07/2026;18/07/2026;260718-000015;EXTRAVIO ;JORLAN (BARAO H. DE MELO);J66;BELO HORIZONTE;MG;716904;SCB01;XD DIADEMA;14446101;9024147/--/9024148;SIM;NOTIFICAÇÃO ENVIADA VIA PLANILHA POR CONTA DA ALTA DEMANDA;CARTA ENVIADA;24/07/2026;NÃO LOCALIZADO;FINALIZADO;FINALIZADO;;;-;Sudeste;BACKLOG 22.06_23.07
20/07/2026;18/07/2026;260718-000016;EXTRAVIO ;JORLAN (BARAO H. DE MELO);J66;BELO HORIZONTE;MG;715355;SCB01;XD DIADEMA;14435716;8947215;SIM;NOTIFICAÇÃO ENVIADA VIA PLANILHA POR CONTA DA ALTA DEMANDA;CARTA ENVIADA;24/07/2026;NÃO LOCALIZADO;FINALIZADO;FINALIZADO;;;-;Sudeste;BACKLOG 22.06_23.07
20/07/2026;18/07/2026;260718-000018;EXTRAVIO ;JORLAN (BARAO H. DE MELO);J66;BELO HORIZONTE;MG;715355;SCB01;XD DIADEMA;14436107;8956777;SIM;NOTIFICAÇÃO ENVIADA VIA PLANILHA POR CONTA DA ALTA DEMANDA;CARTA ENVIADA;24/07/2026;NÃO LOCALIZADO;FINALIZADO;FINALIZADO;;;-;Sudeste;BACKLOG 22.06_23.07
20/07/2026;18/07/2026;260718-000019;EXTRAVIO ;JORLAN (BARAO H. DE MELO);J66;BELO HORIZONTE;MG;715355;SCB01;XD DIADEMA;14436110;8956777;SIM;NOTIFICAÇÃO ENVIADA VIA PLANILHA POR CONTA DA ALTA DEMANDA;CARTA ENVIADA;24/07/2026;NÃO LOCALIZADO;FINALIZADO;FINALIZADO;;;-;Sudeste;BACKLOG 22.06_23.07
20/07/2026;18/07/2026;260718-000020;EXTRAVIO ;JORLAN (BARAO H. DE MELO);J66;BELO HORIZONTE;MG;715355;SCB01;XD DIADEMA;14435717;8946987;SIM;NOTIFICAÇÃO ENVIADA VIA PLANILHA POR CONTA DA ALTA DEMANDA;CARTA ENVIADA;24/07/2026;NÃO LOCALIZADO;FINALIZADO;FINALIZADO;;;-;Sudeste;BACKLOG 22.06_23.07
20/07/2026;18/07/2026;260718-000021;EXTRAVIO ;JORLAN (BARAO H. DE MELO);J66;BELO HORIZONTE;MG;715355;SCB01;XD DIADEMA;14435752;8947030;SIM;NOTIFICAÇÃO ENVIADA VIA PLANILHA POR CONTA DA ALTA DEMANDA;CARTA ENVIADA;24/07/2026;NÃO LOCALIZADO;FINALIZADO;FINALIZADO;;;-;Sudeste;BACKLOG 22.06_23.07
17/07/2026;18/07/2026;260718-000026;EXTRAVIO ;PLANETA (PARACATU);P08;PARACATU;MG;713710;SCB01;XD DIADEMA;14420210;8887937;SIM;NOTIFICAÇÃO ENVIADA VIA PLANILHA POR CONTA DA ALTA DEMANDA;CARTA ENVIADA;24/07/2026;NÃO LOCALIZADO;FINALIZADO;FINALIZADO;;;-;Sudeste;BACKLOG 22.06_23.07
17/07/2026;18/07/2026;260718-000030;EXTRAVIO ;PLANETA (PARACATU);P08;PARACATU;MG;713710;SCB01;XD DIADEMA;14420211;887937;SIM;NOTIFICAÇÃO ENVIADA VIA PLANILHA POR CONTA DA ALTA DEMANDA;CARTA ENVIADA;24/07/2026;NÃO LOCALIZADO;FINALIZADO;FINALIZADO;;;-;Sudeste;BACKLOG 22.06_23.07
17/07/2026;18/07/2026;260718-000053;EXTRAVIO ;ACCIOLY BARAO DE LIMEIRA;A50;RIO DE JANEIRO;RJ;719080;SCB01;XD DIADEMA;14464611/014476130/;9117964/&/86020449;SIM;NOTIFICAÇÃO ENVIADA VIA PLANILHA POR CONTA DA ALTA DEMANDA;CARTA ENVIADA;24/07/2026;NÃO LOCALIZADO;FINALIZADO;FINALIZADO;;;-;Sudeste;BACKLOG 22.06_23.07
16/07/2026;18/07/2026;260718-000086;EXTRAVIO ;MCV (CARATINGA);C78;CARATINGA;MG;713702;SCB01;XD DIADEMA;14419726/14419727/14419935/14419915/;8888005/8809056/8891913;SIM;NOTIFICAÇÃO ENVIADA VIA PLANILHA POR CONTA DA ALTA DEMANDA;CARTA ENVIADA;24/07/2026;NÃO LOCALIZADO;FINALIZADO;FINALIZADO;;;-;Sudeste;BACKLOG 22.06_23.07
13/07/2026;18/07/2026;260718-000115;EXTRAVIO ;ORCA (BRASILIA);O28;BRASILIA;DF;717753;SCB01;XD DIADEMA;14455325;9057271;SIM;NOTIFICAÇÃO ENVIADA VIA PLANILHA POR CONTA DA ALTA DEMANDA;CARTA ENVIADA;24/07/2026;NÃO LOCALIZADO;FINALIZADO;FINALIZADO;;;-;CO;BACKLOG 22.06_23.07
09/07/2026;18/07/2026;260718-000117;EXTRAVIO ;ORCA (BRASILIA);O28;BRASILIA;DF;716255;SCB01;XD DIADEMA;14440928;87006675;SIM;NOTIFICAÇÃO ENVIADA VIA PLANILHA POR CONTA DA ALTA DEMANDA;CARTA ENVIADA;24/07/2026;NÃO LOCALIZADO;FINALIZADO;FINALIZADO;;;-;CO;BACKLOG 22.06_23.07
09/07/2026;18/07/2026;260718-000119;EXTRAVIO ;ORCA (BRASILIA);O28;BRASILIA;DF;716255;SCB01;XD DIADEMA;14440932;87006675;SIM;NOTIFICAÇÃO ENVIADA VIA PLANILHA POR CONTA DA ALTA DEMANDA;CARTA ENVIADA;24/07/2026;NÃO LOCALIZADO;FINALIZADO;FINALIZADO;;;-;CO;BACKLOG 22.06_23.07
06/07/2026;18/07/2026;260718-000123;EXTRAVIO ;ORCA (BRASILIA);O28;BRASILIA;DF;716655;SCB01;RIO VERMELHO;14445130;9022241;SIM;NOTIFICAÇÃO ENVIADA VIA PLANILHA POR CONTA DA ALTA DEMANDA;CARTA ENVIADA;24/07/2026;NÃO LOCALIZADO;FINALIZADO;FINALIZADO;;;-;CO;BACKLOG 22.06_23.07
06/07/2026;18/07/2026;260718-000124;EXTRAVIO ;ORCA (BRASILIA);O28;BRASILIA;DF;716655;SCB01;RIO VERMELHO;14445503;9022278;SIM;NOTIFICAÇÃO ENVIADA VIA PLANILHA POR CONTA DA ALTA DEMANDA;CARTA ENVIADA;24/07/2026;NÃO LOCALIZADO;FINALIZADO;FINALIZADO;;;-;CO;BACKLOG 22.06_23.07
06/07/2026;18/07/2026;260718-000126;EXTRAVIO ;ORCA (BRASILIA);O28;BRASILIA;DF;716655;SCB01;RIO VERMELHO;14422462;8906609;SIM;NOTIFICAÇÃO ENVIADA VIA PLANILHA POR CONTA DA ALTA DEMANDA;CARTA ENVIADA;24/07/2026;NÃO LOCALIZADO;FINALIZADO;FINALIZADO;;;-;CO;BACKLOG 22.06_23.07
01/07/2026;18/07/2026;260718-000128;EXTRAVIO ;ORCA (BRASILIA);O28;BRASILIA;DF;712420;SCB01;XD DIADEMA;14405166;8614285/8614286/8614287;SIM;NOTIFICAÇÃO ENVIADA VIA PLANILHA POR CONTA DA ALTA DEMANDA;CARTA ENVIADA;24/07/2026;NÃO LOCALIZADO;FINALIZADO;FINALIZADO;;;-;CO;BACKLOG 22.06_23.07
14/07/2026;18/07/2026;260718-000130;EXTRAVIO ;ACCIOLY BARAO DE LIMEIRA;A50;BELO HORIZONTE;MG;716437;SCB01;XD MINAS;14443230;Total;SIM;NOTIFICAÇÃO ENVIADA VIA PLANILHA POR CONTA DA ALTA DEMANDA;CARTA ENVIADA;24/07/2026;NÃO LOCALIZADO;FINALIZADO;FINALIZADO;;;-;Sudeste;BACKLOG 22.06_23.07
16/07/2026;27/08/2026;260827-000363;EXTRAVIO ;CICAL (RIBEIRAO PRETO);D96;RIBEIRAO PRETO;SP;714214;SCB01;OPERAÇÃO SOR;"14424321 - 14426775 - 14426775 - 14427036 - 14427036 - 14427036 - 14427036 - 14427036 - 14427036 - 14436841 -14434806 - 14432373 -14408434 - 
14408434 - 14408434 - 14429680 - 14418454 - 14389939 -14431622 -14436371 - 14414664 - 14418073 - 14419914 - 14419916 - 14419918 - 14418707 - 14418709 - 14418713 - 14442794 - 14432144 - 14442652 - 14443055 - 14426048,- 14426054 - 14426052 - 14426997 - 14428490 - 14408728 - 14408492 - 14410968 -14410419 - 14410974 - 14419920 - 14419921 - 14418699 - 14418704 - 14418724 - 14418709 - 14418707 - 14418704 - 14415922 - 14419539 - 14418467 - 14418509 - 14421429 - 14420256 - 14421427 - 14422430 - 14421985 - 14422406 - 14421917 - 14421981 - 
14427558 - 14421952 - 14427637 - 14428329 - 14427003 - 14426052 - 14426672 - 14421674 - 14423663 - 14426321 - 14422167 - 14427896 - 14427163 - 14428180 - 
14425894 - 14427001 - 14426313 - 14422325 - 14431623 - 14438676 - 14409058 - 14443083 - 14443406 - 14442878 - 14443081 - 14442515 - 14443412 - 14443407 - 
14443239 - 14350566 - 14389939 - 14393056 - 14436750 - 14436841";"8906456 - 8925051 - 8925052 - 8917967 - 8917968 - 8917969 - 8917970 - 8917972 - 8917977 - 8912669 - 8019976 -80276699 - 8855627 - 8855628 - 8855629 - 8917742 - 8883714 - 8883715 - 8883716 - 8883717 - 88837126 - 88837127 -8775604 -
-8938892 - 8938893 - 8942026 - 8855670 - 88905504 - 8884168 - 8884179 - 9014678 - 8942369 - 8942401 - 9644668 - 8776180- 8918355 - 8917771 - 8918462 - 8855013 - 8855014 -8855012 - 8855011 - 8855071 - 8855082 - 8855070 - 8855069 - 8855695 - 8855582 - 87006278 - 8883599 - 87002347 - 8883637 - 8884179 - 87002347 - 8855671 - 8884153 - 8884057 - 8855083, 8855084, 8855085, 8855086, 8855087 - 8898750 - 8884197 - 8899275 - 8899180, 8899181 - 8898850, 8898854 - 8898885 - 8899158, 8899159, 8899154 - 8898742, 8899259 - 7917955 - 8899363 - 8917945 - 8918252, 8918253 - 8918420 - 8918355 - 8918395, 8918405, 8918406 - 8899354 - 8677768, 8677769  - 8917752 - 8707910, 8707911, 8707912, 8707912, 8707913 - 8917848 - 8917778 - 8918187, 8918200, 8918201, 8918202 - 8898759 - 8917772, 8917773 - 8615208 - 8906651 - 8939140 - 8994269 - 8855556, 8855557 - 8854835, 8854836, 8854837 - 8678060, 8678061, 8678062, 8678063  - 8943368 - 8808504 - 9014570 - 8820875 - 8821019 - 80298730 - 8791195, 8791196, 8791198, 8791199, 8791205 - 8943382 - 8942669";SIM;NOTIFICAÇÃO ENVIADA VIA PLANILHA POR CONTA DA ALTA DEMANDA;ENVIAR CARTA;03/09/2026;EM ANDAMENTO;PENDENTE;FORA DO PRAZO;;;6 - 10 Dias;Sudeste;BACKLOG 22.06_23.07
10/07/2026;18/07/2026;260718-000133;EXTRAVIO ;ACCIOLY BARAO DE LIMEIRA;A50;BELO HORIZONTE;MG;715549;SCB01;XD MINAS;14437337;Total;SIM;NOTIFICAÇÃO ENVIADA VIA PLANILHA POR CONTA DA ALTA DEMANDA;CARTA ENVIADA;24/07/2026;NÃO LOCALIZADO;FINALIZADO;FINALIZADO;;;-;Sudeste;BACKLOG 22.06_23.07
20/07/2026;18/07/2026;260718-000135;EXTRAVIO ;ACCIOLY BARAO DE LIMEIRA;A50;BELO HORIZONTE;MG;717065;SCB01;XD MINAS;14447940;Total;SIM;NOTIFICAÇÃO ENVIADA VIA PLANILHA POR CONTA DA ALTA DEMANDA;CARTA ENVIADA;24/07/2026;NÃO LOCALIZADO;FINALIZADO;FINALIZADO;;;-;Sudeste;BACKLOG 22.06_23.07
10/07/2026;18/07/2026;260718-000136;EXTRAVIO ;ACCIOLY BARAO DE LIMEIRA;A50;BELO HORIZONTE;MG;715990;SCB01;XD DIADEMA;14405932;Total;SIM;NOTIFICAÇÃO ENVIADA VIA PLANILHA POR CONTA DA ALTA DEMANDA;CARTA ENVIADA;24/07/2026;NÃO LOCALIZADO;FINALIZADO;FINALIZADO;;;-;Sudeste;BACKLOG 22.06_23.07
16/07/2026;20/07/2026;260720-000008;EXTRAVIO ;PIANNA (LINHARES);J67;LINHARES;ES;715134;SCB01;XD DIADEMA;14429743;8918761;SIM;NOTIFICAÇÃO ENVIADA VIA PLANILHA POR CONTA DA ALTA DEMANDA;CARTA ENVIADA;27/07/2026;NÃO LOCALIZADO;FINALIZADO;FINALIZADO;;;-;Sudeste;BACKLOG 22.06_23.07
15/07/2026;20/07/2026;260720-000018;EXTRAVIO ;ATLAS (JABOTICABAL);F60;JABOTICABAL;SP;717197;SCB01;ALFA;14428485;14428485;SIM;NOTIFICAÇÃO ENVIADA VIA PLANILHA POR CONTA DA ALTA DEMANDA;CARTA ENVIADA;27/07/2026;NÃO LOCALIZADO;FINALIZADO;FINALIZADO;;;-;Sudeste;BACKLOG 22.06_23.07
01/07/2026;20/07/2026;260720-000024;EXTRAVIO ;ATLAS (JABOTICABAL);F60;JABOTICABAL;SP;712460;SCB01;ALFA;14404597/e/14407276/;Total;SIM;NOTIFICAÇÃO ENVIADA VIA PLANILHA POR CONTA DA ALTA DEMANDA;CARTA ENVIADA;27/07/2026;NÃO LOCALIZADO;FINALIZADO;FINALIZADO;;;-;Sudeste;BACKLOG 22.06_23.07
01/07/2026;20/07/2026;260720-000031;EXTRAVIO ;ATLAS (JABOTICABAL);F60;JABOTICABAL;SP;714358;SCB01;ALFA;14418371/14422813/14422587/14420472/14422814;Total;SIM;NOTIFICAÇÃO ENVIADA VIA PLANILHA POR CONTA DA ALTA DEMANDA;CARTA ENVIADA;27/07/2026;NÃO LOCALIZADO;FINALIZADO;FINALIZADO;;;-;Sudeste;BACKLOG 22.06_23.07
17/07/2026;20/07/2026;260720-000037;EXTRAVIO ;CIVESA;C20;ARARAS;SP;718347;SCB01;ALFA;14462725;9074874;SIM;NOTIFICAÇÃO ENVIADA VIA PLANILHA POR CONTA DA ALTA DEMANDA;CARTA ENVIADA;27/07/2026;NÃO LOCALIZADO;FINALIZADO;FINALIZADO;;;-;Sudeste;BACKLOG 22.06_23.07
24/07/2026;20/07/2026;260720-000048;EXTRAVIO ;LUCIVEL (CERES);M99;CERES;GO;717290;SCB01;RIO VERMELHO;14453395;9046886;SIM;NOTIFICAÇÃO ENVIADA VIA PLANILHA POR CONTA DA ALTA DEMANDA;CARTA ENVIADA;27/07/2026;NÃO LOCALIZADO;FINALIZADO;FINALIZADO;;;-;CO;BACKLOG 22.06_23.07
17/07/2026;20/07/2026;260720-000062;EXTRAVIO ;AUTUS (AFONSO PENA);X44;PATOS DE MINAS;MG;715157;SCB01;XD DIADEMA;14435283;8956816;SIM;NOTIFICAÇÃO ENVIADA VIA PLANILHA POR CONTA DA ALTA DEMANDA;FINALIZADO COMO RESOLVIDO;27/07/2026;LOCALIZADO;FINALIZADO;FINALIZADO;;;-;Sudeste;BACKLOG 22.06_23.07
03/07/2026;20/07/2026;260720-000082;EXTRAVIO ;AUTUS (AFONSO PENA);X44;PATOS DE MINAS;MG;713495;SCB01;XD DIADEMA;14413428;87006029;SIM;NOTIFICAÇÃO ENVIADA VIA PLANILHA POR CONTA DA ALTA DEMANDA;CARTA ENVIADA;27/07/2026;NÃO LOCALIZADO;FINALIZADO;FINALIZADO;;;-;Sudeste;BACKLOG 22.06_23.07
20/07/2026;20/07/2026;260720-000101;EXTRAVIO ;PLANETA (BRASILIA);S28;BRASILIA;DF;718645;SCB01;XD DIADEMA;14469186;9100412;SIM;NOTIFICAÇÃO ENVIADA VIA PLANILHA POR CONTA DA ALTA DEMANDA;CARTA ENVIADA;27/07/2026;NÃO LOCALIZADO;FINALIZADO;FINALIZADO;;;-;CO;BACKLOG 22.06_23.07
17/07/2026;20/07/2026;260720-000127;EXTRAVIO ;GUIAUTO (IPATINGA);D03;PONTE NOVA;MG;714001;SCB01;XD DIADEMA;14423511/14423512;8890548/8901915;SIM;NOTIFICAÇÃO ENVIADA VIA PLANILHA POR CONTA DA ALTA DEMANDA;CARTA ENVIADA;27/07/2026;NÃO LOCALIZADO;FINALIZADO;FINALIZADO;;;-;Sudeste;BACKLOG 22.06_23.07
17/07/2026;20/07/2026;260720-000141;EXTRAVIO ;ORCA (BRASILIA);O28;BRASILIA;DF;718642;SCB01;RIO VERMELHO;14454530;9057164;SIM;NOTIFICAÇÃO ENVIADA VIA PLANILHA POR CONTA DA ALTA DEMANDA;CARTA ENVIADA;27/07/2026;NÃO LOCALIZADO;FINALIZADO;FINALIZADO;;;-;CO;BACKLOG 22.06_23.07
17/07/2026;20/07/2026;260720-000144;EXTRAVIO ;AUTUS (AFONSO PENA);X44;PATROCINIO;MG;715159;SCB01;XD DIADEMA;14435290;8956815;SIM;NOTIFICAÇÃO ENVIADA VIA PLANILHA POR CONTA DA ALTA DEMANDA;FINALIZADO COMO RESOLVIDO;27/07/2026;LOCALIZADO;FINALIZADO;FINALIZADO;;;-;Sudeste;BACKLOG 22.06_23.07
10/07/2026;20/07/2026;260720-000173;EXTRAVIO ;CAPRICHO (SAO JOSE DOS CAMPOS);C71;SAO JOSE DOS CAMPOS;SP;714429;SCB01;XD DIADEMA;14427943;8920620;SIM;NOTIFICAÇÃO ENVIADA VIA PLANILHA POR CONTA DA ALTA DEMANDA;CARTA ENVIADA;27/07/2026;NÃO LOCALIZADO;FINALIZADO;FINALIZADO;;;-;Sudeste;BACKLOG 22.06_23.07
20/07/2026;20/07/2026;260720-000182;EXTRAVIO ;PIANNA (LINHARES);J67;LINHARES;ES;711294;SCB01;XD DIADEMA;14356711;8638492;SIM;NOTIFICAÇÃO ENVIADA VIA PLANILHA POR CONTA DA ALTA DEMANDA;CARTA ENVIADA;27/07/2026;NÃO LOCALIZADO;FINALIZADO;FINALIZADO;;;-;Sudeste;NORMAL
17/07/2026;20/07/2026;260720-000185;EXTRAVIO ;AUTUS (AFONSO PENA);X44;PATOS DE MINAS;MG;715801;SCB01;XD DIADEMA;14437995/14440360/;8989564/8992049;SIM;NOTIFICAÇÃO ENVIADA VIA PLANILHA POR CONTA DA ALTA DEMANDA;CARTA ENVIADA;27/07/2026;NÃO LOCALIZADO;FINALIZADO;FINALIZADO;;;-;Sudeste;BACKLOG 22.06_23.07
10/07/2026;20/07/2026;260720-000188;EXTRAVIO ;CAPRICHO (SAO JOSE DOS CAMPOS);C71;SAO JOSE DOS CAMPOS;SP;716094;SCB01;XD DIADEMA;14436621;8982930;SIM;NOTIFICAÇÃO ENVIADA VIA PLANILHA POR CONTA DA ALTA DEMANDA;CARTA ENVIADA;27/07/2026;NÃO LOCALIZADO;FINALIZADO;FINALIZADO;;;-;Sudeste;BACKLOG 22.06_23.07
16/07/2026;20/07/2026;260720-000191;EXTRAVIO ;NOVA (RIBEIRAO PRETO);N17;RIBEIRAO PRETO;SP;715027;SCB01;XD DIADEMA;14428464;8917983;SIM;NOTIFICAÇÃO ENVIADA VIA PLANILHA POR CONTA DA ALTA DEMANDA;CARTA ENVIADA;27/07/2026;NÃO LOCALIZADO;FINALIZADO;FINALIZADO;;;-;Sudeste;BACKLOG 22.06_23.07
17/07/2026;20/07/2026;260720-000194;EXTRAVIO ;AUTUS (AFONSO PENA);X44;PATOS DE MINAS;MG;713650;SCB01;XD DIADEMA;14419885/14420142/14419940/;8887780/8887282/8888131/;SIM;NOTIFICAÇÃO ENVIADA VIA PLANILHA POR CONTA DA ALTA DEMANDA;CARTA ENVIADA;27/07/2026;NÃO LOCALIZADO;FINALIZADO;FINALIZADO;;;-;Sudeste;BACKLOG 22.06_23.07
16/07/2026;20/07/2026;260720-000196;EXTRAVIO ;NOVA (RIBEIRAO PRETO);N17;RIBEIRAO PRETO;SP;715027;SCB01;XD DIADEMA;14432074;8943276;SIM;NOTIFICAÇÃO ENVIADA VIA PLANILHA POR CONTA DA ALTA DEMANDA;CARTA ENVIADA;27/07/2026;NÃO LOCALIZADO;FINALIZADO;FINALIZADO;;;-;Sudeste;BACKLOG 22.06_23.07
16/07/2026;20/07/2026;260720-000198;EXTRAVIO ;NOVA (RIBEIRAO PRETO);N17;RIBEIRAO PRETO;SP;715027;SCB01;XD DIADEMA;14428465;8917983;SIM;NOTIFICAÇÃO ENVIADA VIA PLANILHA POR CONTA DA ALTA DEMANDA;CARTA ENVIADA;27/07/2026;NÃO LOCALIZADO;FINALIZADO;FINALIZADO;;;-;Sudeste;BACKLOG 22.06_23.07
17/07/2026;20/07/2026;260720-000221;EXTRAVIO ;AUTUS (AFONSO PENA);X44;PATROCINIO;MG;715422;SCB01;XD DIADEMA;14437423;8989465;SIM;NOTIFICAÇÃO ENVIADA VIA PLANILHA POR CONTA DA ALTA DEMANDA;CARTA ENVIADA;27/07/2026;NÃO LOCALIZADO;FINALIZADO;FINALIZADO;;;-;Sudeste;BACKLOG 22.06_23.07
20/07/2026;20/07/2026;260720-000274;EXTRAVIO ;SULPAVE;S54;REGISTRO;SP;719003;SCB01;XD DIADEMA;14472783;9114874;SIM;NOTIFICAÇÃO ENVIADA VIA PLANILHA POR CONTA DA ALTA DEMANDA;CARTA ENVIADA;27/07/2026;NÃO LOCALIZADO;FINALIZADO;FINALIZADO;;;-;Sudeste;BACKLOG 22.06_23.07
20/07/2026;20/07/2026;260720-000275;EXTRAVIO ;SULPAVE;S54;REGISTRO;SP;719003;SCB01;XD DIADEMA;14475639;9077647;SIM;NOTIFICAÇÃO ENVIADA VIA PLANILHA POR CONTA DA ALTA DEMANDA;CARTA ENVIADA;27/07/2026;NÃO LOCALIZADO;FINALIZADO;FINALIZADO;;;-;Sudeste;BACKLOG 22.06_23.07
20/07/2026;20/07/2026;260720-000278;EXTRAVIO ;SULPAVE;S54;REGISTRO;SP;719003;SCB01;XD DIADEMA;14470311;9077164;SIM;NOTIFICAÇÃO ENVIADA VIA PLANILHA POR CONTA DA ALTA DEMANDA;CARTA ENVIADA;27/07/2026;NÃO LOCALIZADO;FINALIZADO;FINALIZADO;;;-;Sudeste;BACKLOG 22.06_23.07
20/07/2026;20/07/2026;260720-000430;EXTRAVIO ;ABSOLUTA (SANTOS);J07;PRAIA GRANDE;SP;719492;SCB01;XD DIADEMA;14479997/14472859/14475776/14473091;9114753/9123987/9114702/9115049/9115051/9115052/9115053/9115054/9115055/9115057/9115058/9115063;SIM;NOTIFICAÇÃO ENVIADA VIA PLANILHA POR CONTA DA ALTA DEMANDA;CARTA ENVIADA;27/07/2026;NÃO LOCALIZADO;FINALIZADO;FINALIZADO;;;-;Sudeste;BACKLOG 22.06_23.07
17/07/2026;20/07/2026;260720-000427;EXTRAVIO ;AUTUS (AFONSO PENA);X44;Uberaba;MG;715802;SCB01;XD DIADEMA;14438049/14438762/;8990717/8990619;SIM;NOTIFICAÇÃO ENVIADA VIA PLANILHA POR CONTA DA ALTA DEMANDA;CARTA ENVIADA;27/07/2026;NÃO LOCALIZADO;FINALIZADO;FINALIZADO;;;-;Sudeste;BACKLOG 22.06_23.07
17/07/2026;20/07/2026;260720-000422;EXTRAVIO ;AUTUS (AFONSO PENA);X44;Uberaba;MG;715423;SCB01;CAMILO;14437420;8989467/8989499;SIM;NOTIFICAÇÃO ENVIADA VIA PLANILHA POR CONTA DA ALTA DEMANDA;CARTA ENVIADA;27/07/2026;NÃO LOCALIZADO;FINALIZADO;FINALIZADO;;;-;Sudeste;BACKLOG 22.06_23.07
16/07/2026;20/07/2026;260720-000415;EXTRAVIO ;AUTUS (AFONSO PENA);X44;Uberaba;MG;713975;SCB01;XD DIADEMA;14418335;87006703;SIM;NOTIFICAÇÃO ENVIADA VIA PLANILHA POR CONTA DA ALTA DEMANDA;CARTA ENVIADA;27/07/2026;NÃO LOCALIZADO;FINALIZADO;FINALIZADO;;;-;Sudeste;BACKLOG 22.06_23.07
16/07/2026;20/07/2026;260720-000407;EXTRAVIO ;AUTUS (AFONSO PENA);X44;Uberaba;MG;713652;SCB01;CAMILO;/14419819/1441982/14419901/14419902/;8887781/8887966;SIM;NOTIFICAÇÃO ENVIADA VIA PLANILHA POR CONTA DA ALTA DEMANDA;FINALIZADO COMO RESOLVIDO;27/07/2026;LOCALIZADO;FINALIZADO;FINALIZADO;;;-;Sudeste;BACKLOG 22.06_23.07
01/07/2026;20/07/2026;260720-000358;EXTRAVIO ;PROESTE (BOTUCATU);R69;Botucatu;SP;714388;SCB01;ALFA;14428377/14422466/14428378/14422811/14428379/14428380/14418516/;8917662/8881062/8917662/8917662/8898033/8917662/8906599;SIM;NOTIFICAÇÃO ENVIADA VIA PLANILHA POR CONTA DA ALTA DEMANDA;CARTA ENVIADA;27/07/2026;NÃO LOCALIZADO;FINALIZADO;FINALIZADO;;;-;Sudeste;BACKLOG 22.06_23.07
20/07/2026;20/07/2026;260720-000333;EXTRAVIO ;LIDER (RECREIO);L45;Rio de Janeiro;RJ;719132;SCB01;CAMILO;14472310;9109568;SIM;NOTIFICAÇÃO ENVIADA VIA PLANILHA POR CONTA DA ALTA DEMANDA;CARTA ENVIADA;27/07/2026;NÃO LOCALIZADO;FINALIZADO;FINALIZADO;;;-;Sudeste;BACKLOG 22.06_23.07
15/07/2026;20/07/2026;260720-000293;EXTRAVIO ;NOVA (BELEM) - PECAS;N43;Sao Bernardo do Campo;SP;717125;SCB01;XD DIADEMA;14451097;9037652;SIM;NOTIFICAÇÃO ENVIADA VIA PLANILHA POR CONTA DA ALTA DEMANDA;CARTA ENVIADA;27/07/2026;NÃO LOCALIZADO;FINALIZADO;FINALIZADO;;;-;Sudeste;BACKLOG 22.06_23.07
20/07/2026;20/07/2026;260720-000283;EXTRAVIO ;SULPAVE;S54;REGISTRO;SP;719662;SCB01;XD DIADEMA;14482347;9143943;SIM;NOTIFICAÇÃO ENVIADA VIA PLANILHA POR CONTA DA ALTA DEMANDA;CARTA ENVIADA;27/07/2026;NÃO LOCALIZADO;FINALIZADO;FINALIZADO;;;-;Sudeste;BACKLOG 22.06_23.07
20/07/2026;20/07/2026;260720-000282;EXTRAVIO ;SULPAVE;S54;REGISTRO;SP;719662;SCB01;XD DIADEMA;14482369;9144521;SIM;NOTIFICAÇÃO ENVIADA VIA PLANILHA POR CONTA DA ALTA DEMANDA;CARTA ENVIADA;27/07/2026;NÃO LOCALIZADO;FINALIZADO;FINALIZADO;;;-;Sudeste;BACKLOG 22.06_23.07
20/07/2026;20/07/2026;260720-000280;EXTRAVIO ;SULPAVE;S54;REGISTRO;SP;719662;SCB01;XD DIADEMA;14478786;9112698;SIM;NOTIFICAÇÃO ENVIADA VIA PLANILHA POR CONTA DA ALTA DEMANDA;CARTA ENVIADA;27/07/2026;NÃO LOCALIZADO;FINALIZADO;FINALIZADO;;;-;Sudeste;BACKLOG 22.06_23.07
17/07/2026;21/07/2026;260721-000535;EXTRAVIO ;NOVA (RIBEIRAO PRETO);N17;RIBEIRAO PRETO;SP;715375;SCB01;XD DIADEMA;14437314;8987016/8987017/8987018;SIM;NOTIFICAÇÃO ENVIADA VIA PLANILHA POR CONTA DA ALTA DEMANDA;CARTA ENVIADA;28/07/2026;NÃO LOCALIZADO;FINALIZADO;FINALIZADO;;;-;Sudeste;BACKLOG 22.06_23.07
17/07/2026;21/07/2026;260721-000532;EXTRAVIO ;NOVA (RIBEIRAO PRETO);N17;RIBEIRAO PRETO;SP;715375;SCB01;XD DIADEMA;14435152;8983006;SIM;NOTIFICAÇÃO ENVIADA VIA PLANILHA POR CONTA DA ALTA DEMANDA;CARTA ENVIADA;28/07/2026;NÃO LOCALIZADO;FINALIZADO;FINALIZADO;;;-;Sudeste;BACKLOG 22.06_23.07
20/07/2026;21/07/2026;260721-000529;EXTRAVIO ;SPASSUS;S66;JUNDIAI;SP;719661;SCB01;XD DIADEMA;14483016;9144379;SIM;NOTIFICAÇÃO ENVIADA VIA PLANILHA POR CONTA DA ALTA DEMANDA;CARTA ENVIADA;28/07/2026;NÃO LOCALIZADO;FINALIZADO;FINALIZADO;;;-;Sudeste;BACKLOG 22.06_23.07
20/07/2026;21/07/2026;260721-000528;EXTRAVIO ;SPASSUS;S66;JUNDIAI;SP;719661;SCB01;XD DIADEMA;14482350;9144042/9144345;SIM;NOTIFICAÇÃO ENVIADA VIA PLANILHA POR CONTA DA ALTA DEMANDA;CARTA ENVIADA;28/07/2026;NÃO LOCALIZADO;FINALIZADO;FINALIZADO;;;-;Sudeste;BACKLOG 22.06_23.07
21/07/2026;21/07/2026;260721-000526;EXTRAVIO ;SULPAVE;S54;REGISTRO;SP;718772;SCB01;XD DIADEMA;14472825;9114660;SIM;NOTIFICAÇÃO ENVIADA VIA PLANILHA POR CONTA DA ALTA DEMANDA;CARTA ENVIADA;28/07/2026;NÃO LOCALIZADO;FINALIZADO;FINALIZADO;;;-;Sudeste;BACKLOG 22.06_23.07
21/07/2026;21/07/2026;260721-000523;EXTRAVIO ;SULPAVE;S54;REGISTRO;SP;718772;SCB01;XD DIADEMA;14472826;9114660;SIM;NOTIFICAÇÃO ENVIADA VIA PLANILHA POR CONTA DA ALTA DEMANDA;CARTA ENVIADA;28/07/2026;NÃO LOCALIZADO;FINALIZADO;FINALIZADO;;;-;Sudeste;BACKLOG 22.06_23.07
20/07/2026;21/07/2026;260721-000522;EXTRAVIO ;SPASSUS;S66;JUNDIAI;SP;719002;SCB01;XD DIADEMA;14473146;9115093;SIM;NOTIFICAÇÃO ENVIADA VIA PLANILHA POR CONTA DA ALTA DEMANDA;CARTA ENVIADA;28/07/2026;NÃO LOCALIZADO;FINALIZADO;FINALIZADO;;;-;Sudeste;BACKLOG 22.06_23.07
16/07/2026;21/07/2026;260721-000521;EXTRAVIO ;NOVA (RIBEIRAO PRETO);N17;RIBEIRAO PRETO;SP;714994;SCB01;XD DIADEMA;14432145;892416;SIM;NOTIFICAÇÃO ENVIADA VIA PLANILHA POR CONTA DA ALTA DEMANDA;CARTA ENVIADA;28/07/2026;NÃO LOCALIZADO;FINALIZADO;FINALIZADO;;;-;Sudeste;BACKLOG 22.06_23.07
20/07/2026;21/07/2026;260721-000519;EXTRAVIO ;SPASSUS;S66;JUNDIAI;SP;719002;SCB01;XD DIADEMA;14472801;9114885;SIM;NOTIFICAÇÃO ENVIADA VIA PLANILHA POR CONTA DA ALTA DEMANDA;CARTA ENVIADA;28/07/2026;NÃO LOCALIZADO;FINALIZADO;FINALIZADO;;;-;Sudeste;BACKLOG 22.06_23.07
21/07/2026;21/07/2026;260721-000518;EXTRAVIO ;SULPAVE;S54;REGISTRO;SP;718772;SCB01;XD DIADEMA;14472827;9114660;SIM;NOTIFICAÇÃO ENVIADA VIA PLANILHA POR CONTA DA ALTA DEMANDA;CARTA ENVIADA;28/07/2026;NÃO LOCALIZADO;FINALIZADO;FINALIZADO;;;-;Sudeste;BACKLOG 22.06_23.07
20/07/2026;21/07/2026;260721-000516;EXTRAVIO ;SPASSUS;S66;JUNDIAI;SP;719002;SCB01;XD DIADEMA;14472952;9114839/9114840;SIM;NOTIFICAÇÃO ENVIADA VIA PLANILHA POR CONTA DA ALTA DEMANDA;CARTA ENVIADA;28/07/2026;NÃO LOCALIZADO;FINALIZADO;FINALIZADO;;;-;Sudeste;BACKLOG 22.06_23.07
16/07/2026;21/07/2026;260721-000513;EXTRAVIO ;NOVA (RIBEIRAO PRETO);N17;RIBEIRAO PRETO;SP;714994;SCB01;XD DIADEMA;14432208;892729;SIM;NOTIFICAÇÃO ENVIADA VIA PLANILHA POR CONTA DA ALTA DEMANDA;CARTA ENVIADA;28/07/2026;NÃO LOCALIZADO;FINALIZADO;FINALIZADO;;;-;Sudeste;BACKLOG 22.06_23.07
21/07/2026;21/07/2026;260721-000512;EXTRAVIO ;SULPAVE;S54;REGISTRO;SP;718772;SCB01;XD DIADEMA;14468697;9090961;SIM;NOTIFICAÇÃO ENVIADA VIA PLANILHA POR CONTA DA ALTA DEMANDA;CARTA ENVIADA;28/07/2026;NÃO LOCALIZADO;FINALIZADO;FINALIZADO;;;-;Sudeste;BACKLOG 22.06_23.07
20/07/2026;21/07/2026;260721-000511;EXTRAVIO ;SPASSUS;S66;JUNDIAI;SP;719002;SCB01;XD DIADEMA;14472751;9114715;SIM;NOTIFICAÇÃO ENVIADA VIA PLANILHA POR CONTA DA ALTA DEMANDA;CARTA ENVIADA;28/07/2026;NÃO LOCALIZADO;FINALIZADO;FINALIZADO;;;-;Sudeste;BACKLOG 22.06_23.07
21/07/2026;21/07/2026;260721-000508;EXTRAVIO ;SULPAVE;S54;REGISTRO;SP;718772;SCB01;XD DIADEMA;14468696;9090961;SIM;NOTIFICAÇÃO ENVIADA VIA PLANILHA POR CONTA DA ALTA DEMANDA;CARTA ENVIADA;28/07/2026;NÃO LOCALIZADO;FINALIZADO;FINALIZADO;;;-;Sudeste;BACKLOG 22.06_23.07
21/07/2026;21/07/2026;260721-000507;EXTRAVIO ;SPASSUS;S66;JUNDIAI;SP;716616;SCB01;XD DIADEMA;14444250;9010214;SIM;NOTIFICAÇÃO ENVIADA VIA PLANILHA POR CONTA DA ALTA DEMANDA;CARTA ENVIADA;28/07/2026;NÃO LOCALIZADO;FINALIZADO;FINALIZADO;;;-;Sudeste;BACKLOG 22.06_23.07
21/07/2026;21/07/2026;260721-000506;EXTRAVIO ;SPASSUS;S66;JUNDIAI;SP;716616;SCB01;XD DIADEMA;14443764;9009023/9009024;SIM;NOTIFICAÇÃO ENVIADA VIA PLANILHA POR CONTA DA ALTA DEMANDA;CARTA ENVIADA;28/07/2026;NÃO LOCALIZADO;FINALIZADO;FINALIZADO;;;-;Sudeste;BACKLOG 22.06_23.07
21/07/2026;21/07/2026;260721-000503;EXTRAVIO ;SULPAVE;S54;REGISTRO;SP;716931;SCB01;XD DIADEMA;14447264;9024078;SIM;NOTIFICAÇÃO ENVIADA VIA PLANILHA POR CONTA DA ALTA DEMANDA;CARTA ENVIADA;28/07/2026;NÃO LOCALIZADO;FINALIZADO;FINALIZADO;;;-;Sudeste;BACKLOG 22.06_23.07
16/07/2026;21/07/2026;260721-000499;EXTRAVIO ;NOVA (RIBEIRAO PRETO);N17;RIBEIRAO PRETO;SP;714216;SCB01;XD DIADEMA;14425881;8884241;SIM;NOTIFICAÇÃO ENVIADA VIA PLANILHA POR CONTA DA ALTA DEMANDA;CARTA ENVIADA;28/07/2026;NÃO LOCALIZADO;FINALIZADO;FINALIZADO;;;-;Sudeste;BACKLOG 22.06_23.07
21/07/2026;21/07/2026;260721-000496;EXTRAVIO ;SPASSUS;S66;JUNDIAI;SP;715386;SCB01;XD DIADEMA;14436106;87002774;SIM;NOTIFICAÇÃO ENVIADA VIA PLANILHA POR CONTA DA ALTA DEMANDA;CARTA ENVIADA;28/07/2026;NÃO LOCALIZADO;FINALIZADO;FINALIZADO;;;-;Sudeste;BACKLOG 22.06_23.07
21/07/2026;21/07/2026;260721-000493;EXTRAVIO ;SPASSUS;S66;JUNDIAI;SP;715386;SCB01;XD DIADEMA;14435883;8955910;SIM;NOTIFICAÇÃO ENVIADA VIA PLANILHA POR CONTA DA ALTA DEMANDA;CARTA ENVIADA;28/07/2026;NÃO LOCALIZADO;FINALIZADO;FINALIZADO;;;-;Sudeste;BACKLOG 22.06_23.07
21/07/2026;21/07/2026;260721-000492;EXTRAVIO ;SPASSUS;S66;JUNDIAI;SP;715386;SCB01;XD DIADEMA;14432345;8947651/8947652/8947654;SIM;NOTIFICAÇÃO ENVIADA VIA PLANILHA POR CONTA DA ALTA DEMANDA;CARTA ENVIADA;28/07/2026;NÃO LOCALIZADO;FINALIZADO;FINALIZADO;;;-;Sudeste;BACKLOG 22.06_23.07
20/07/2026;21/07/2026;260721-000488;EXTRAVIO ;SPASSUS;S66;JUNDIAI;SP;718172;SCB01;XD DIADEMA;14464353;9077581;SIM;NOTIFICAÇÃO ENVIADA VIA PLANILHA POR CONTA DA ALTA DEMANDA;CARTA ENVIADA;28/07/2026;NÃO LOCALIZADO;FINALIZADO;FINALIZADO;;;-;Sudeste;BACKLOG 22.06_23.07
16/07/2026;21/07/2026;260721-000485;EXTRAVIO ;NOVA (RIBEIRAO PRETO);N17;RIBEIRAO PRETO;SP;714483;SCB01;XD DIADEMA;14427566;8917950/8917951;SIM;NOTIFICAÇÃO ENVIADA VIA PLANILHA POR CONTA DA ALTA DEMANDA;CARTA ENVIADA;28/07/2026;NÃO LOCALIZADO;FINALIZADO;FINALIZADO;;;-;Sudeste;BACKLOG 22.06_23.07
20/07/2026;21/07/2026;260721-000483;EXTRAVIO ;SPASSUS;S66;JUNDIAI;SP;718172;SCB01;XD DIADEMA;14463343;9077340;SIM;NOTIFICAÇÃO ENVIADA VIA PLANILHA POR CONTA DA ALTA DEMANDA;CARTA ENVIADA;28/07/2026;NÃO LOCALIZADO;FINALIZADO;FINALIZADO;;;-;Sudeste;BACKLOG 22.06_23.07
20/07/2026;21/07/2026;260721-000480;EXTRAVIO ;SPASSUS;S66;JUNDIAI;SP;718172;SCB01;XD DIADEMA;14464018;9077041;SIM;NOTIFICAÇÃO ENVIADA VIA PLANILHA POR CONTA DA ALTA DEMANDA;CARTA ENVIADA;28/07/2026;NÃO LOCALIZADO;FINALIZADO;FINALIZADO;;;-;Sudeste;BACKLOG 22.06_23.07
20/07/2026;21/07/2026;260721-000473;EXTRAVIO ;SPASSUS;S66;JUNDIAI;SP;719722;SCB01;XD DIADEMA;14482765;9137503;SIM;NOTIFICAÇÃO ENVIADA VIA PLANILHA POR CONTA DA ALTA DEMANDA;CARTA ENVIADA;28/07/2026;NÃO LOCALIZADO;FINALIZADO;FINALIZADO;;;-;Sudeste;BACKLOG 22.06_23.07
20/07/2026;21/07/2026;260721-000469;EXTRAVIO ;SPASSUS;S66;JUNDIAI;SP;719722;SCB01;XD DIADEMA;14482525;9129416;SIM;NOTIFICAÇÃO ENVIADA VIA PLANILHA POR CONTA DA ALTA DEMANDA;CARTA ENVIADA;28/07/2026;NÃO LOCALIZADO;FINALIZADO;FINALIZADO;;;-;Sudeste;BACKLOG 22.06_23.07
20/07/2026;21/07/2026;260721-000467;EXTRAVIO ;SPASSUS;S66;JUNDIAI;SP;718521;SCB01;XD DIADEMA;14467707;9090864;SIM;NOTIFICAÇÃO ENVIADA VIA PLANILHA POR CONTA DA ALTA DEMANDA;CARTA ENVIADA;28/07/2026;NÃO LOCALIZADO;FINALIZADO;FINALIZADO;;;-;Sudeste;BACKLOG 22.06_23.07
16/07/2026;21/07/2026;260721-000464;EXTRAVIO ;NOVA (RIBEIRAO PRETO);N17;RIBEIRAO PRETO;SP;714879;SCB01;XD DIADEMA;14432159;89428802;SIM;NOTIFICAÇÃO ENVIADA VIA PLANILHA POR CONTA DA ALTA DEMANDA;CARTA ENVIADA;28/07/2026;NÃO LOCALIZADO;FINALIZADO;FINALIZADO;;;-;Sudeste;BACKLOG 22.06_23.07
21/07/2026;21/07/2026;260721-000463;EXTRAVIO ;SPASSUS;S66;JUNDIAI;SP;719364;SCB01;XD DIADEMA;14476090;870080856;SIM;NOTIFICAÇÃO ENVIADA VIA PLANILHA POR CONTA DA ALTA DEMANDA;CARTA ENVIADA;28/07/2026;NÃO LOCALIZADO;FINALIZADO;FINALIZADO;;;-;Sudeste;BACKLOG 22.06_23.07
21/07/2026;21/07/2026;260721-000457;EXTRAVIO ;SPASSUS;S66;JUNDIAI;SP;719364;SCB01;XD DIADEMA;14473994;9115297;SIM;NOTIFICAÇÃO ENVIADA VIA PLANILHA POR CONTA DA ALTA DEMANDA;CARTA ENVIADA;28/07/2026;NÃO LOCALIZADO;FINALIZADO;FINALIZADO;;;-;Sudeste;BACKLOG 22.06_23.07
21/07/2026;21/07/2026;260721-000451;EXTRAVIO ;SPASSUS;S66;JUNDIAI;SP;715513;SCB01;XD DIADEMA;14436465;9856529;SIM;NOTIFICAÇÃO ENVIADA VIA PLANILHA POR CONTA DA ALTA DEMANDA;CARTA ENVIADA;28/07/2026;NÃO LOCALIZADO;FINALIZADO;FINALIZADO;;;-;Sudeste;BACKLOG 22.06_23.07
21/07/2026;21/07/2026;260721-000448;EXTRAVIO ;SPASSUS;S66;JUNDIAI;SP;715513;SCB01;XD DIADEMA;14435399;8955918;SIM;NOTIFICAÇÃO ENVIADA VIA PLANILHA POR CONTA DA ALTA DEMANDA;CARTA ENVIADA;28/07/2026;NÃO LOCALIZADO;FINALIZADO;FINALIZADO;;;-;Sudeste;BACKLOG 22.06_23.07
13/07/2026;21/07/2026;260721-000439;EXTRAVIO ;SPASSUS;S66;JUNDIAI;SP;715865;SCB01;XD DIADEMA;14440359;8995609;SIM;NOTIFICAÇÃO ENVIADA VIA PLANILHA POR CONTA DA ALTA DEMANDA;CARTA ENVIADA;28/07/2026;NÃO LOCALIZADO;FINALIZADO;FINALIZADO;;;-;Sudeste;BACKLOG 22.06_23.07
20/07/2026;21/07/2026;260721-000438;EXTRAVIO ;CARRERA (ALPHAVILLE);K18;BARUERI;SP;718496;SCB01;XD DIADEMA;14468551/14467729/14467532/14467365/14467508/14467509;9090413/9090479//9090511//9090525//9090805//9091087/;SIM;NOTIFICAÇÃO ENVIADA VIA PLANILHA POR CONTA DA ALTA DEMANDA;FINALIZADO COMO RESOLVIDO;28/07/2026;LOCALIZADO;FINALIZADO;FINALIZADO;;;-;Sudeste;BACKLOG 22.06_23.07
20/07/2026;21/07/2026;260721-000425;EXTRAVIO ;CARRERA (ALPHAVILLE);K18;BARUERI;SP;718018;SCB01;XD DIADEMA;14459494;9064254;SIM;NOTIFICAÇÃO ENVIADA VIA PLANILHA POR CONTA DA ALTA DEMANDA;CARTA ENVIADA;28/07/2026;NÃO LOCALIZADO;FINALIZADO;FINALIZADO;;;-;Sudeste;BACKLOG 22.06_23.07
16/07/2026;21/07/2026;260721-000410;EXTRAVIO ;NOVA (RIBEIRAO PRETO);N17;RIBEIRAO PRETO;SP;715501;SCB01;XD DIADEMA;14437141;87007138;SIM;NOTIFICAÇÃO ENVIADA VIA PLANILHA POR CONTA DA ALTA DEMANDA;CARTA ENVIADA;28/07/2026;NÃO LOCALIZADO;FINALIZADO;FINALIZADO;;;-;Sudeste;BACKLOG 22.06_23.07
16/07/2026;21/07/2026;260721-000407;EXTRAVIO ;NOVA (RIBEIRAO PRETO);N17;RIBEIRAO PRETO;SP;715501;SCB01;XD DIADEMA;14437140;87007138;SIM;NOTIFICAÇÃO ENVIADA VIA PLANILHA POR CONTA DA ALTA DEMANDA;CARTA ENVIADA;28/07/2026;NÃO LOCALIZADO;FINALIZADO;FINALIZADO;;;-;Sudeste;BACKLOG 22.06_23.07
16/07/2026;21/07/2026;260721-000403;EXTRAVIO ;NOVA (RIBEIRAO PRETO);N17;RIBEIRAO PRETO;SP;715501;SCB01;XD DIADEMA;14437139;87008790/87006989;SIM;NOTIFICAÇÃO ENVIADA VIA PLANILHA POR CONTA DA ALTA DEMANDA;CARTA ENVIADA;28/07/2026;NÃO LOCALIZADO;FINALIZADO;FINALIZADO;;;-;Sudeste;BACKLOG 22.06_23.07
20/07/2026;21/07/2026;260721-000401;EXTRAVIO ;CARRERA (ALPHAVILLE);K18;BARUERI;SP;719334;SCB01;XD DIADEMA;14476121/14478265/14476038/14476039/14476205/14476643/14476019/14476206/14476121;09123068//09123072//09123221/09123222//09123325//09123437//09114693//87003678/;SIM;NOTIFICAÇÃO ENVIADA VIA PLANILHA POR CONTA DA ALTA DEMANDA;FINALIZADO COMO RESOLVIDO;28/07/2026;LOCALIZADO;FINALIZADO;FINALIZADO;;;-;Sudeste;BACKLOG 22.06_23.07
16/07/2026;21/07/2026;260721-000380;EXTRAVIO ;NOVA (RIBEIRAO PRETO);N17;RIBEIRAO PRETO;SP;715284;SCB01;XD DIADEMA;14436858;8942419;SIM;NOTIFICAÇÃO ENVIADA VIA PLANILHA POR CONTA DA ALTA DEMANDA;CARTA ENVIADA;28/07/2026;NÃO LOCALIZADO;FINALIZADO;FINALIZADO;;;-;Sudeste;BACKLOG 22.06_23.07
21/07/2026;21/07/2026;260721-000378;EXTRAVIO ;JORLAN (BARAO H. DE MELO);J66;BELO HORIZONTE;MG;718971;SCB01;XD DIADEMA;14475814;9123130;SIM;NOTIFICAÇÃO ENVIADA VIA PLANILHA POR CONTA DA ALTA DEMANDA;CARTA ENVIADA;28/07/2026;NÃO LOCALIZADO;FINALIZADO;FINALIZADO;;;-;Sudeste;BACKLOG 22.06_23.07
21/07/2026;21/07/2026;260721-000377;EXTRAVIO ;JORLAN (BARAO H. DE MELO);J66;BELO HORIZONTE;MG;718971;SCB01;XD DIADEMA;14475659;9118830;SIM;NOTIFICAÇÃO ENVIADA VIA PLANILHA POR CONTA DA ALTA DEMANDA;CARTA ENVIADA;28/07/2026;NÃO LOCALIZADO;FINALIZADO;FINALIZADO;;;-;Sudeste;BACKLOG 22.06_23.07
21/07/2026;21/07/2026;260721-000376;EXTRAVIO ;JORLAN (BARAO H. DE MELO);J66;BELO HORIZONTE;MG;718971;SCB01;XD DIADEMA;14475660;9118829;SIM;NOTIFICAÇÃO ENVIADA VIA PLANILHA POR CONTA DA ALTA DEMANDA;CARTA ENVIADA;28/07/2026;NÃO LOCALIZADO;FINALIZADO;FINALIZADO;;;-;Sudeste;BACKLOG 22.06_23.07
21/07/2026;21/07/2026;260721-000375;EXTRAVIO ;JORLAN (BARAO H. DE MELO);J66;BELO HORIZONTE;MG;718971;SCB01;XD DIADEMA;14475725;9118812;SIM;NOTIFICAÇÃO ENVIADA VIA PLANILHA POR CONTA DA ALTA DEMANDA;CARTA ENVIADA;28/07/2026;NÃO LOCALIZADO;FINALIZADO;FINALIZADO;;;-;Sudeste;BACKLOG 22.06_23.07
21/07/2026;21/07/2026;260721-000374;EXTRAVIO ;JORLAN (BARAO H. DE MELO);J66;BELO HORIZONTE;MG;718971;SCB01;XD DIADEMA;14475724;9118792;SIM;NOTIFICAÇÃO ENVIADA VIA PLANILHA POR CONTA DA ALTA DEMANDA;CARTA ENVIADA;28/07/2026;NÃO LOCALIZADO;FINALIZADO;FINALIZADO;;;-;Sudeste;BACKLOG 22.06_23.07
21/07/2026;21/07/2026;260721-000372;EXTRAVIO ;JORLAN (BARAO H. DE MELO);J66;BELO HORIZONTE;MG;718971;SCB01;XD DIADEMA;14475723;9118792;SIM;NOTIFICAÇÃO ENVIADA VIA PLANILHA POR CONTA DA ALTA DEMANDA;CARTA ENVIADA;28/07/2026;NÃO LOCALIZADO;FINALIZADO;FINALIZADO;;;-;Sudeste;BACKLOG 22.06_23.07
21/07/2026;21/07/2026;260721-000371;EXTRAVIO ;JORLAN (BARAO H. DE MELO);J66;BELO HORIZONTE;MG;718971;SCB01;XD DIADEMA;14475722;9118792;SIM;NOTIFICAÇÃO ENVIADA VIA PLANILHA POR CONTA DA ALTA DEMANDA;CARTA ENVIADA;28/07/2026;NÃO LOCALIZADO;FINALIZADO;FINALIZADO;;;-;Sudeste;BACKLOG 22.06_23.07
21/07/2026;21/07/2026;260721-000370;EXTRAVIO ;JORLAN (BARAO H. DE MELO);J66;BELO HORIZONTE;MG;718971;SCB01;XD DIADEMA;14475721;9118792;SIM;NOTIFICAÇÃO ENVIADA VIA PLANILHA POR CONTA DA ALTA DEMANDA;CARTA ENVIADA;28/07/2026;NÃO LOCALIZADO;FINALIZADO;FINALIZADO;;;-;Sudeste;BACKLOG 22.06_23.07
21/07/2026;21/07/2026;260721-000367;EXTRAVIO ;JORLAN (BARAO H. DE MELO);J66;BELO HORIZONTE;MG;718971;SCB01;XD DIADEMA;14475720;9118792;SIM;NOTIFICAÇÃO ENVIADA VIA PLANILHA POR CONTA DA ALTA DEMANDA;CARTA ENVIADA;28/07/2026;NÃO LOCALIZADO;FINALIZADO;FINALIZADO;;;-;Sudeste;BACKLOG 22.06_23.07
16/07/2026;21/07/2026;260721-000366;EXTRAVIO ;NOVA (RIBEIRAO PRETO);N17;RIBEIRAO PRETO;SP;714640;SCB01;XD DIADEMA;14427451;8918349/8918350;SIM;NOTIFICAÇÃO ENVIADA VIA PLANILHA POR CONTA DA ALTA DEMANDA;CARTA ENVIADA;28/07/2026;NÃO LOCALIZADO;FINALIZADO;FINALIZADO;;;-;Sudeste;BACKLOG 22.06_23.07
21/07/2026;21/07/2026;260721-000365;EXTRAVIO ;JORLAN (BARAO H. DE MELO);J66;BELO HORIZONTE;MG;718971;SCB01;XD DIADEMA;14475719;9118792;SIM;NOTIFICAÇÃO ENVIADA VIA PLANILHA POR CONTA DA ALTA DEMANDA;CARTA ENVIADA;28/07/2026;NÃO LOCALIZADO;FINALIZADO;FINALIZADO;;;-;Sudeste;BACKLOG 22.06_23.07
21/07/2026;21/07/2026;260721-000363;EXTRAVIO ;JORLAN (BARAO H. DE MELO);J66;BELO HORIZONTE;MG;718971;SCB01;XD DIADEMA;14475485;9118762;SIM;NOTIFICAÇÃO ENVIADA VIA PLANILHA POR CONTA DA ALTA DEMANDA;CARTA ENVIADA;28/07/2026;NÃO LOCALIZADO;FINALIZADO;FINALIZADO;;;-;Sudeste;BACKLOG 22.06_23.07
21/07/2026;21/07/2026;260721-000361;EXTRAVIO ;JORLAN (BARAO H. DE MELO);J66;BELO HORIZONTE;MG;718971;SCB01;XD DIADEMA;14473161;9115128;SIM;NOTIFICAÇÃO ENVIADA VIA PLANILHA POR CONTA DA ALTA DEMANDA;CARTA ENVIADA;28/07/2026;NÃO LOCALIZADO;FINALIZADO;FINALIZADO;;;-;Sudeste;BACKLOG 22.06_23.07
21/07/2026;21/07/2026;260721-000360;EXTRAVIO ;JORLAN (BARAO H. DE MELO);J66;BELO HORIZONTE;MG;718971;SCB01;XD DIADEMA;14473094;9115097/9115098/9115104;SIM;NOTIFICAÇÃO ENVIADA VIA PLANILHA POR CONTA DA ALTA DEMANDA;CARTA ENVIADA;28/07/2026;NÃO LOCALIZADO;FINALIZADO;FINALIZADO;;;-;Sudeste;BACKLOG 22.06_23.07
21/07/2026;21/07/2026;260721-000358;EXTRAVIO ;JORLAN (BARAO H. DE MELO);J66;BELO HORIZONTE;MG;718971;SCB01;XD DIADEMA;14472195;9100335;SIM;NOTIFICAÇÃO ENVIADA VIA PLANILHA POR CONTA DA ALTA DEMANDA;CARTA ENVIADA;28/07/2026;NÃO LOCALIZADO;FINALIZADO;FINALIZADO;;;-;Sudeste;BACKLOG 22.06_23.07
16/07/2026;21/07/2026;260721-000352;EXTRAVIO ;NOVA (RIBEIRAO PRETO);N17;RIBEIRAO PRETO;SP;714640;SCB01;XD DIADEMA;14427176;8918023/8918024;SIM;NOTIFICAÇÃO ENVIADA VIA PLANILHA POR CONTA DA ALTA DEMANDA;CARTA ENVIADA;28/07/2026;NÃO LOCALIZADO;FINALIZADO;FINALIZADO;;;-;Sudeste;BACKLOG 22.06_23.07
21/07/2026;21/07/2026;260721-000347;EXTRAVIO ;JORLAN (BARAO H. DE MELO);J66;BELO HORIZONTE;MG;718742;SCB01;XD DIADEMA;14471438;9107704;SIM;NOTIFICAÇÃO ENVIADA VIA PLANILHA POR CONTA DA ALTA DEMANDA;CARTA ENVIADA;28/07/2026;NÃO LOCALIZADO;FINALIZADO;FINALIZADO;;;-;Sudeste;BACKLOG 22.06_23.07
21/07/2026;21/07/2026;260721-000346;EXTRAVIO ;JORLAN (BARAO H. DE MELO);J66;BELO HORIZONTE;MG;718742;SCB01;XD DIADEMA;14470873;9107777;SIM;NOTIFICAÇÃO ENVIADA VIA PLANILHA POR CONTA DA ALTA DEMANDA;CARTA ENVIADA;28/07/2026;NÃO LOCALIZADO;FINALIZADO;FINALIZADO;;;-;Sudeste;BACKLOG 22.06_23.07
21/07/2026;21/07/2026;260721-000345;EXTRAVIO ;JORLAN (BARAO H. DE MELO);J66;BELO HORIZONTE;MG;718742;SCB01;XD DIADEMA;14471279;9107764;SIM;NOTIFICAÇÃO ENVIADA VIA PLANILHA POR CONTA DA ALTA DEMANDA;CARTA ENVIADA;28/07/2026;NÃO LOCALIZADO;FINALIZADO;FINALIZADO;;;-;Sudeste;BACKLOG 22.06_23.07
21/07/2026;21/07/2026;260721-000342;EXTRAVIO ;JORLAN (BARAO H. DE MELO);J66;BELO HORIZONTE;MG;718742;SCB01;XD DIADEMA;14471281;9107699;SIM;NOTIFICAÇÃO ENVIADA VIA PLANILHA POR CONTA DA ALTA DEMANDA;CARTA ENVIADA;28/07/2026;NÃO LOCALIZADO;FINALIZADO;FINALIZADO;;;-;Sudeste;BACKLOG 22.06_23.07
21/07/2026;21/07/2026;260721-000340;EXTRAVIO ;JORLAN (BARAO H. DE MELO);J66;BELO HORIZONTE;MG;718742;SCB01;XD DIADEMA;14471119;9107664;SIM;NOTIFICAÇÃO ENVIADA VIA PLANILHA POR CONTA DA ALTA DEMANDA;CARTA ENVIADA;28/07/2026;NÃO LOCALIZADO;FINALIZADO;FINALIZADO;;;-;Sudeste;BACKLOG 22.06_23.07
21/07/2026;21/07/2026;260721-000338;EXTRAVIO ;JORLAN (BARAO H. DE MELO);J66;BELO HORIZONTE;MG;718742;SCB01;XD DIADEMA;14468770;9091159;SIM;NOTIFICAÇÃO ENVIADA VIA PLANILHA POR CONTA DA ALTA DEMANDA;CARTA ENVIADA;28/07/2026;NÃO LOCALIZADO;FINALIZADO;FINALIZADO;;;-;Sudeste;BACKLOG 22.06_23.07
21/07/2026;21/07/2026;260721-000336;EXTRAVIO ;JORLAN (BARAO H. DE MELO);J66;BELO HORIZONTE;MG;718742;SCB01;XD DIADEMA;14469255;9038048/9038049;SIM;NOTIFICAÇÃO ENVIADA VIA PLANILHA POR CONTA DA ALTA DEMANDA;CARTA ENVIADA;28/07/2026;NÃO LOCALIZADO;FINALIZADO;FINALIZADO;;;-;Sudeste;BACKLOG 22.06_23.07
13/07/2026;21/07/2026;260721-000327;EXTRAVIO ;AUTOCLA;I26;Ituiutaba;MG;713015;SCB01;XD DIADEMA;14412680;87006318;SIM;NOTIFICAÇÃO ENVIADA VIA PLANILHA POR CONTA DA ALTA DEMANDA;CARTA ENVIADA;28/07/2026;NÃO LOCALIZADO;FINALIZADO;FINALIZADO;;;-;Sudeste;BACKLOG 22.06_23.07
16/07/2026;21/07/2026;260721-000323;EXTRAVIO ;AUTOCLA;I26;Ituiutaba;MG;713970;SCB01;XD DIADEMA;14418119;8890394/8901905.;SIM;NOTIFICAÇÃO ENVIADA VIA PLANILHA POR CONTA DA ALTA DEMANDA;CARTA ENVIADA;28/07/2026;NÃO LOCALIZADO;FINALIZADO;FINALIZADO;;;-;Sudeste;BACKLOG 22.06_23.07
21/07/2026;21/07/2026;260721-000320;EXTRAVIO ;JORLAN (BARAO H. DE MELO);J66;BELO HORIZONTE;MG;719638;SCB01;XD DIADEMA;14483743;9151220/9151221/9151222/9151224/9151226/9151227/9151228/9151230/9151232/9151234/9151236/9151237/9151238/9151255/9151256/9151258/9151259;SIM;NOTIFICAÇÃO ENVIADA VIA PLANILHA POR CONTA DA ALTA DEMANDA;CARTA ENVIADA;28/07/2026;NÃO LOCALIZADO;FINALIZADO;FINALIZADO;;;-;Sudeste;BACKLOG 22.06_23.07
13/07/2026;21/07/2026;260721-000319;EXTRAVIO ;AUTOCLA;I26;Ituiutaba;MG;712822;SCB01;XD DIADEMA;14409855;8857508;SIM;NOTIFICAÇÃO ENVIADA VIA PLANILHA POR CONTA DA ALTA DEMANDA;CARTA ENVIADA;28/07/2026;NÃO LOCALIZADO;FINALIZADO;FINALIZADO;;;-;Sudeste;BACKLOG 22.06_23.07
21/07/2026;21/07/2026;260721-000318;EXTRAVIO ;JORLAN (BARAO H. DE MELO);J66;BELO HORIZONTE;MG;719638;SCB01;XD DIADEMA;14483203;9144045;SIM;NOTIFICAÇÃO ENVIADA VIA PLANILHA POR CONTA DA ALTA DEMANDA;CARTA ENVIADA;28/07/2026;NÃO LOCALIZADO;FINALIZADO;FINALIZADO;;;-;Sudeste;BACKLOG 22.06_23.07
21/07/2026;21/07/2026;260721-000317;EXTRAVIO ;JORLAN (BARAO H. DE MELO);J66;BELO HORIZONTE;MG;719638;SCB01;XD DIADEMA;14483673;9118131;SIM;NOTIFICAÇÃO ENVIADA VIA PLANILHA POR CONTA DA ALTA DEMANDA;CARTA ENVIADA;28/07/2026;NÃO LOCALIZADO;FINALIZADO;FINALIZADO;;;-;Sudeste;BACKLOG 22.06_23.07
21/07/2026;21/07/2026;260721-000314;EXTRAVIO ;JORLAN (BARAO H. DE MELO);J66;BELO HORIZONTE;MG;719638;SCB01;XD DIADEMA;14479583;9107919/9107920;SIM;NOTIFICAÇÃO ENVIADA VIA PLANILHA POR CONTA DA ALTA DEMANDA;CARTA ENVIADA;28/07/2026;NÃO LOCALIZADO;FINALIZADO;FINALIZADO;;;-;Sudeste;BACKLOG 22.06_23.07
16/07/2026;21/07/2026;260721-000313;EXTRAVIO ;AUTOCLA;I26;Ituiutaba;MG;713644;SCB01;XD DIADEMA;14419932;total;SIM;NOTIFICAÇÃO ENVIADA VIA PLANILHA POR CONTA DA ALTA DEMANDA;CARTA ENVIADA;28/07/2026;NÃO LOCALIZADO;FINALIZADO;FINALIZADO;;;-;Sudeste;BACKLOG 22.06_23.07
21/07/2026;21/07/2026;260721-000312;EXTRAVIO ;JORLAN (BARAO H. DE MELO);J66;BELO HORIZONTE;MG;719638;SCB01;XD DIADEMA;14479257;9107917;SIM;NOTIFICAÇÃO ENVIADA VIA PLANILHA POR CONTA DA ALTA DEMANDA;CARTA ENVIADA;28/07/2026;NÃO LOCALIZADO;FINALIZADO;FINALIZADO;;;-;Sudeste;BACKLOG 22.06_23.07
21/07/2026;21/07/2026;260721-000311;EXTRAVIO ;JORLAN (BARAO H. DE MELO);J66;BELO HORIZONTE;MG;719638;SCB01;XD DIADEMA;14483672;9107692;SIM;NOTIFICAÇÃO ENVIADA VIA PLANILHA POR CONTA DA ALTA DEMANDA;CARTA ENVIADA;28/07/2026;NÃO LOCALIZADO;FINALIZADO;FINALIZADO;;;-;Sudeste;BACKLOG 22.06_23.07
21/07/2026;21/07/2026;260721-000302;EXTRAVIO ;JORLAN (BARAO H. DE MELO);J66;BELO HORIZONTE;MG;719257;SCB01;XD MINAS;14479699;9107778;SIM;NOTIFICAÇÃO ENVIADA VIA PLANILHA POR CONTA DA ALTA DEMANDA;CARTA ENVIADA;28/07/2026;NÃO LOCALIZADO;FINALIZADO;FINALIZADO;;;-;Sudeste;BACKLOG 22.06_23.07
21/07/2026;21/07/2026;260721-000297;EXTRAVIO ;JORLAN (BARAO H. DE MELO);J66;BELO HORIZONTE;MG;719257;SCB01;XD MINAS;14479480;9118197;SIM;NOTIFICAÇÃO ENVIADA VIA PLANILHA POR CONTA DA ALTA DEMANDA;CARTA ENVIADA;28/07/2026;NÃO LOCALIZADO;FINALIZADO;FINALIZADO;;;-;Sudeste;BACKLOG 22.06_23.07
20/07/2026;21/07/2026;260721-000267;EXTRAVIO ;JORLAN (BARAO H. DE MELO);J66;BELO HORIZONTE;MG;715271;SCB01;XD DIADEMA;14434588;8957197;SIM;NOTIFICAÇÃO ENVIADA VIA PLANILHA POR CONTA DA ALTA DEMANDA;CARTA ENVIADA;28/07/2026;NÃO LOCALIZADO;FINALIZADO;FINALIZADO;;;-;Sudeste;BACKLOG 22.06_23.07
20/07/2026;21/07/2026;260721-000265;EXTRAVIO ;JORLAN (BARAO H. DE MELO);J66;BELO HORIZONTE;MG;715271;SCB01;XD DIADEMA;14432527;8947469;SIM;NOTIFICAÇÃO ENVIADA VIA PLANILHA POR CONTA DA ALTA DEMANDA;CARTA ENVIADA;28/07/2026;NÃO LOCALIZADO;FINALIZADO;FINALIZADO;;;-;Sudeste;BACKLOG 22.06_23.07
20/07/2026;21/07/2026;260721-000264;EXTRAVIO ;JORLAN (BARAO H. DE MELO);J66;BELO HORIZONTE;MG;715271;SCB01;XD DIADEMA;14432368;8922636;SIM;NOTIFICAÇÃO ENVIADA VIA PLANILHA POR CONTA DA ALTA DEMANDA;CARTA ENVIADA;28/07/2026;NÃO LOCALIZADO;FINALIZADO;FINALIZADO;;;-;Sudeste;BACKLOG 22.06_23.07
20/07/2026;21/07/2026;260721-000262;EXTRAVIO ;JORLAN (BARAO H. DE MELO);J66;BELO HORIZONTE;MG;714983;SCB01;XD DIADEMA;14431668;8919874;SIM;NOTIFICAÇÃO ENVIADA VIA PLANILHA POR CONTA DA ALTA DEMANDA;CARTA ENVIADA;28/07/2026;NÃO LOCALIZADO;FINALIZADO;FINALIZADO;;;-;Sudeste;BACKLOG 22.06_23.07
20/07/2026;21/07/2026;260721-000261;EXTRAVIO ;JORLAN (BARAO H. DE MELO);J66;BELO HORIZONTE;MG;714983;SCB01;XD DIADEMA;14428964;8919979;SIM;NOTIFICAÇÃO ENVIADA VIA PLANILHA POR CONTA DA ALTA DEMANDA;CARTA ENVIADA;28/07/2026;NÃO LOCALIZADO;FINALIZADO;FINALIZADO;;;-;Sudeste;BACKLOG 22.06_23.07
20/07/2026;21/07/2026;260721-000260;EXTRAVIO ;JORLAN (BARAO H. DE MELO);J66;BELO HORIZONTE;MG;714983;SCB01;XD DIADEMA;14428966;8919974;SIM;NOTIFICAÇÃO ENVIADA VIA PLANILHA POR CONTA DA ALTA DEMANDA;CARTA ENVIADA;28/07/2026;NÃO LOCALIZADO;FINALIZADO;FINALIZADO;;;-;Sudeste;BACKLOG 22.06_23.07
20/07/2026;21/07/2026;260721-000258;EXTRAVIO ;JORLAN (BARAO H. DE MELO);J66;BELO HORIZONTE;MG;717666;SCB01;XD DIADEMA;14450554;9037392;SIM;NOTIFICAÇÃO ENVIADA VIA PLANILHA POR CONTA DA ALTA DEMANDA;CARTA ENVIADA;28/07/2026;NÃO LOCALIZADO;FINALIZADO;FINALIZADO;;;-;Sudeste;BACKLOG 22.06_23.07
20/07/2026;21/07/2026;260721-000257;EXTRAVIO ;JORLAN (BARAO H. DE MELO);J66;BELO HORIZONTE;MG;717666;SCB01;XD DIADEMA;14447169;9027911;SIM;NOTIFICAÇÃO ENVIADA VIA PLANILHA POR CONTA DA ALTA DEMANDA;CARTA ENVIADA;28/07/2026;NÃO LOCALIZADO;FINALIZADO;FINALIZADO;;;-;Sudeste;BACKLOG 22.06_23.07
16/07/2026;21/07/2026;260721-000232;EXTRAVIO ;NOVA (RIBEIRAO PRETO);N17;RIBEIRAO PRETO;SP;715194;SCB01;XD DIADEMA;14435250;8942159;SIM;NOTIFICAÇÃO ENVIADA VIA PLANILHA POR CONTA DA ALTA DEMANDA;CARTA ENVIADA;28/07/2026;NÃO LOCALIZADO;FINALIZADO;FINALIZADO;;;-;Sudeste;BACKLOG 22.06_23.07
16/07/2026;21/07/2026;260721-000230;EXTRAVIO ;NOVA (RIBEIRAO PRETO);N17;RIBEIRAO PRETO;SP;715194;SCB01;XD DIADEMA;14435326;89425596;SIM;NOTIFICAÇÃO ENVIADA VIA PLANILHA POR CONTA DA ALTA DEMANDA;CARTA ENVIADA;28/07/2026;NÃO LOCALIZADO;FINALIZADO;FINALIZADO;;;-;Sudeste;BACKLOG 22.06_23.07
21/07/2026;21/07/2026;260721-000205;EXTRAVIO ;GRANDE MINAS (PAMPULHA);F51;CONTAGEM;MG;717837;SCB01;XD DIADEMA;14460424;9065095;SIM;NOTIFICAÇÃO ENVIADA VIA PLANILHA POR CONTA DA ALTA DEMANDA;CARTA ENVIADA;28/07/2026;NÃO LOCALIZADO;FINALIZADO;FINALIZADO;;;-;Sudeste;BACKLOG 22.06_23.07
16/07/2026;21/07/2026;260721-000196;EXTRAVIO ;NOVA (RIBEIRAO PRETO);N17;RIBEIRAO PRETO;SP;715194;SCB01;XD DIADEMA;14435244;8942172;SIM;NOTIFICAÇÃO ENVIADA VIA PLANILHA POR CONTA DA ALTA DEMANDA;CARTA ENVIADA;28/07/2026;NÃO LOCALIZADO;FINALIZADO;FINALIZADO;;;-;Sudeste;BACKLOG 22.06_23.07
21/07/2026;21/07/2026;260721-000194;EXTRAVIO ;GRANDE MINAS (PAMPULHA);F51;CONTAGEM;MG;718134;SCB01;XD DIADEMA;14463426/14463727;9077072/9077372;SIM;NOTIFICAÇÃO ENVIADA VIA PLANILHA POR CONTA DA ALTA DEMANDA;CARTA ENVIADA;28/07/2026;NÃO LOCALIZADO;FINALIZADO;FINALIZADO;;;-;Sudeste;BACKLOG 22.06_23.07
21/07/2026;21/07/2026;260721-000191;EXTRAVIO ;GRANDE MINAS (PAMPULHA);F51;CONTAGEM;MG;718957;SCB01;XD MINAS;14475513/14475703/NF/14475704/NF/14475705;9118806/9118218/;SIM;NOTIFICAÇÃO ENVIADA VIA PLANILHA POR CONTA DA ALTA DEMANDA;CARTA ENVIADA;28/07/2026;NÃO LOCALIZADO;FINALIZADO;FINALIZADO;;;-;Sudeste;BACKLOG 22.06_23.07
20/07/2026;21/07/2026;260721-000185;EXTRAVIO ;MAPI (LAVRAS);C59;LAVRAS;MG;714592;SCB01;XD DIADEMA;14427737;8921731;SIM;NOTIFICAÇÃO ENVIADA VIA PLANILHA POR CONTA DA ALTA DEMANDA;FINALIZADO COMO RESOLVIDO;28/07/2026;LOCALIZADO;FINALIZADO;FINALIZADO;;;-;Sudeste;BACKLOG 22.06_23.07
20/07/2026;21/07/2026;260721-000183;EXTRAVIO ;GRANDE MINAS (PAMPULHA);F51;CONTAGEM;MG;718729;SCB01;XD DIADEMA;14471479/1440483/14458742/E/NF14468743;9091124/9104166/9104299/;SIM;NOTIFICAÇÃO ENVIADA VIA PLANILHA POR CONTA DA ALTA DEMANDA;CARTA ENVIADA;28/07/2026;NÃO LOCALIZADO;FINALIZADO;FINALIZADO;;;-;Sudeste;BACKLOG 22.06_23.07
20/07/2026;21/07/2026;260721-000170;EXTRAVIO ;MAPI (LAVRAS);C59;LAVRAS;MG;713660;SCB01;XD DIADEMA;14419578;total;SIM;NOTIFICAÇÃO ENVIADA VIA PLANILHA POR CONTA DA ALTA DEMANDA;CARTA ENVIADA;28/07/2026;NÃO LOCALIZADO;FINALIZADO;FINALIZADO;;;-;Sudeste;BACKLOG 22.06_23.07
30/07/2026;21/07/2026;260721-000163;EXTRAVIO ;GRAMARCA (MIGUEL SUTIL);G21;CUIABA;MT;718801;SCB01;CARVALIMA;14464505;9082107;SIM;NOTIFICAÇÃO ENVIADA VIA PLANILHA POR CONTA DA ALTA DEMANDA;CARTA ENVIADA;28/07/2026;NÃO LOCALIZADO;FINALIZADO;FINALIZADO;;;-;CO;BACKLOG 22.06_23.07
16/07/2026;21/07/2026;260721-000156;EXTRAVIO ;AUTORIO;G52;Rio Verde;GO;714115;SCB01;RIO VERMELHO;14425897/14426410;total;SIM;NOTIFICAÇÃO ENVIADA VIA PLANILHA POR CONTA DA ALTA DEMANDA;CARTA ENVIADA;28/07/2026;NÃO LOCALIZADO;FINALIZADO;FINALIZADO;;;-;CO;BACKLOG 22.06_23.07
15/07/2026;21/07/2026;260721-000022;EXTRAVIO ;NOVA (RIO PRETO);R07;Sao Jose do Rio Preto;SP;719118;SCB01;XD DIADEMA;14467096/14467097/14474269/14474270;/9090097/9111671;SIM;NOTIFICAÇÃO ENVIADA VIA PLANILHA POR CONTA DA ALTA DEMANDA;FINALIZADO COMO RESOLVIDO;28/07/2026;LOCALIZADO;FINALIZADO;FINALIZADO;;;-;Sudeste;BACKLOG 22.06_23.07
22/07/2026;22/07/2026;260722-000488;EXTRAVIO ;GLOBO;G87;CONSELHEIRO LAFAIETE;MG;713042;SCB01;XD DIADEMA;14413580;87001978;SIM;NOTIFICAÇÃO ENVIADA VIA PLANILHA POR CONTA DA ALTA DEMANDA;CARTA ENVIADA;29/07/2026;NÃO LOCALIZADO;FINALIZADO;FINALIZADO;;;-;Sudeste;BACKLOG 22.06_23.07
22/07/2026;22/07/2026;260722-000487;EXTRAVIO ;GLOBO;G87;CONSELHEIRO LAFAIETE;MG;713508;SCB01;XD DIADEMA;14418795;8887033/8887034/8887037/8887038/8887040;SIM;NOTIFICAÇÃO ENVIADA VIA PLANILHA POR CONTA DA ALTA DEMANDA;CARTA ENVIADA;29/07/2026;NÃO LOCALIZADO;FINALIZADO;FINALIZADO;;;-;Sudeste;BACKLOG 22.06_23.07
21/07/2026;22/07/2026;260722-000486;EXTRAVIO ;GLOBO;G87;CONSELHEIRO LAFAIETE;MG;714755;SCB01;CAMILO;14429442;8920456;SIM;NOTIFICAÇÃO ENVIADA VIA PLANILHA POR CONTA DA ALTA DEMANDA;CARTA ENVIADA;29/07/2026;NÃO LOCALIZADO;FINALIZADO;FINALIZADO;;;-;Sudeste;BACKLOG 22.06_23.07
21/07/2026;22/07/2026;260722-000485;EXTRAVIO ;GLOBO;G87;CONSELHEIRO LAFAIETE;MG;714755;SCB01;CAMILO;14429440;8920456;SIM;NOTIFICAÇÃO ENVIADA VIA PLANILHA POR CONTA DA ALTA DEMANDA;CARTA ENVIADA;29/07/2026;NÃO LOCALIZADO;FINALIZADO;FINALIZADO;;;-;Sudeste;BACKLOG 22.06_23.07
22/07/2026;22/07/2026;260722-000484;EXTRAVIO ;GLOBO;G87;CONSELHEIRO LAFAIETE;MG;712843;SCB01;CAMILO;14410697;8857345;SIM;NOTIFICAÇÃO ENVIADA VIA PLANILHA POR CONTA DA ALTA DEMANDA;CARTA ENVIADA;29/07/2026;NÃO LOCALIZADO;FINALIZADO;FINALIZADO;;;-;Sudeste;BACKLOG 22.06_23.07
22/07/2026;22/07/2026;260722-000483;EXTRAVIO ;GLOBO;G87;CONSELHEIRO LAFAIETE;MG;712843;SCB01;CAMILO;14410253;8857220;SIM;NOTIFICAÇÃO ENVIADA VIA PLANILHA POR CONTA DA ALTA DEMANDA;CARTA ENVIADA;29/07/2026;NÃO LOCALIZADO;FINALIZADO;FINALIZADO;;;-;Sudeste;BACKLOG 22.06_23.07
22/07/2026;22/07/2026;260722-000482;EXTRAVIO ;GLOBO;G87;CONSELHEIRO LAFAIETE;MG;712843;SCB01;CAMILO;14405718;87006072;SIM;NOTIFICAÇÃO ENVIADA VIA PLANILHA POR CONTA DA ALTA DEMANDA;CARTA ENVIADA;29/07/2026;NÃO LOCALIZADO;FINALIZADO;FINALIZADO;;;-;Sudeste;BACKLOG 22.06_23.07
21/07/2026;22/07/2026;260722-000481;EXTRAVIO ;GLOBO;G87;CONSELHEIRO LAFAIETE;MG;713672;SCB01;CAMILO;14419864;8887953;SIM;NOTIFICAÇÃO ENVIADA VIA PLANILHA POR CONTA DA ALTA DEMANDA;CARTA ENVIADA;29/07/2026;NÃO LOCALIZADO;FINALIZADO;FINALIZADO;;;-;Sudeste;BACKLOG 22.06_23.07
21/07/2026;22/07/2026;260722-000480;EXTRAVIO ;GLOBO;G87;CONSELHEIRO LAFAIETE;MG;713998;SCB01;XD DIADEMA;14423372;8901922;SIM;NOTIFICAÇÃO ENVIADA VIA PLANILHA POR CONTA DA ALTA DEMANDA;CARTA ENVIADA;29/07/2026;NÃO LOCALIZADO;FINALIZADO;FINALIZADO;;;-;Sudeste;BACKLOG 22.06_23.07
23/07/2026;22/07/2026;260722-000468;EXTRAVIO ;PERKAL (CAMPO GRANDE);P04;CAMPO GRANDE;MS;716278;SCB01;XD DIADEMA;14440811;8993745;SIM;NOTIFICAÇÃO ENVIADA VIA PLANILHA POR CONTA DA ALTA DEMANDA;CARTA ENVIADA;29/07/2026;NÃO LOCALIZADO;FINALIZADO;FINALIZADO;;;-;CO;BACKLOG 22.06_23.07
23/07/2026;22/07/2026;260722-000467;EXTRAVIO ;PERKAL (CAMPO GRANDE);P04;CAMPO GRANDE;MS;716278;SCB01;XD DIADEMA;14440557;8993735;SIM;NOTIFICAÇÃO ENVIADA VIA PLANILHA POR CONTA DA ALTA DEMANDA;CARTA ENVIADA;29/07/2026;NÃO LOCALIZADO;FINALIZADO;FINALIZADO;;;-;CO;BACKLOG 22.06_23.07
23/07/2026;22/07/2026;260722-000423;EXTRAVIO ;PERKAL (CAMPO GRANDE);P04;CAMPO GRANDE;MS;716278;SCB01;XD DIADEMA;14440550;0008993713/0008993714/0008993715/0008993716/0008993717/0008993718/0008993719/0008993720/0008993721/0008993722/0008993723/0008993724/0008993725/0008993726/0008993727/0008993663;SIM;NOTIFICAÇÃO ENVIADA VIA PLANILHA POR CONTA DA ALTA DEMANDA;CARTA ENVIADA;29/07/2026;NÃO LOCALIZADO;FINALIZADO;FINALIZADO;;;-;CO;BACKLOG 22.06_23.07
22/07/2026;22/07/2026;260722-000420;EXTRAVIO ;GUIAUTO (IPATINGA);D03;Coronel Fabriciano;MG;713513;SCB01;XD DIADEMA;14419356;8887177;SIM;NOTIFICAÇÃO ENVIADA VIA PLANILHA POR CONTA DA ALTA DEMANDA;CARTA ENVIADA;29/07/2026;NÃO LOCALIZADO;FINALIZADO;FINALIZADO;;;-;Sudeste;BACKLOG 22.06_23.07
22/07/2026;22/07/2026;260722-000416;EXTRAVIO ;GUIAUTO (IPATINGA);D03;Coronel Fabriciano;MG;712649;SCB01;XD DIADEMA;14409661/14409662/14409663/14409664;8857887;SIM;NOTIFICAÇÃO ENVIADA VIA PLANILHA POR CONTA DA ALTA DEMANDA;CARTA ENVIADA;29/07/2026;NÃO LOCALIZADO;FINALIZADO;FINALIZADO;;;-;Sudeste;BACKLOG 22.06_23.07
23/07/2026;22/07/2026;260722-000402;EXTRAVIO ;PERKAL (CAMPO GRANDE);P04;CAMPO GRANDE;MS;716278;SCB01;XD DIADEMA;14434580/1464371460;8917378/0008917378/0008983160/0008992047/0008993795/0008997215/0008993830/0008993832/0008993807/0008993821/0008993854/0008993750;SIM;NOTIFICAÇÃO ENVIADA VIA PLANILHA POR CONTA DA ALTA DEMANDA;CARTA ENVIADA;29/07/2026;NÃO LOCALIZADO;FINALIZADO;FINALIZADO;;;-;CO;BACKLOG 22.06_23.07
07/08/2026;22/07/2026;260722-000384;EXTRAVIO ;BRAGA;B40;Manaus;AM;717766;SCB01;CARVALIMA;14445982;9007409;SIM;NOTIFICAÇÃO ENVIADA VIA PLANILHA POR CONTA DA ALTA DEMANDA;CARTA ENVIADA;29/07/2026;NÃO LOCALIZADO;FINALIZADO;FINALIZADO;;;-;Norte;BACKLOG 22.06_23.07
16/07/2026;22/07/2026;260722-000375;EXTRAVIO ;NOVA (RIBEIRAO PRETO);N17;RIBEIRAO PRETO;SP;713809;SCB01;XD DIADEMA;14418694;8883884;SIM;NOTIFICAÇÃO ENVIADA VIA PLANILHA POR CONTA DA ALTA DEMANDA;CARTA ENVIADA;29/07/2026;NÃO LOCALIZADO;FINALIZADO;FINALIZADO;;;-;Sudeste;BACKLOG 22.06_23.07
16/07/2026;22/07/2026;260722-000371;EXTRAVIO ;NOVA (RIBEIRAO PRETO);N17;RIBEIRAO PRETO;SP;713809;SCB01;XD DIADEMA;14421447;8898958;SIM;NOTIFICAÇÃO ENVIADA VIA PLANILHA POR CONTA DA ALTA DEMANDA;CARTA ENVIADA;29/07/2026;NÃO LOCALIZADO;FINALIZADO;FINALIZADO;;;-;Sudeste;BACKLOG 22.06_23.07
16/07/2026;22/07/2026;260722-000369;EXTRAVIO ;NOVA (RIBEIRAO PRETO);N17;RIBEIRAO PRETO;SP;713809;SCB01;XD DIADEMA;14421541;8899026;SIM;NOTIFICAÇÃO ENVIADA VIA PLANILHA POR CONTA DA ALTA DEMANDA;CARTA ENVIADA;29/07/2026;NÃO LOCALIZADO;FINALIZADO;FINALIZADO;;;-;Sudeste;BACKLOG 22.06_23.07
16/07/2026;22/07/2026;260722-000367;EXTRAVIO ;NOVA (RIBEIRAO PRETO);N17;RIBEIRAO PRETO;SP;713809;SCB01;XD DIADEMA;14422425;8898913;SIM;NOTIFICAÇÃO ENVIADA VIA PLANILHA POR CONTA DA ALTA DEMANDA;CARTA ENVIADA;29/07/2026;NÃO LOCALIZADO;FINALIZADO;FINALIZADO;;;-;Sudeste;BACKLOG 22.06_23.07
16/07/2026;22/07/2026;260722-000365;EXTRAVIO ;NOVA (RIBEIRAO PRETO);N17;RIBEIRAO PRETO;SP;713809;SCB01;XD DIADEMA;14422473;8663201;SIM;NOTIFICAÇÃO ENVIADA VIA PLANILHA POR CONTA DA ALTA DEMANDA;CARTA ENVIADA;29/07/2026;NÃO LOCALIZADO;FINALIZADO;FINALIZADO;;;-;Sudeste;BACKLOG 22.06_23.07
16/07/2026;22/07/2026;260722-000363;EXTRAVIO ;NOVA (RIBEIRAO PRETO);N17;RIBEIRAO PRETO;SP;713809;SCB01;XD DIADEMA;14421987;8898954;SIM;NOTIFICAÇÃO ENVIADA VIA PLANILHA POR CONTA DA ALTA DEMANDA;CARTA ENVIADA;29/07/2026;NÃO LOCALIZADO;FINALIZADO;FINALIZADO;;;-;Sudeste;BACKLOG 22.06_23.07
16/07/2026;22/07/2026;260722-000356;EXTRAVIO ;NOVA (RIBEIRAO PRETO);N17;RIBEIRAO PRETO;SP;713809;SCB01;XD DIADEMA;14421448;8899274;SIM;NOTIFICAÇÃO ENVIADA VIA PLANILHA POR CONTA DA ALTA DEMANDA;CARTA ENVIADA;29/07/2026;NÃO LOCALIZADO;FINALIZADO;FINALIZADO;;;-;Sudeste;BACKLOG 22.06_23.07
16/07/2026;22/07/2026;260722-000352;EXTRAVIO ;NOVA (RIBEIRAO PRETO);N17;RIBEIRAO PRETO;SP;713809;SCB01;XD DIADEMA;14417532;8643454;SIM;NOTIFICAÇÃO ENVIADA VIA PLANILHA POR CONTA DA ALTA DEMANDA;CARTA ENVIADA;29/07/2026;NÃO LOCALIZADO;FINALIZADO;FINALIZADO;;;-;Sudeste;BACKLOG 22.06_23.07
16/07/2026;22/07/2026;260722-000349;EXTRAVIO ;NOVA (RIBEIRAO PRETO);N17;RIBEIRAO PRETO;SP;713809;SCB01;XD DIADEMA;14410981;87001643;SIM;NOTIFICAÇÃO ENVIADA VIA PLANILHA POR CONTA DA ALTA DEMANDA;CARTA ENVIADA;29/07/2026;NÃO LOCALIZADO;FINALIZADO;FINALIZADO;;;-;Sudeste;BACKLOG 22.06_23.07
01/07/2026;22/07/2026;260722-000345;EXTRAVIO ;NOVA (RIBEIRAO PRETO);N17;RIBEIRAO PRETO;SP;713204;SCB01;XD DIADEMA;14412402;8869672;SIM;NOTIFICAÇÃO ENVIADA VIA PLANILHA POR CONTA DA ALTA DEMANDA;CARTA ENVIADA;29/07/2026;NÃO LOCALIZADO;FINALIZADO;FINALIZADO;;;-;Sudeste;BACKLOG 22.06_23.07
16/07/2026;22/07/2026;260722-000337;EXTRAVIO ;NOVA (RIBEIRAO PRETO);N17;RIBEIRAO PRETO;SP;713809;SCB01;XD DIADEMA;14422573;8898833;SIM;NOTIFICAÇÃO ENVIADA VIA PLANILHA POR CONTA DA ALTA DEMANDA;CARTA ENVIADA;29/07/2026;NÃO LOCALIZADO;FINALIZADO;FINALIZADO;;;-;Sudeste;BACKLOG 22.06_23.07
16/07/2026;22/07/2026;260722-000331;EXTRAVIO ;NOVA (RIBEIRAO PRETO);N17;RIBEIRAO PRETO;SP;713809;SCB01;XD DIADEMA;14418690;8883640/8883884/87006786;SIM;NOTIFICAÇÃO ENVIADA VIA PLANILHA POR CONTA DA ALTA DEMANDA;CARTA ENVIADA;29/07/2026;NÃO LOCALIZADO;FINALIZADO;FINALIZADO;;;-;Sudeste;BACKLOG 22.06_23.07
16/07/2026;22/07/2026;260722-000325;EXTRAVIO ;NOVA (RIBEIRAO PRETO);N17;RIBEIRAO PRETO;SP;713809;SCB01;XD DIADEMA;14421445;8898957/8899174;SIM;NOTIFICAÇÃO ENVIADA VIA PLANILHA POR CONTA DA ALTA DEMANDA;CARTA ENVIADA;29/07/2026;NÃO LOCALIZADO;FINALIZADO;FINALIZADO;;;-;Sudeste;BACKLOG 22.06_23.07
16/07/2026;22/07/2026;260722-000322;EXTRAVIO ;NOVA (RIBEIRAO PRETO);N17;RIBEIRAO PRETO;SP;713809;SCB01;XD DIADEMA;14422433;8899176/8899177/8899186;SIM;NOTIFICAÇÃO ENVIADA VIA PLANILHA POR CONTA DA ALTA DEMANDA;CARTA ENVIADA;29/07/2026;NÃO LOCALIZADO;FINALIZADO;FINALIZADO;;;-;Sudeste;BACKLOG 22.06_23.07
16/07/2026;22/07/2026;260722-000318;EXTRAVIO ;NOVA (RIBEIRAO PRETO);N17;RIBEIRAO PRETO;SP;713809;SCB01;XD DIADEMA;14421991;8898846/8898847/8898848/8898849;SIM;NOTIFICAÇÃO ENVIADA VIA PLANILHA POR CONTA DA ALTA DEMANDA;CARTA ENVIADA;29/07/2026;NÃO LOCALIZADO;FINALIZADO;FINALIZADO;;;-;Sudeste;BACKLOG 22.06_23.07
08/07/2026;22/07/2026;260722-000283;EXTRAVIO ;PROESTE (LENCOIS PAULISTA);D18;LENCOIS PAULISTA;SP;714394;SCB01;ALFA;14415266;8875286;SIM;NOTIFICAÇÃO ENVIADA VIA PLANILHA POR CONTA DA ALTA DEMANDA;CARTA ENVIADA;29/07/2026;NÃO LOCALIZADO;FINALIZADO;FINALIZADO;;;-;Sudeste;BACKLOG 22.06_23.07
20/07/2026;22/07/2026;260722-000252;EXTRAVIO ;MCV (CARATINGA);C78;CARATINGA;MG;715186;SCB01;CAMILO;14435470;8955786;SIM;NOTIFICAÇÃO ENVIADA VIA PLANILHA POR CONTA DA ALTA DEMANDA;FINALIZADO COMO RESOLVIDO;29/07/2026;LOCALIZADO;FINALIZADO;FINALIZADO;;;-;Sudeste;BACKLOG 22.06_23.07
10/07/2026;22/07/2026;260722-000249;EXTRAVIO ;JAVEP (JAU);C14;MARILIA;SP;717223;SCB01;ALFA;14422475;8906601;SIM;NOTIFICAÇÃO ENVIADA VIA PLANILHA POR CONTA DA ALTA DEMANDA;CARTA ENVIADA;29/07/2026;NÃO LOCALIZADO;FINALIZADO;FINALIZADO;;;-;Sudeste;BACKLOG 22.06_23.07
20/07/2026;22/07/2026;260722-000248;EXTRAVIO ;MCV (CARATINGA);C78;CARATINGA;MG;715843;SCB01;CAMILO;14438075/14438675/;8990590/8989912/;SIM;NOTIFICAÇÃO ENVIADA VIA PLANILHA POR CONTA DA ALTA DEMANDA;CARTA ENVIADA;29/07/2026;NÃO LOCALIZADO;FINALIZADO;FINALIZADO;;;-;Sudeste;BACKLOG 22.06_23.07
16/07/2026;22/07/2026;260722-000225;EXTRAVIO ;NOVA (RIBEIRAO PRETO);N17;RIBEIRAO PRETO;SP;713809;SCB01;XD DIADEMA;14422465;8663196/8663197/8963198/8677374/8677375/8677376/8677405/8677406;SIM;NOTIFICAÇÃO ENVIADA VIA PLANILHA POR CONTA DA ALTA DEMANDA;CARTA ENVIADA;29/07/2026;NÃO LOCALIZADO;FINALIZADO;FINALIZADO;;;-;Sudeste;BACKLOG 22.06_23.07
21/07/2026;22/07/2026;260722-000224;EXTRAVIO ;AMERICAS (BARRA);F34;Rio de Janeiro;RJ;719529;SCB01;XD DIADEMA;14478996/14479337/14480039/14482686/;9129080/9129081/9129082/9129083/9129084/9129085/9129086/9129087/9129088/9129124/9129143/9137150/9143954;SIM;NOTIFICAÇÃO ENVIADA VIA PLANILHA POR CONTA DA ALTA DEMANDA;CARTA ENVIADA;29/07/2026;NÃO LOCALIZADO;FINALIZADO;FINALIZADO;;;-;Sudeste;BACKLOG 22.06_23.07
16/07/2026;22/07/2026;260722-000219;EXTRAVIO ;NOVA (RIBEIRAO PRETO);N17;RIBEIRAO PRETO;SP;713809;SCB01;XD DIADEMA;14422571;8898833/8899166/8899261/8899262;SIM;NOTIFICAÇÃO ENVIADA VIA PLANILHA POR CONTA DA ALTA DEMANDA;CARTA ENVIADA;29/07/2026;NÃO LOCALIZADO;FINALIZADO;FINALIZADO;;;-;Sudeste;BACKLOG 22.06_23.07
22/07/2026;22/07/2026;260722-000216;EXTRAVIO ;JORLAN (GOIANIA);J23;GOIANIA;GO;720374;SCB01;XD DIADEMA;14488679;9167862;SIM;NOTIFICAÇÃO ENVIADA VIA PLANILHA POR CONTA DA ALTA DEMANDA;CARTA ENVIADA;29/07/2026;NÃO LOCALIZADO;FINALIZADO;FINALIZADO;;;-;CO;BACKLOG 22.06_23.07
16/07/2026;22/07/2026;260722-000215;EXTRAVIO ;NOVA (RIBEIRAO PRETO);N17;RIBEIRAO PRETO;SP;713809;SCB01;XD DIADEMA;14421446;8898957/8899174;SIM;NOTIFICAÇÃO ENVIADA VIA PLANILHA POR CONTA DA ALTA DEMANDA;CARTA ENVIADA;29/07/2026;NÃO LOCALIZADO;FINALIZADO;FINALIZADO;;;-;Sudeste;BACKLOG 22.06_23.07
22/07/2026;22/07/2026;260722-000213;EXTRAVIO ;JORLAN (GOIANIA);J23;GOIANIA;GO;720374;SCB01;XD DIADEMA;14485762;9153577;SIM;NOTIFICAÇÃO ENVIADA VIA PLANILHA POR CONTA DA ALTA DEMANDA;CARTA ENVIADA;29/07/2026;NÃO LOCALIZADO;FINALIZADO;FINALIZADO;;;-;CO;BACKLOG 22.06_23.07
16/07/2026;22/07/2026;260722-000209;EXTRAVIO ;NOVA (RIBEIRAO PRETO);N17;RIBEIRAO PRETO;SP;713809;SCB01;XD DIADEMA;14419913;8884139;SIM;NOTIFICAÇÃO ENVIADA VIA PLANILHA POR CONTA DA ALTA DEMANDA;CARTA ENVIADA;29/07/2026;NÃO LOCALIZADO;FINALIZADO;FINALIZADO;;;-;Sudeste;BACKLOG 22.06_23.07
16/07/2026;22/07/2026;260722-000205;EXTRAVIO ;NOVA (RIBEIRAO PRETO);N17;RIBEIRAO PRETO;SP;713809;SCB01;XD DIADEMA;14419912;8884139;SIM;NOTIFICAÇÃO ENVIADA VIA PLANILHA POR CONTA DA ALTA DEMANDA;CARTA ENVIADA;29/07/2026;NÃO LOCALIZADO;FINALIZADO;FINALIZADO;;;-;Sudeste;BACKLOG 22.06_23.07
21/07/2026;22/07/2026;260722-000202;EXTRAVIO ;AMERICAS (BARRA);F34;Rio de Janeiro;RJ;719317;SCB01;XD DIADEMA;14478270/14478952/14478953/14479048/14479049/14479173/14479174/;87003513/9129026/9129270/9129303/9129194/9129202/9129204/9129231;SIM;NOTIFICAÇÃO ENVIADA VIA PLANILHA POR CONTA DA ALTA DEMANDA;CARTA ENVIADA;29/07/2026;NÃO LOCALIZADO;FINALIZADO;FINALIZADO;;;-;Sudeste;BACKLOG 22.06_23.07
16/07/2026;22/07/2026;260722-000200;EXTRAVIO ;NOVA (RIBEIRAO PRETO);N17;RIBEIRAO PRETO;SP;713809;SCB01;XD DIADEMA;14410973;8855121/8855122;SIM;NOTIFICAÇÃO ENVIADA VIA PLANILHA POR CONTA DA ALTA DEMANDA;CARTA ENVIADA;29/07/2026;NÃO LOCALIZADO;FINALIZADO;FINALIZADO;;;-;Sudeste;BACKLOG 22.06_23.07
16/07/2026;22/07/2026;260722-000198;EXTRAVIO ;NOVA (RIBEIRAO PRETO);N17;RIBEIRAO PRETO;SP;713809;SCB01;XD DIADEMA;14413398;8869671/8869672;SIM;NOTIFICAÇÃO ENVIADA VIA PLANILHA POR CONTA DA ALTA DEMANDA;CARTA ENVIADA;29/07/2026;NÃO LOCALIZADO;FINALIZADO;FINALIZADO;;;-;Sudeste;BACKLOG 22.06_23.07
21/07/2026;22/07/2026;260722-000179;EXTRAVIO ;AMERICAS (BARRA);F34;Rio de Janeiro;RJ;719870;SCB01;XD DIADEMA;14483450/14486535/14484134;9150735/9144411/9129089;SIM;NOTIFICAÇÃO ENVIADA VIA PLANILHA POR CONTA DA ALTA DEMANDA;CARTA ENVIADA;29/07/2026;NÃO LOCALIZADO;FINALIZADO;FINALIZADO;;;-;Sudeste;BACKLOG 22.06_23.07
01/07/2026;22/07/2026;260722-000107;EXTRAVIO ;CARRERA (VILA LEOPOLDINA);J36;SAO PAULO;SP;714256;SCB01;XD DIADEMA;14406845;8696972;SIM;NOTIFICAÇÃO ENVIADA VIA PLANILHA POR CONTA DA ALTA DEMANDA;CARTA ENVIADA;29/07/2026;NÃO LOCALIZADO;FINALIZADO;FINALIZADO;;;-;Sudeste;BACKLOG 22.06_23.07
21/07/2026;22/07/2026;260722-000098;EXTRAVIO ;AMERICAS (BARRA);F34;Rio de Janeiro;RJ;719624;SCB01;XD DIADEMA;"/14480332;/14484024;/14484053;/14479255;/14479343;/14478994;/14479169;/14479377;/14479376;/14478657/";"/9137183;/9137210;/9144423;/9150967;/9129406;/9129379;/9129396;/9129397;/9129398;/9129399;/9129400;/9129401;/9129335;/9129336;/9129343;/9129344;/9129345;/9129346;/9129347;/9129348;/9129349;/9129350;/9129351;/9129342;/9129013;/9128978;/9128984;/9128985;/9129008;/9128957.";SIM;NOTIFICAÇÃO ENVIADA VIA PLANILHA POR CONTA DA ALTA DEMANDA;CARTA ENVIADA;29/07/2026;NÃO LOCALIZADO;FINALIZADO;FINALIZADO;;;-;Sudeste;BACKLOG 22.06_23.07
16/07/2026;22/07/2026;260722-000088;EXTRAVIO ;NOVA (RIBEIRAO PRETO);N17;RIBEIRAO PRETO;SP;715027;SCB01;XD DIADEMA;14432079;8943072;SIM;NOTIFICAÇÃO ENVIADA VIA PLANILHA POR CONTA DA ALTA DEMANDA;CARTA ENVIADA;29/07/2026;NÃO LOCALIZADO;FINALIZADO;FINALIZADO;;;-;Sudeste;BACKLOG 22.06_23.07
16/07/2026;22/07/2026;260722-000060;EXTRAVIO ;NOVA (RIBEIRAO PRETO);N17;RIBEIRAO PRETO;SP;715027;SCB01;XD DIADEMA;14432153;8942477;SIM;NOTIFICAÇÃO ENVIADA VIA PLANILHA POR CONTA DA ALTA DEMANDA;CARTA ENVIADA;29/07/2026;NÃO LOCALIZADO;FINALIZADO;FINALIZADO;;;-;Sudeste;BACKLOG 22.06_23.07
05/08/2026;22/07/2026;260722-000050;EXTRAVIO ;GRANDE MINAS (PAMPULHA);F51;BELO HORIZONTE;MG;715471;SCB01;XD DIADEMA;14437558;8990268;SIM;NOTIFICAÇÃO ENVIADA VIA PLANILHA POR CONTA DA ALTA DEMANDA;CARTA ENVIADA;29/07/2026;NÃO LOCALIZADO;FINALIZADO;FINALIZADO;;;-;Sudeste;BACKLOG 22.06_23.07
21/07/2026;22/07/2026;260722-000037;EXTRAVIO ;MAPI (LAVRAS);C59;LAVRAS;MG;713987;SCB01;XD DIADEMA;14418142;8890406;SIM;NOTIFICAÇÃO ENVIADA VIA PLANILHA POR CONTA DA ALTA DEMANDA;FINALIZADO COMO RESOLVIDO;29/07/2026;LOCALIZADO;FINALIZADO;FINALIZADO;;;-;Sudeste;BACKLOG 22.06_23.07
16/07/2026;22/07/2026;260722-000034;EXTRAVIO ;NOVA (RIBEIRAO PRETO);N17;RIBEIRAO PRETO;SP;716042;SCB01;XD DIADEMA;14432951;8943076;SIM;NOTIFICAÇÃO ENVIADA VIA PLANILHA POR CONTA DA ALTA DEMANDA;CARTA ENVIADA;29/07/2026;NÃO LOCALIZADO;FINALIZADO;FINALIZADO;;;-;Sudeste;BACKLOG 22.06_23.07
16/07/2026;22/07/2026;260722-000029;EXTRAVIO ;NOVA (RIBEIRAO PRETO);N17;RIBEIRAO PRETO;SP;716042;SCB01;XD DIADEMA;14432923;8943075;SIM;NOTIFICAÇÃO ENVIADA VIA PLANILHA POR CONTA DA ALTA DEMANDA;CARTA ENVIADA;29/07/2026;NÃO LOCALIZADO;FINALIZADO;FINALIZADO;;;-;Sudeste;BACKLOG 22.06_23.07
16/07/2026;22/07/2026;260722-000026;EXTRAVIO ;NOVA (RIBEIRAO PRETO);N17;RIBEIRAO PRETO;SP;716042;SCB01;XD DIADEMA;14432908;8943074;SIM;NOTIFICAÇÃO ENVIADA VIA PLANILHA POR CONTA DA ALTA DEMANDA;CARTA ENVIADA;29/07/2026;NÃO LOCALIZADO;FINALIZADO;FINALIZADO;;;-;Sudeste;BACKLOG 22.06_23.07
16/07/2026;22/07/2026;260722-000021;EXTRAVIO ;NOVA (RIBEIRAO PRETO);N17;RIBEIRAO PRETO;SP;716042;SCB01;XD DIADEMA;14432921;89430073;SIM;NOTIFICAÇÃO ENVIADA VIA PLANILHA POR CONTA DA ALTA DEMANDA;CARTA ENVIADA;29/07/2026;NÃO LOCALIZADO;FINALIZADO;FINALIZADO;;;-;Sudeste;BACKLOG 22.06_23.07
21/07/2026;22/07/2026;260722-000016;EXTRAVIO ;NOVA (BELEM) - PECAS;N43;SÃO PAULO;SP;719717;SCB01;XD DIADEMA;14465111;9076848;SIM;NOTIFICAÇÃO ENVIADA VIA PLANILHA POR CONTA DA ALTA DEMANDA;CARTA ENVIADA;29/07/2026;NÃO LOCALIZADO;FINALIZADO;FINALIZADO;;;-;Sudeste;BACKLOG 22.06_23.07
22/07/2026;23/07/2026;260723-000434;EXTRAVIO ;ABSOLUTA (DIREITOS HUMANOS);D97;SAO PAULO;SP;718245;SCB01;XD DIADEMA;14466552/14464248/;9076949/9076870;SIM;NOTIFICAÇÃO ENVIADA VIA PLANILHA POR CONTA DA ALTA DEMANDA;CARTA ENVIADA;30/07/2026;NÃO LOCALIZADO;FINALIZADO;FINALIZADO;;;-;Sudeste;BACKLOG 22.06_23.07
17/07/2026;23/07/2026;260723-000433;EXTRAVIO ;MARKA (DIVINOPOLIS);D73;DIVINOPOLIS;MG;713706;SCB01;CAMILO;14385976;8709096;SIM;NOTIFICAÇÃO ENVIADA VIA PLANILHA POR CONTA DA ALTA DEMANDA;CARTA ENVIADA;30/07/2026;NÃO LOCALIZADO;FINALIZADO;FINALIZADO;;;-;Sudeste;BACKLOG 22.06_23.07
15/07/2026;23/07/2026;260723-000422;EXTRAVIO ;VEIBRAS;V43;SAO JOSE DOS CAMPOS;SP;715390;SCB01;XD DIADEMA;14435738;8856209;SIM;NOTIFICAÇÃO ENVIADA VIA PLANILHA POR CONTA DA ALTA DEMANDA;CARTA ENVIADA;30/07/2026;NÃO LOCALIZADO;FINALIZADO;FINALIZADO;;;-;Sudeste;BACKLOG 22.06_23.07
15/07/2026;23/07/2026;260723-000421;EXTRAVIO ;VEIBRAS;V43;SAO JOSE DOS CAMPOS;SP;715390;SCB01;XD DIADEMA;14435740;8956199;SIM;NOTIFICAÇÃO ENVIADA VIA PLANILHA POR CONTA DA ALTA DEMANDA;CARTA ENVIADA;30/07/2026;NÃO LOCALIZADO;FINALIZADO;FINALIZADO;;;-;Sudeste;BACKLOG 22.06_23.07
20/07/2026;23/07/2026;260723-000418;EXTRAVIO ;VEIBRAS;V43;SAO JOSE DOS CAMPOS;SP;719665;SCB01;XD DIADEMA;14479364;9128983;SIM;NOTIFICAÇÃO ENVIADA VIA PLANILHA POR CONTA DA ALTA DEMANDA;CARTA ENVIADA;30/07/2026;NÃO LOCALIZADO;FINALIZADO;FINALIZADO;;;-;Sudeste;BACKLOG 22.06_23.07
15/07/2026;23/07/2026;260723-000413;EXTRAVIO ;VEIBRAS;V43;SAO JOSE DOS CAMPOS;SP;715869;SCB01;XD DIADEMA;14438912;8989708;SIM;NOTIFICAÇÃO ENVIADA VIA PLANILHA POR CONTA DA ALTA DEMANDA;CARTA ENVIADA;30/07/2026;NÃO LOCALIZADO;FINALIZADO;FINALIZADO;;;-;Sudeste;BACKLOG 22.06_23.07
08/06/2026;23/07/2026;260723-000395;EXTRAVIO ;MARKA (DIVINOPOLIS);D73;DIVINOPOLIS;MG;239021;SCB01;XD MINAS;1319807;2444753;SIM;NOTIFICAÇÃO ENVIADA VIA PLANILHA POR CONTA DA ALTA DEMANDA;CARTA ENVIADA;30/07/2026;NÃO LOCALIZADO;FINALIZADO;FINALIZADO;;;-;Sudeste;NORMAL
22/07/2026;23/07/2026;260723-000394;EXTRAVIO ;LIDER BH (ANDRADAS);L99;Belo Horizonte;MG;719640;SCB01;XD DIADEMA;14479373;912007;SIM;NOTIFICAÇÃO ENVIADA VIA PLANILHA POR CONTA DA ALTA DEMANDA;CARTA ENVIADA;30/07/2026;NÃO LOCALIZADO;FINALIZADO;FINALIZADO;;;-;Sudeste;BACKLOG 22.06_23.07
22/07/2026;23/07/2026;260723-000393;EXTRAVIO ;LIDER BH (ANDRADAS);L99;Belo Horizonte;MG;719640;SCB01;XD DIADEMA;14479373;912006;SIM;NOTIFICAÇÃO ENVIADA VIA PLANILHA POR CONTA DA ALTA DEMANDA;CARTA ENVIADA;30/07/2026;NÃO LOCALIZADO;FINALIZADO;FINALIZADO;;;-;Sudeste;BACKLOG 22.06_23.07
22/07/2026;23/07/2026;260723-000391;EXTRAVIO ;LIDER BH (ANDRADAS);L99;Belo Horizonte;MG;719640;SCB01;XD DIADEMA;14479373;9129005;SIM;NOTIFICAÇÃO ENVIADA VIA PLANILHA POR CONTA DA ALTA DEMANDA;CARTA ENVIADA;30/07/2026;NÃO LOCALIZADO;FINALIZADO;FINALIZADO;;;-;Sudeste;BACKLOG 22.06_23.07
16/07/2026;23/07/2026;260723-000387;EXTRAVIO ;MCV (MANHUACU);C48;MANHUACU;MG;713703;SCB01;XD DIADEMA;14420139;todos;SIM;NOTIFICAÇÃO ENVIADA VIA PLANILHA POR CONTA DA ALTA DEMANDA;CARTA ENVIADA;30/07/2026;NÃO LOCALIZADO;FINALIZADO;FINALIZADO;;;-;Sudeste;BACKLOG 22.06_23.07
28/05/2026;23/07/2026;260723-000377;EXTRAVIO ;MARKA (DIVINOPOLIS);D73;DIVINOPOLIS;MG;706170;SCB01;XD MINAS;14331834;8523792;SIM;NOTIFICAÇÃO ENVIADA VIA PLANILHA POR CONTA DA ALTA DEMANDA;CARTA ENVIADA;30/07/2026;NÃO LOCALIZADO;FINALIZADO;FINALIZADO;;;-;Sudeste;NORMAL
23/07/2026;23/07/2026;260723-000372;EXTRAVIO ;GRANDE MINAS (PAMPULHA);F51;CONTAGEM;SP;719871;SCB01;XD DIADEMA;14484330/NF14483887/14483888/NF14486181/NF14484330/NF14484121;9150590/9150668/9151038/9151320/;SIM;NOTIFICAÇÃO ENVIADA VIA PLANILHA POR CONTA DA ALTA DEMANDA;CARTA ENVIADA;30/07/2026;NÃO LOCALIZADO;FINALIZADO;FINALIZADO;;;-;Sudeste;BACKLOG 22.06_23.07
22/07/2026;23/07/2026;260723-000366;EXTRAVIO ;LIDER (CAMPO GRANDE);L46;RIO DE JANEIRO;RJ;719991;SCB01;CAMILO;14482329;9143179;SIM;NOTIFICAÇÃO ENVIADA VIA PLANILHA POR CONTA DA ALTA DEMANDA;CARTA ENVIADA;30/07/2026;NÃO LOCALIZADO;FINALIZADO;FINALIZADO;;;-;Sudeste;BACKLOG 22.06_23.07
10/06/2026;23/07/2026;260723-000365;EXTRAVIO ;LIRAUTO;L26;Boa Vista;RR;705492;SCB01;CARVALIMA;14310654;8460194;SIM;NOTIFICAÇÃO ENVIADA VIA PLANILHA POR CONTA DA ALTA DEMANDA;CARTA ENVIADA;30/07/2026;NÃO LOCALIZADO;FINALIZADO;FINALIZADO;;;-;Norte;NORMAL
30/05/2026;23/07/2026;260723-000355;EXTRAVIO ;LIRAUTO;L26;Boa Vista;RR;701215;SCB01;NORTEX;14266805/14266805/14266809/14266812;8290010;SIM;NOTIFICAÇÃO ENVIADA VIA PLANILHA POR CONTA DA ALTA DEMANDA;CARTA ENVIADA;30/07/2026;NÃO LOCALIZADO;FINALIZADO;FINALIZADO;;;-;Norte;NORMAL
29/05/2026;23/07/2026;260723-000347;EXTRAVIO ;LIRAUTO;L26;Boa Vista;RR;689093;SCB01;NORTEX;14116412;80231155;SIM;NOTIFICAÇÃO ENVIADA VIA PLANILHA POR CONTA DA ALTA DEMANDA;CARTA ENVIADA;30/07/2026;NÃO LOCALIZADO;FINALIZADO;FINALIZADO;;;-;Norte;NORMAL
27/05/2026;23/07/2026;260723-000345;EXTRAVIO ;MARKA (DIVINOPOLIS);D73;PARA DE MINAS;MG;706171;SCB01;XD MINAS;14329085;8530177;SIM;NOTIFICAÇÃO ENVIADA VIA PLANILHA POR CONTA DA ALTA DEMANDA;CARTA ENVIADA;30/07/2026;NÃO LOCALIZADO;FINALIZADO;FINALIZADO;;;-;Sudeste;NORMAL
17/07/2026;23/07/2026;260723-000336;EXTRAVIO ;GRANDE MINAS (PAMPULHA);F51;BELO HORIZONTE;MG;717553;SCB01;XD DIADEMA;14454931;9052775/9024112;SIM;NOTIFICAÇÃO ENVIADA VIA PLANILHA POR CONTA DA ALTA DEMANDA;CARTA ENVIADA;30/07/2026;NÃO LOCALIZADO;FINALIZADO;FINALIZADO;;;-;Sudeste;BACKLOG 22.06_23.07
14/08/2026;23/07/2026;260723-000293;EXTRAVIO ;PROESTE (BOTUCATU);R69;Botucatu;SP;715649;SCB01;ALFA;14426642;Total;SIM;NOTIFICAÇÃO ENVIADA VIA PLANILHA POR CONTA DA ALTA DEMANDA;CARTA ENVIADA;30/07/2026;NÃO LOCALIZADO;FINALIZADO;FINALIZADO;;;-;Sudeste;BACKLOG 22.06_23.07
23/07/2026;23/07/2026;260723-000280;EXTRAVIO ;JORLAN (BARAO H. DE MELO);J66;BELO HORIZONTE;MG;719888;SCB01;XD DIADEMA;14484149;9150762;SIM;NOTIFICAÇÃO ENVIADA VIA PLANILHA POR CONTA DA ALTA DEMANDA;CARTA ENVIADA;30/07/2026;NÃO LOCALIZADO;FINALIZADO;FINALIZADO;;;-;Sudeste;BACKLOG 22.06_23.07
14/07/2026;23/07/2026;260723-000278;EXTRAVIO ;NOVO RIO (ARAGUAINA);N94;ARAGUAINA;TO;716653;SCB01;RIO VERMELHO;14445067;9022128/9022131;SIM;NOTIFICAÇÃO ENVIADA VIA PLANILHA POR CONTA DA ALTA DEMANDA;CARTA ENVIADA;30/07/2026;NÃO LOCALIZADO;FINALIZADO;FINALIZADO;;;-;CO;BACKLOG 22.06_23.07
14/07/2026;23/07/2026;260723-000277;EXTRAVIO ;NOVO RIO (ARAGUAINA);N94;ARAGUAINA;TO;716653;SCB01;RIO VERMELHO;14445905;9023164;SIM;NOTIFICAÇÃO ENVIADA VIA PLANILHA POR CONTA DA ALTA DEMANDA;CARTA ENVIADA;30/07/2026;NÃO LOCALIZADO;FINALIZADO;FINALIZADO;;;-;CO;BACKLOG 22.06_23.07
14/07/2026;23/07/2026;260723-000274;EXTRAVIO ;NOVO RIO (ARAGUAINA);N94;ARAGUAINA;TO;716653;SCB01;RIO VERMELHO;14445703;9023118;SIM;NOTIFICAÇÃO ENVIADA VIA PLANILHA POR CONTA DA ALTA DEMANDA;CARTA ENVIADA;30/07/2026;NÃO LOCALIZADO;FINALIZADO;FINALIZADO;;;-;CO;BACKLOG 22.06_23.07
14/07/2026;23/07/2026;260723-000273;EXTRAVIO ;NOVO RIO (ARAGUAINA);N94;ARAGUAINA;TO;714128;SCB01;RIO VERMELHO;14422848;8901649;SIM;NOTIFICAÇÃO ENVIADA VIA PLANILHA POR CONTA DA ALTA DEMANDA;CARTA ENVIADA;30/07/2026;NÃO LOCALIZADO;FINALIZADO;FINALIZADO;;;-;CO;BACKLOG 22.06_23.07
16/07/2026;23/07/2026;260723-000257;EXTRAVIO ;NOVA (RIBEIRAO PRETO);N17;RIBEIRAO PRETO;SP;716497;SCB01;XD DIADEMA;14443427;87076622;SIM;NOTIFICAÇÃO ENVIADA VIA PLANILHA POR CONTA DA ALTA DEMANDA;CARTA ENVIADA;30/07/2026;NÃO LOCALIZADO;FINALIZADO;FINALIZADO;;;-;Sudeste;BACKLOG 22.06_23.07
16/07/2026;23/07/2026;260723-000254;EXTRAVIO ;NOVA (RIBEIRAO PRETO);N17;RIBEIRAO PRETO;SP;716497;SCB01;XD DIADEMA;14443425;8707007/8707008/8707009/8707044/8707045;SIM;NOTIFICAÇÃO ENVIADA VIA PLANILHA POR CONTA DA ALTA DEMANDA;CARTA ENVIADA;30/07/2026;NÃO LOCALIZADO;FINALIZADO;FINALIZADO;;;-;Sudeste;BACKLOG 22.06_23.07
16/07/2026;23/07/2026;260723-000247;EXTRAVIO ;NOVA (RIBEIRAO PRETO);N17;RIBEIRAO PRETO;SP;716497;SCB01;XD DIADEMA;14443411;8707651;SIM;NOTIFICAÇÃO ENVIADA VIA PLANILHA POR CONTA DA ALTA DEMANDA;CARTA ENVIADA;30/07/2026;NÃO LOCALIZADO;FINALIZADO;FINALIZADO;;;-;Sudeste;BACKLOG 22.06_23.07
16/07/2026;23/07/2026;260723-000227;EXTRAVIO ;NOVA (RIBEIRAO PRETO);N17;RIBEIRAO PRETO;SP;716497;SCB01;XD DIADEMA;14443410;87077652;SIM;NOTIFICAÇÃO ENVIADA VIA PLANILHA POR CONTA DA ALTA DEMANDA;CARTA ENVIADA;30/07/2026;NÃO LOCALIZADO;FINALIZADO;FINALIZADO;;;-;Sudeste;BACKLOG 22.06_23.07
05/08/2026;23/07/2026;260723-000194;EXTRAVIO ;SABENAUTO (RIO BRANCO);U14;RIO BRANCO;AC;717785;SCB01;CARVALIMA;14447696;9023300;SIM;NOTIFICAÇÃO ENVIADA VIA PLANILHA POR CONTA DA ALTA DEMANDA;CARTA ENVIADA;30/07/2026;NÃO LOCALIZADO;FINALIZADO;FINALIZADO;;;-;Norte;BACKLOG 22.06_23.07
05/08/2026;23/07/2026;260723-000193;EXTRAVIO ;SABENAUTO (RIO BRANCO);U14;RIO BRANCO;AC;717785;SCB01;CARVALIMA;14447694;9023315;SIM;NOTIFICAÇÃO ENVIADA VIA PLANILHA POR CONTA DA ALTA DEMANDA;CARTA ENVIADA;30/07/2026;NÃO LOCALIZADO;FINALIZADO;FINALIZADO;;;-;Norte;BACKLOG 22.06_23.07
05/08/2026;23/07/2026;260723-000192;EXTRAVIO ;SABENAUTO (RIO BRANCO);U14;RIO BRANCO;AC;717785;SCB01;CARVALIMA;14447693;9023274;SIM;NOTIFICAÇÃO ENVIADA VIA PLANILHA POR CONTA DA ALTA DEMANDA;CARTA ENVIADA;30/07/2026;NÃO LOCALIZADO;FINALIZADO;FINALIZADO;;;-;Norte;BACKLOG 22.06_23.07
05/08/2026;23/07/2026;260723-000190;EXTRAVIO ;SABENAUTO (RIO BRANCO);U14;RIO BRANCO;AC;717785;SCB01;CARVALIMA;14447680;9007629/9007630/9008019;SIM;NOTIFICAÇÃO ENVIADA VIA PLANILHA POR CONTA DA ALTA DEMANDA;CARTA ENVIADA;30/07/2026;NÃO LOCALIZADO;FINALIZADO;FINALIZADO;;;-;Norte;BACKLOG 22.06_23.07
05/08/2026;23/07/2026;260723-000189;EXTRAVIO ;SABENAUTO (RIO BRANCO);U14;RIO BRANCO;AC;717785;SCB01;CARVALIMA;14447688;9023303;SIM;NOTIFICAÇÃO ENVIADA VIA PLANILHA POR CONTA DA ALTA DEMANDA;CARTA ENVIADA;30/07/2026;NÃO LOCALIZADO;FINALIZADO;FINALIZADO;;;-;Norte;BACKLOG 22.06_23.07
16/07/2026;23/07/2026;260723-000188;EXTRAVIO ;SABENAUTO (RIO BRANCO);U14;RIO BRANCO;AC;717785;SCB01;CARVALIMA;14447686;9023303;SIM;NOTIFICAÇÃO ENVIADA VIA PLANILHA POR CONTA DA ALTA DEMANDA;CARTA ENVIADA;30/07/2026;NÃO LOCALIZADO;FINALIZADO;FINALIZADO;;;-;Norte;BACKLOG 22.06_23.07
05/08/2026;23/07/2026;260723-000186;EXTRAVIO ;SABENAUTO (RIO BRANCO);U14;RIO BRANCO;AC;717785;SCB01;CARVALIMA;14447684;9007823/9008496/9008663;SIM;NOTIFICAÇÃO ENVIADA VIA PLANILHA POR CONTA DA ALTA DEMANDA;CARTA ENVIADA;30/07/2026;NÃO LOCALIZADO;FINALIZADO;FINALIZADO;;;-;Norte;BACKLOG 22.06_23.07
05/08/2026;23/07/2026;260723-000182;EXTRAVIO ;SABENAUTO (RIO BRANCO);U14;RIO BRANCO;AC;717785;SCB01;CARVALIMA;14447692;9008328/9023274/9023297;SIM;NOTIFICAÇÃO ENVIADA VIA PLANILHA POR CONTA DA ALTA DEMANDA;CARTA ENVIADA;30/07/2026;NÃO LOCALIZADO;FINALIZADO;FINALIZADO;;;-;Norte;BACKLOG 22.06_23.07
16/07/2026;23/07/2026;260723-000179;EXTRAVIO ;NOVA (RIBEIRAO PRETO);N17;RIBEIRAO PRETO;SP;714640;SCB01;XD DIADEMA;14426837;8918386;SIM;NOTIFICAÇÃO ENVIADA VIA PLANILHA POR CONTA DA ALTA DEMANDA;CARTA ENVIADA;30/07/2026;NÃO LOCALIZADO;FINALIZADO;FINALIZADO;;;-;Sudeste;BACKLOG 22.06_23.07
16/07/2026;23/07/2026;260723-000171;EXTRAVIO ;NOVA (RIBEIRAO PRETO);N17;RIBEIRAO PRETO;SP;716497;SCB01;XD DIADEMA;14442909;865334/8653265/87009691;SIM;NOTIFICAÇÃO ENVIADA VIA PLANILHA POR CONTA DA ALTA DEMANDA;CARTA ENVIADA;30/07/2026;NÃO LOCALIZADO;FINALIZADO;FINALIZADO;;;-;Sudeste;BACKLOG 22.06_23.07
05/08/2026;23/07/2026;260723-000161;EXTRAVIO ;SABENAUTO (RIO BRANCO);U14;RIO BRANCO;AC;717785;SCB01;CARVALIMA;14445913;9007889;SIM;NOTIFICAÇÃO ENVIADA VIA PLANILHA POR CONTA DA ALTA DEMANDA;CARTA ENVIADA;30/07/2026;NÃO LOCALIZADO;FINALIZADO;FINALIZADO;;;-;Norte;BACKLOG 22.06_23.07
31/07/2026;23/07/2026;260723-000117;EXTRAVIO ;PERKAL (CAMPO GRANDE);P04;CAMPO GRANDE;MS;720056;SCB01;CARVALIMA;14488854;9168186;SIM;NOTIFICAÇÃO ENVIADA VIA PLANILHA POR CONTA DA ALTA DEMANDA;FINALIZADO COMO RESOLVIDO;30/07/2026;LOCALIZADO;FINALIZADO;FINALIZADO;;;-;CO;BACKLOG 22.06_23.07
21/07/2026;23/07/2026;260723-000078;EXTRAVIO ;AUTUS (AFONSO PENA);X44;UBERLENDIA;MG;714737;SCB01;CAMILO;14428830;8922019;SIM;NOTIFICAÇÃO ENVIADA VIA PLANILHA POR CONTA DA ALTA DEMANDA;CARTA ENVIADA;30/07/2026;NÃO LOCALIZADO;FINALIZADO;FINALIZADO;;;-;Sudeste;BACKLOG 22.06_23.07
22/07/2026;23/07/2026;260723-000067;EXTRAVIO ;PLANETA (BRASILIA);S28;BRASILIA;DF;717755;SCB01;RIO VERMELHO;14461418;9073333;SIM;NOTIFICAÇÃO ENVIADA VIA PLANILHA POR CONTA DA ALTA DEMANDA;CARTA ENVIADA;30/07/2026;NÃO LOCALIZADO;FINALIZADO;FINALIZADO;;;-;CO;BACKLOG 22.06_23.07
19/06/2026;23/07/2026;260723-000047;EXTRAVIO ;VESSA (VILA VELHA);B15;Vila Velha;ES;710529;SCB01;CAMILO;14382635;8740407/8740412;SIM;NOTIFICAÇÃO ENVIADA VIA PLANILHA POR CONTA DA ALTA DEMANDA;CARTA ENVIADA;30/07/2026;NÃO LOCALIZADO;FINALIZADO;FINALIZADO;;;-;Sudeste;NORMAL
19/06/2026;23/07/2026;260723-000045;EXTRAVIO ;VESSA (VILA VELHA);B15;Vila Velha;ES;710529;SCB01;CAMILO;14329399;8523893;SIM;NOTIFICAÇÃO ENVIADA VIA PLANILHA POR CONTA DA ALTA DEMANDA;CARTA ENVIADA;30/07/2026;NÃO LOCALIZADO;FINALIZADO;FINALIZADO;;;-;Sudeste;NORMAL
19/06/2026;23/07/2026;260723-000041;EXTRAVIO ;VESSA (VILA VELHA);B15;Vila Velha;ES;710529;SCB01;CAMILO;14329398;8523893;SIM;NOTIFICAÇÃO ENVIADA VIA PLANILHA POR CONTA DA ALTA DEMANDA;CARTA ENVIADA;30/07/2026;NÃO LOCALIZADO;FINALIZADO;FINALIZADO;;;-;Sudeste;NORMAL
19/06/2026;23/07/2026;260723-000038;EXTRAVIO ;VESSA (VILA VELHA);B15;Vila Velha;ES;710529;SCB01;CAMILO;14329397;8523893;SIM;NOTIFICAÇÃO ENVIADA VIA PLANILHA POR CONTA DA ALTA DEMANDA;CARTA ENVIADA;30/07/2026;NÃO LOCALIZADO;FINALIZADO;FINALIZADO;;;-;Sudeste;NORMAL
19/06/2026;23/07/2026;260723-000034;EXTRAVIO ;VESSA (VILA VELHA);B15;Vila Velha;ES;710529;SCB01;CAMILO;14381248;8740347;SIM;NOTIFICAÇÃO ENVIADA VIA PLANILHA POR CONTA DA ALTA DEMANDA;CARTA ENVIADA;30/07/2026;NÃO LOCALIZADO;FINALIZADO;FINALIZADO;;;-;Sudeste;NORMAL
23/07/2026;24/07/2026;260724-000103;EXTRAVIO ;ACCIOLY BARAO DE LIMEIRA;A50;Rio de Janeiro;RJ;719982;SCB01;CAMILO;14485999/14482304/14482304/14482319/14486018/;/009050421/009143148/009143158/009143182/&/009143244/;SIM;NOTIFICAÇÃO ENVIADA VIA PLANILHA POR CONTA DA ALTA DEMANDA;CARTA ENVIADA;31/07/2026;NÃO LOCALIZADO;FINALIZADO;FINALIZADO;;;-;Sudeste;BACKLOG 22.06_23.07
23/07/2026;24/07/2026;260724-000101;EXTRAVIO ;ACCIOLY BARAO DE LIMEIRA;A50;Rio de Janeiro;RJ;719982;SCB01;CAMILO;14485999/14482304/14482304/14482319/14486018/;/009050421/009143148/009143158/009143182/&/009143244/;SIM;NOTIFICAÇÃO ENVIADA VIA PLANILHA POR CONTA DA ALTA DEMANDA;CARTA ENVIADA;31/07/2026;NÃO LOCALIZADO;FINALIZADO;FINALIZADO;;;-;Sudeste;BACKLOG 22.06_23.07
23/07/2026;24/07/2026;260724-000097;EXTRAVIO ;ACCIOLY BARAO DE LIMEIRA;A50;Rio de Janeiro;RJ;719982;SCB01;CAMILO;14485999/14482304/14482304/14482319/14486018/;/009050421/009143148/009143158/009143182/&/009143244/;SIM;NOTIFICAÇÃO ENVIADA VIA PLANILHA POR CONTA DA ALTA DEMANDA;CARTA ENVIADA;31/07/2026;NÃO LOCALIZADO;FINALIZADO;FINALIZADO;;;-;Sudeste;BACKLOG 22.06_23.07
23/07/2026;24/07/2026;260724-000093;EXTRAVIO ;ACCIOLY BARAO DE LIMEIRA;A50;Rio de Janeiro;RJ;719982;SCB01;CAMILO;14485999/14482304/14482304/14482319/14486018/;/009050421/009143148/009143158/009143182/&/009143244/;SIM;NOTIFICAÇÃO ENVIADA VIA PLANILHA POR CONTA DA ALTA DEMANDA;CARTA ENVIADA;31/07/2026;NÃO LOCALIZADO;FINALIZADO;FINALIZADO;;;-;Sudeste;BACKLOG 22.06_23.07
24/07/2026;24/07/2026;260724-000088;EXTRAVIO ;JORLAN (GOIANIA);J23;GOIANIA;GO;720740;SCB01;XD DIADEMA;14497089;9187093;SIM;NOTIFICAÇÃO ENVIADA VIA PLANILHA POR CONTA DA ALTA DEMANDA;CARTA ENVIADA;31/07/2026;NÃO LOCALIZADO;FINALIZADO;FINALIZADO;;;-;CO;BACKLOG 22.06_23.07
29/06/2026;24/07/2026;260724-000048;EXTRAVIO ;MCV (CARATINGA);C78;CARATINGA;MG;714775;SCB01;XD DIADEMA;14428651;8922620;SIM;NOTIFICAÇÃO ENVIADA VIA PLANILHA POR CONTA DA ALTA DEMANDA;CARTA ENVIADA;31/07/2026;NÃO LOCALIZADO;FINALIZADO;FINALIZADO;;;-;Sudeste;BACKLOG 22.06_23.07
22/07/2026;24/07/2026;260724-000039;EXTRAVIO ;ABSOLUTA (DIREITOS HUMANOS);D97;SAO PAULO;SP;716851;SCB01;XD DIADEMA;14447364/14447485/;9024589/-/9024590/87007202;SIM;NOTIFICAÇÃO ENVIADA VIA PLANILHA POR CONTA DA ALTA DEMANDA;CARTA ENVIADA;31/07/2026;NÃO LOCALIZADO;FINALIZADO;FINALIZADO;;;-;Sudeste;BACKLOG 22.06_23.07
02/07/2026;24/07/2026;260724-000034;EXTRAVIO ;NOVA (CAMPINAS) PEÇAS;C04;CAMPINAS;SP;715690;SCB01;XD DIADEMA;14436871;008985239/0008985242/0008985243/000898524;SIM;NOTIFICAÇÃO ENVIADA VIA PLANILHA POR CONTA DA ALTA DEMANDA;CARTA ENVIADA;31/07/2026;NÃO LOCALIZADO;FINALIZADO;FINALIZADO;;;-;Sudeste;BACKLOG 22.06_23.07
22/07/2026;24/07/2026;260724-000012;EXTRAVIO ;ABSOLUTA (DIREITOS HUMANOS);D97;SAO PAULO;SP;718445;SCB01;XD DIADEMA;14467629;9076928;SIM;NOTIFICAÇÃO ENVIADA VIA PLANILHA POR CONTA DA ALTA DEMANDA;CARTA ENVIADA;31/07/2026;NÃO LOCALIZADO;FINALIZADO;FINALIZADO;;;-;Sudeste;BACKLOG 22.06_23.07
27/07/2026;24/07/2026;260724-000133;EXTRAVIO ;ZAHER;Z13;RONDONOPOLIS;MT;716285;SCB01;CARVALIMA;14440565;8993493;SIM;NOTIFICAÇÃO ENVIADA VIA PLANILHA POR CONTA DA ALTA DEMANDA;CARTA ENVIADA;31/07/2026;NÃO LOCALIZADO;FINALIZADO;FINALIZADO;;;-;CO;BACKLOG 22.06_23.07
27/07/2026;24/07/2026;260724-000135;EXTRAVIO ;ZAHER;Z13;RONDONOPOLIS;MT;716285;SCB01;CARVALIMA;14440097;8993809/8993810/8993811;SIM;NOTIFICAÇÃO ENVIADA VIA PLANILHA POR CONTA DA ALTA DEMANDA;CARTA ENVIADA;31/07/2026;NÃO LOCALIZADO;FINALIZADO;FINALIZADO;;;-;CO;BACKLOG 22.06_23.07
27/07/2026;24/07/2026;260724-000138;EXTRAVIO ;ZAHER;Z13;RONDONOPOLIS;MT;716285;SCB01;CARVALIMA;14440568;8993493;SIM;NOTIFICAÇÃO ENVIADA VIA PLANILHA POR CONTA DA ALTA DEMANDA;CARTA ENVIADA;31/07/2026;NÃO LOCALIZADO;FINALIZADO;FINALIZADO;;;-;CO;BACKLOG 22.06_23.07
27/07/2026;24/07/2026;260724-000142;EXTRAVIO ;ZAHER;Z13;RONDONOPOLIS;MT;716285;SCB01;CARVALIMA;14440020;8993812/8993813/8993814/8993815;SIM;NOTIFICAÇÃO ENVIADA VIA PLANILHA POR CONTA DA ALTA DEMANDA;CARTA ENVIADA;31/07/2026;NÃO LOCALIZADO;FINALIZADO;FINALIZADO;;;-;CO;BACKLOG 22.06_23.07
27/07/2026;24/07/2026;260724-000140;EXTRAVIO ;ZAHER;Z13;RONDONOPOLIS;MT;716285;SCB01;CARVALIMA;14440562;8993493;SIM;NOTIFICAÇÃO ENVIADA VIA PLANILHA POR CONTA DA ALTA DEMANDA;CARTA ENVIADA;31/07/2026;NÃO LOCALIZADO;FINALIZADO;FINALIZADO;;;-;CO;BACKLOG 22.06_23.07
21/07/2026;24/07/2026;260724-000151;EXTRAVIO ;VIGORITO (ABC);E92;SÃO PAULO;SP;719524;SCB01;XD DIADEMA;14478722;9038027;SIM;NOTIFICAÇÃO ENVIADA VIA PLANILHA POR CONTA DA ALTA DEMANDA;CARTA ENVIADA;31/07/2026;NÃO LOCALIZADO;FINALIZADO;FINALIZADO;;;-;Sudeste;BACKLOG 22.06_23.07
22/07/2026;24/07/2026;260724-000243;EXTRAVIO ;GUIAUTO (IPATINGA);D03;Ipatinga;MG;712852;SCB01;XD MINAS;14410753/14410248/14405714;8857229/8858614/87005989;SIM;NOTIFICAÇÃO ENVIADA VIA PLANILHA POR CONTA DA ALTA DEMANDA;CARTA ENVIADA;31/07/2026;NÃO LOCALIZADO;FINALIZADO;FINALIZADO;;;-;Sudeste;BACKLOG 22.06_23.07
23/07/2026;24/07/2026;260724-000249;EXTRAVIO ;GUIAUTO (IPATINGA);D03;Coronel Fabriciano;MG;714610;SCB01;CAMILO;14428860;8920905/8920906;SIM;NOTIFICAÇÃO ENVIADA VIA PLANILHA POR CONTA DA ALTA DEMANDA;CARTA ENVIADA;31/07/2026;NÃO LOCALIZADO;FINALIZADO;FINALIZADO;;;-;Sudeste;BACKLOG 22.06_23.07
22/07/2026;24/07/2026;260724-000253;EXTRAVIO ;GUIAUTO (IPATINGA);D03;Ipatinga;MG;714613;SCB01;XD MINAS;14429694;8921725;SIM;NOTIFICAÇÃO ENVIADA VIA PLANILHA POR CONTA DA ALTA DEMANDA;CARTA ENVIADA;31/07/2026;NÃO LOCALIZADO;FINALIZADO;FINALIZADO;;;-;Sudeste;BACKLOG 22.06_23.07
10/07/2026;24/07/2026;260724-000267;EXTRAVIO ;CVC (VITORIA);L93;VITORIA;ES;717306;SCB01;CAMILO;14449997;41883;SIM;NOTIFICAÇÃO ENVIADA VIA PLANILHA POR CONTA DA ALTA DEMANDA;CARTA ENVIADA;31/07/2026;NÃO LOCALIZADO;FINALIZADO;FINALIZADO;;;-;Sudeste;BACKLOG 22.06_23.07
13/07/2026;24/07/2026;260724-000290;EXTRAVIO ;NOVA (BELEM) - PECAS;N43;SAO PAULO;SP;718510;SCB01;XD DIADEMA;14468987/14468969/14467654/14468144/14469198/14468127/14460317;9024493/9024779/9024781/9063958/9063959/9076925/9091916/9051729/9091849;SIM;NOTIFICAÇÃO ENVIADA VIA PLANILHA POR CONTA DA ALTA DEMANDA;CARTA ENVIADA;31/07/2026;NÃO LOCALIZADO;FINALIZADO;FINALIZADO;;;-;Sudeste;BACKLOG 22.06_23.07
10/07/2026;24/07/2026;260724-000306;EXTRAVIO ;NOVA (BELEM) - PECAS;N43;SAO PAULO;SP;718035;SCB01;XD DIADEMA;14455506/14456805/14456804/14456810/14455497/14456811/14456808;9051528/9051701/9051705/9051707/9051714/905169;SIM;NOTIFICAÇÃO ENVIADA VIA PLANILHA POR CONTA DA ALTA DEMANDA;CARTA ENVIADA;31/07/2026;NÃO LOCALIZADO;FINALIZADO;FINALIZADO;;;-;Sudeste;BACKLOG 22.06_23.07
16/07/2026;24/07/2026;260724-000309;EXTRAVIO ;LIRAUTO;L26;Boa Vista;RR;711563;SCB01;CARVALIMA;14374168;8709992;SIM;NOTIFICAÇÃO ENVIADA VIA PLANILHA POR CONTA DA ALTA DEMANDA;CARTA ENVIADA;31/07/2026;NÃO LOCALIZADO;FINALIZADO;FINALIZADO;;;-;Norte;NORMAL
14/07/2026;24/07/2026;260724-000324;EXTRAVIO ;LIRAUTO;L26;Boa Vista;RR;714692;SCB01;CARVALIMA;14415379;8872626;SIM;NOTIFICAÇÃO ENVIADA VIA PLANILHA POR CONTA DA ALTA DEMANDA;CARTA ENVIADA;31/07/2026;NÃO LOCALIZADO;FINALIZADO;FINALIZADO;;;-;Norte;BACKLOG 22.06_23.07
20/07/2026;24/07/2026;260724-000332;EXTRAVIO ;LIRAUTO;L26;Boa Vista;RR;712061;SCB01;CARVALIMA;14386200;8769702;SIM;NOTIFICAÇÃO ENVIADA VIA PLANILHA POR CONTA DA ALTA DEMANDA;CARTA ENVIADA;31/07/2026;NÃO LOCALIZADO;FINALIZADO;FINALIZADO;;;-;Norte;NORMAL
30/06/2026;24/07/2026;260724-000341;EXTRAVIO ;GRANDE MINAS (PAMPULHA);F51;BELO HORIZONTE;MG;712845;SCB01;XD MINAS;14411241;8858231;SIM;NOTIFICAÇÃO ENVIADA VIA PLANILHA POR CONTA DA ALTA DEMANDA;CARTA ENVIADA;31/07/2026;NÃO LOCALIZADO;FINALIZADO;FINALIZADO;;;-;Sudeste;BACKLOG 22.06_23.07
30/06/2026;24/07/2026;260724-000345;EXTRAVIO ;GRANDE MINAS (PAMPULHA);F51;BELO HORIZONTE;MG;713282;SCB01;XD MINAS;14414283;8871296;SIM;NOTIFICAÇÃO ENVIADA VIA PLANILHA POR CONTA DA ALTA DEMANDA;CARTA ENVIADA;31/07/2026;NÃO LOCALIZADO;FINALIZADO;FINALIZADO;;;-;Sudeste;BACKLOG 22.06_23.07
20/07/2026;24/07/2026;260724-000350;EXTRAVIO ;NOVA (BELEM) - PECAS;N43;SÃO PAULO;SP;719351;SCB01;XD DIADEMA;14475463;9112395;SIM;NOTIFICAÇÃO ENVIADA VIA PLANILHA POR CONTA DA ALTA DEMANDA;CARTA ENVIADA;31/07/2026;NÃO LOCALIZADO;FINALIZADO;FINALIZADO;;;-;Sudeste;BACKLOG 22.06_23.07
17/07/2026;24/07/2026;260724-000353;EXTRAVIO ;GRANDE MINAS (PAMPULHA);F51;BELO HORIZONTE;MG;717096;SCB01;XD MINAS;14450595;9037500;SIM;NOTIFICAÇÃO ENVIADA VIA PLANILHA POR CONTA DA ALTA DEMANDA;CARTA ENVIADA;31/07/2026;NÃO LOCALIZADO;FINALIZADO;FINALIZADO;;;-;Sudeste;BACKLOG 22.06_23.07
03/08/2026;24/07/2026;260724-000354;EXTRAVIO ;NOVA (RIO PRETO);R07;Sao Jose do Rio Preto;SP;713807;SCB01;XD DIADEMA;14408732/14408737/14408742/14408746/14401389/14410397/14410402/14410405/14410978/14410984/14410986/14410989/14410992/14410996/14410999/14411003/14420273/14421431/14421433/14421435/14421437/14421540/14421988/14422414/14422418/14422431/14422452/14422492/14422560/14422562/14413418/14413420/14413423/14413424/14413425/14413426/14418696/14418698/14418702/14418706/14418710/14418714/14418716/14419911/14420263/14420266/14420267/14420268/14420270/14420271/14421430/14421432/14421434/14421436/14421438/14421983/14422564;8883883/8869716/8883598/8883999/8883986/8884161/8884160/8776061/8884196/8898749/8898960/8898748/8898753/8898961/8898752/8898959/8899172/8899015/8899019/8899010/8899012/8899014/8899011/8898872/8898873/8898868/8898875/8898953/8854965/8855016/8854897/8854896/8854895/885693/8855119/87001644/87001642/87002223/8869670/8869669/87006639/87002344/8883639/8899271/8899020/8899018/8899017/8899016/8899009/8899013/8899021/8898870/8898874/8898869/8898871/8898836/8898837/8898839/8898856/8808840/8898855/8898857/8898859/8898858/8898838/8898901/898886/8898894/8898897/8898898/8898899/8898895/8898902/8898892/8898887/8898889/8898893/8898896/8898891/8898900/8898890/8898888/8898903/8898905/8898906/8898904/8898907/8899214/8899213/8663195/8677384/8899295/8899294/8899167/8898834/8898832/8899334;SIM;NOTIFICAÇÃO ENVIADA VIA PLANILHA POR CONTA DA ALTA DEMANDA;FINALIZADO COMO RESOLVIDO;31/07/2026;LOCALIZADO;FINALIZADO;FINALIZADO;;;-;Sudeste;BACKLOG 22.06_23.07
17/07/2026;24/07/2026;260724-000356;EXTRAVIO ;GRANDE MINAS (PAMPULHA);F51;BELO HORIZONTE;MG;717096;SCB01;XD MINAS;14450594;9037521;SIM;NOTIFICAÇÃO ENVIADA VIA PLANILHA POR CONTA DA ALTA DEMANDA;CARTA ENVIADA;31/07/2026;NÃO LOCALIZADO;FINALIZADO;FINALIZADO;;;-;Sudeste;BACKLOG 22.06_23.07
;24/07/2026;260724-000357;EXTRAVIO ;NOVA (BELEM) - PECAS;N43;SÃO PAULO;SP;239381;SCB01;XD DIADEMA;1320541;2466960;SIM;NOTIFICAÇÃO ENVIADA VIA PLANILHA POR CONTA DA ALTA DEMANDA;CARTA ENVIADA;31/07/2026;NÃO LOCALIZADO;FINALIZADO;FINALIZADO;;;-;Sudeste;NORMAL
23/07/2026;24/07/2026;260724-000360;EXTRAVIO ;LIDER (RECREIO);L45;RIO DE JANEIRO;RJ;719993;SCB01;CAMILO;14486345;87007765;SIM;NOTIFICAÇÃO ENVIADA VIA PLANILHA POR CONTA DA ALTA DEMANDA;CARTA ENVIADA;31/07/2026;NÃO LOCALIZADO;FINALIZADO;FINALIZADO;;;-;Sudeste;BACKLOG 22.06_23.07
23/07/2026;24/07/2026;260724-000361;EXTRAVIO ;LIDER (RECREIO);L45;RIO DE JANEIRO;RJ;719993;SCB01;CAMILO;14486025;9143254;SIM;NOTIFICAÇÃO ENVIADA VIA PLANILHA POR CONTA DA ALTA DEMANDA;CARTA ENVIADA;31/07/2026;NÃO LOCALIZADO;FINALIZADO;FINALIZADO;;;-;Sudeste;BACKLOG 22.06_23.07
23/07/2026;24/07/2026;260724-000363;EXTRAVIO ;GRANDE MINAS (PAMPULHA);F51;BELO HORIZONTE;MG;719530;SCB01;XD MINAS;14480074;9137634;SIM;NOTIFICAÇÃO ENVIADA VIA PLANILHA POR CONTA DA ALTA DEMANDA;CARTA ENVIADA;31/07/2026;NÃO LOCALIZADO;FINALIZADO;FINALIZADO;;;-;Sudeste;BACKLOG 22.06_23.07
23/07/2026;24/07/2026;260724-000362;EXTRAVIO ;LIDER (RECREIO);L45;RIO DE JANEIRO;RJ;719993;SCB01;CAMILO;14486025;9143255;SIM;NOTIFICAÇÃO ENVIADA VIA PLANILHA POR CONTA DA ALTA DEMANDA;CARTA ENVIADA;31/07/2026;NÃO LOCALIZADO;FINALIZADO;FINALIZADO;;;-;Sudeste;BACKLOG 22.06_23.07
23/07/2026;24/07/2026;260724-000367;EXTRAVIO ;LIDER (RECREIO);L45;RIO DE JANEIRO;RJ;719993;SCB01;CAMILO;14486025;9143256;SIM;NOTIFICAÇÃO ENVIADA VIA PLANILHA POR CONTA DA ALTA DEMANDA;CARTA ENVIADA;31/07/2026;NÃO LOCALIZADO;FINALIZADO;FINALIZADO;;;-;Sudeste;BACKLOG 22.06_23.07
23/07/2026;24/07/2026;260724-000369;EXTRAVIO ;LIDER (RECREIO);L45;RIO DE JANEIRO;RJ;719993;SCB01;CAMILO;14488045;9168843;SIM;NOTIFICAÇÃO ENVIADA VIA PLANILHA POR CONTA DA ALTA DEMANDA;CARTA ENVIADA;31/07/2026;NÃO LOCALIZADO;FINALIZADO;FINALIZADO;;;-;Sudeste;BACKLOG 22.06_23.07
03/08/2026;24/07/2026;260724-000372;EXTRAVIO ;NOVA (RIO PRETO);R07;Sao Jose do Rio Preto;SP;714639;SCB01;XD DIADEMA;14427442;8918347/8918010;SIM;NOTIFICAÇÃO ENVIADA VIA PLANILHA POR CONTA DA ALTA DEMANDA;FINALIZADO COMO RESOLVIDO;31/07/2026;LOCALIZADO;FINALIZADO;FINALIZADO;;;-;Sudeste;BACKLOG 22.06_23.07
16/07/2026;24/07/2026;260724-000370;EXTRAVIO ;NOVA (BELEM) - PECAS;N43;SAO PAULO;SP;718758;SCB01;XD DIADEMA;14472506/14471621/14471627/14469554/14462058/14471264;9024780/9081953/9100459/9104329/9104331/9112138;SIM;NOTIFICAÇÃO ENVIADA VIA PLANILHA POR CONTA DA ALTA DEMANDA;CARTA ENVIADA;31/07/2026;NÃO LOCALIZADO;FINALIZADO;FINALIZADO;;;-;Sudeste;BACKLOG 22.06_23.07
13/07/2026;24/07/2026;260724-000377;EXTRAVIO ;NOVA (BELEM) - PECAS;N43;SAO PAULO;SP;718293;SCB01;XD DIADEMA;14465378;87003390;SIM;NOTIFICAÇÃO ENVIADA VIA PLANILHA POR CONTA DA ALTA DEMANDA;CARTA ENVIADA;31/07/2026;NÃO LOCALIZADO;FINALIZADO;FINALIZADO;;;-;Sudeste;BACKLOG 22.06_23.07
03/08/2026;24/07/2026;260724-000379;EXTRAVIO ;NOVA (RIO PRETO);R07;Sao Jose do Rio Preto;SP;714217;SCB01;XD DIADEMA;14425898;8898760;SIM;NOTIFICAÇÃO ENVIADA VIA PLANILHA POR CONTA DA ALTA DEMANDA;FINALIZADO COMO RESOLVIDO;31/07/2026;LOCALIZADO;FINALIZADO;FINALIZADO;;;-;Sudeste;BACKLOG 22.06_23.07
03/08/2026;24/07/2026;260724-000395;EXTRAVIO ;NOVA (RIO PRETO);R07;Sao Jose do Rio Preto;SP;713855;SCB01;XD DIADEMA;14415055;8855744;SIM;NOTIFICAÇÃO ENVIADA VIA PLANILHA POR CONTA DA ALTA DEMANDA;CARTA ENVIADA;31/07/2026;NÃO LOCALIZADO;FINALIZADO;FINALIZADO;;;-;Sudeste;BACKLOG 22.06_23.07
03/08/2026;25/07/2026;260725-000001;EXTRAVIO ;NOVA (RIO PRETO);R07;Sao Jose do Rio Preto;SP;714996;SCB01;XD DIADEMA;14431995/14432205;8942034/8942525;SIM;NOTIFICAÇÃO ENVIADA VIA PLANILHA POR CONTA DA ALTA DEMANDA;CARTA ENVIADA;31/07/2026;NÃO LOCALIZADO;FINALIZADO;FINALIZADO;;;-;Sudeste;BACKLOG 22.06_23.07
03/08/2026;25/07/2026;260725-000004;EXTRAVIO ;NOVA (RIO PRETO);R07;Sao Jose do Rio Preto;SP;714482;SCB01;XD DIADEMA;14427356/14427560/14427563/14427624/1442830;:/8917815/8917953/8917948/8917954/8917949/8917952/8917834/8918261;SIM;NOTIFICAÇÃO ENVIADA VIA PLANILHA POR CONTA DA ALTA DEMANDA;FINALIZADO COMO RESOLVIDO;31/07/2026;LOCALIZADO;FINALIZADO;FINALIZADO;;;-;Sudeste;BACKLOG 22.06_23.07
03/08/2026;25/07/2026;260725-000045;EXTRAVIO ;NOVA (RIO PRETO);R07;SAO JOSE DO RIO PRETO;SP;715195;SCB01;XD DIADEMA;14434946/14434946/14435128/14435130;8942324/8942755;SIM;NOTIFICAÇÃO ENVIADA VIA PLANILHA POR CONTA DA ALTA DEMANDA;FINALIZADO COMO RESOLVIDO;31/07/2026;LOCALIZADO;FINALIZADO;FINALIZADO;;;-;Sudeste;BACKLOG 22.06_23.07
16/07/2026;25/07/2026;260725-000055;EXTRAVIO ;MCV (GV);C58;GOVERNADOR VALADARES;MG;713704;SCB01;CAMILO;14419781;total;SIM;NOTIFICAÇÃO ENVIADA VIA PLANILHA POR CONTA DA ALTA DEMANDA;CARTA ENVIADA;31/07/2026;NÃO LOCALIZADO;FINALIZADO;FINALIZADO;;;-;Sudeste;BACKLOG 22.06_23.07
23/07/2026;25/07/2026;260725-000056;EXTRAVIO ;MCV (GV);C58;GOVERNADOR VALADARES;MG;712874;SCB01;CAMILO;14405736;total;SIM;NOTIFICAÇÃO ENVIADA VIA PLANILHA POR CONTA DA ALTA DEMANDA;CARTA ENVIADA;31/07/2026;NÃO LOCALIZADO;FINALIZADO;FINALIZADO;;;-;Sudeste;BACKLOG 22.06_23.07
17/07/2026;25/07/2026;260725-000060;EXTRAVIO ;ACCIOLY BARAO DE LIMEIRA;A50;BELO HORIZONTE;MG;716564;SCB01;XD MINAS;14443772;total;SIM;NOTIFICAÇÃO ENVIADA VIA PLANILHA POR CONTA DA ALTA DEMANDA;CARTA ENVIADA;31/07/2026;NÃO LOCALIZADO;FINALIZADO;FINALIZADO;;;-;Sudeste;BACKLOG 22.06_23.07
17/07/2026;25/07/2026;260725-000061;EXTRAVIO ;ACCIOLY BARAO DE LIMEIRA;A50;BELO HORIZONTE;MG;717515;SCB01;XD MINAS;14456649;total;SIM;NOTIFICAÇÃO ENVIADA VIA PLANILHA POR CONTA DA ALTA DEMANDA;CARTA ENVIADA;31/07/2026;NÃO LOCALIZADO;FINALIZADO;FINALIZADO;;;-;Sudeste;BACKLOG 22.06_23.07
17/07/2026;25/07/2026;260725-000062;EXTRAVIO ;ACCIOLY BARAO DE LIMEIRA;A50;BELO HORIZONTE;MG;716858;SCB01;XD MINAS;14447176;total;SIM;NOTIFICAÇÃO ENVIADA VIA PLANILHA POR CONTA DA ALTA DEMANDA;CARTA ENVIADA;31/07/2026;NÃO LOCALIZADO;FINALIZADO;FINALIZADO;;;-;Sudeste;BACKLOG 22.06_23.07
24/07/2026;27/07/2026;260727-000016;EXTRAVIO ;AUTOMEC (FRANCA);M79;FRANCA;SP;720606;SCB01;ALFA;14491326;52102807;SIM;NOTIFICAÇÃO ENVIADA VIA PLANILHA POR CONTA DA ALTA DEMANDA;CARTA ENVIADA;03/08/2026;NÃO LOCALIZADO;FINALIZADO;FINALIZADO;;;-;Sudeste;BACKLOG 22.06_23.07
03/08/2026;27/07/2026;260727-000050;EXTRAVIO ;NOVA (RIO PRETO);R07;SAO JOSE DO RIO PRETO;SP;714276;SCB01;XD DIADEMA;14425432;8917990;SIM;NOTIFICAÇÃO ENVIADA VIA PLANILHA POR CONTA DA ALTA DEMANDA;CARTA ENVIADA;03/08/2026;NÃO LOCALIZADO;FINALIZADO;FINALIZADO;;;-;Sudeste;BACKLOG 22.06_23.07
03/08/2026;27/07/2026;260727-000054;EXTRAVIO ;NOVA (RIO PRETO);R07;SAO JOSE DO RIO PRETO;SP;713573;SCB01;XD DIADEMA;14412416/14417797/14419671;8869685/8883758/8884063;SIM;NOTIFICAÇÃO ENVIADA VIA PLANILHA POR CONTA DA ALTA DEMANDA;CARTA ENVIADA;03/08/2026;NÃO LOCALIZADO;FINALIZADO;FINALIZADO;;;-;Sudeste;BACKLOG 22.06_23.07
03/08/2026;27/07/2026;260727-000078;EXTRAVIO ;NOVA (RIO PRETO);R07;SAO JOSE DO RIO PRETO;SP;715852;SCB01;XD DIADEMA;14440239;8994683/8994682;SIM;NOTIFICAÇÃO ENVIADA VIA PLANILHA POR CONTA DA ALTA DEMANDA;FINALIZADO COMO RESOLVIDO;03/08/2026;LOCALIZADO;FINALIZADO;FINALIZADO;;;-;Sudeste;BACKLOG 22.06_23.07
03/08/2026;27/07/2026;260727-000144;EXTRAVIO ;NOVA (RIO PRETO);R07;SAO JOSE DO RIO PRETO;SP;716495;SCB01;XD DIADEMA;14442905/14443085/14443091;8653261/8707607/8775427;SIM;NOTIFICAÇÃO ENVIADA VIA PLANILHA POR CONTA DA ALTA DEMANDA;CARTA ENVIADA;03/08/2026;NÃO LOCALIZADO;FINALIZADO;FINALIZADO;;;-;Sudeste;BACKLOG 22.06_23.07
03/08/2026;27/07/2026;260727-000175;EXTRAVIO ;NOVA (RIO PRETO);R07;SAO JOSE DO RIO PRETO;SP;715502;SCB01;XD DIADEMA;14437133/14437135/14437137;87006988/8700712/87007070/87006988/87007012/87002788;SIM;NOTIFICAÇÃO ENVIADA VIA PLANILHA POR CONTA DA ALTA DEMANDA;FINALIZADO COMO RESOLVIDO;03/08/2026;LOCALIZADO;FINALIZADO;FINALIZADO;;;-;Sudeste;BACKLOG 22.06_23.07
03/08/2026;27/07/2026;260727-000210;EXTRAVIO ;NOVA (RIO PRETO);R07;SAO JOSE DO RIO PRETO;SP;716043;SCB01;XD DIADEMA;14440030/14432910/14440196/14432922;8994593/8943069/8994521/8994522/8943070;SIM;NOTIFICAÇÃO ENVIADA VIA PLANILHA POR CONTA DA ALTA DEMANDA;FINALIZADO COMO RESOLVIDO;03/08/2026;LOCALIZADO;FINALIZADO;FINALIZADO;;;-;Sudeste;BACKLOG 22.06_23.07
23/07/2026;27/07/2026;260727-000215;EXTRAVIO ;ABSOLUTA (DIREITOS HUMANOS);D97;SAO PAULO;SP;715144;SCB01;XD DIADEMA;14429483/14429482/;8919342/8919342/8919811;SIM;NOTIFICAÇÃO ENVIADA VIA PLANILHA POR CONTA DA ALTA DEMANDA;CARTA ENVIADA;03/08/2026;NÃO LOCALIZADO;FINALIZADO;FINALIZADO;;;-;Sudeste;BACKLOG 22.06_23.07
24/07/2026;27/07/2026;260727-000217;EXTRAVIO ;ABSOLUTA (DIREITOS HUMANOS);D97;SAO PAULO;SP;721398;SCB01;XD DIADEMA;14504158;9223742;SIM;NOTIFICAÇÃO ENVIADA VIA PLANILHA POR CONTA DA ALTA DEMANDA;FINALIZADO COMO RESOLVIDO;03/08/2026;LOCALIZADO;FINALIZADO;FINALIZADO;;;-;Sudeste;BACKLOG 22.06_23.07
27/07/2026;27/07/2026;260727-000227;EXTRAVIO ;JORLAN (BARAO H. DE MELO);J66;BELO HORIZONTE;MG;720795;SCB01;XD MINAS;14496149;9190855;SIM;NOTIFICAÇÃO ENVIADA VIA PLANILHA POR CONTA DA ALTA DEMANDA;CARTA ENVIADA;03/08/2026;NÃO LOCALIZADO;FINALIZADO;FINALIZADO;;;-;Sudeste;BACKLOG 22.06_23.07
27/07/2026;27/07/2026;260727-000229;EXTRAVIO ;JORLAN (BARAO H. DE MELO);J66;BELO HORIZONTE;MG;720795;SCB01;XD MINAS;14497360;9201594;SIM;NOTIFICAÇÃO ENVIADA VIA PLANILHA POR CONTA DA ALTA DEMANDA;CARTA ENVIADA;03/08/2026;NÃO LOCALIZADO;FINALIZADO;FINALIZADO;;;-;Sudeste;BACKLOG 22.06_23.07
27/07/2026;27/07/2026;260727-000231;EXTRAVIO ;JORLAN (BARAO H. DE MELO);J66;BELO HORIZONTE;MG;720795;SCB01;XD MINAS;14497361;9201594/9201812;SIM;NOTIFICAÇÃO ENVIADA VIA PLANILHA POR CONTA DA ALTA DEMANDA;CARTA ENVIADA;03/08/2026;NÃO LOCALIZADO;FINALIZADO;FINALIZADO;;;-;Sudeste;BACKLOG 22.06_23.07
27/07/2026;27/07/2026;260727-000234;EXTRAVIO ;JORLAN (BARAO H. DE MELO);J66;BELO HORIZONTE;MG;720795;SCB01;XD MINAS;14498000;9201621;SIM;NOTIFICAÇÃO ENVIADA VIA PLANILHA POR CONTA DA ALTA DEMANDA;CARTA ENVIADA;03/08/2026;NÃO LOCALIZADO;FINALIZADO;FINALIZADO;;;-;Sudeste;BACKLOG 22.06_23.07
27/07/2026;27/07/2026;260727-000235;EXTRAVIO ;JORLAN (BARAO H. DE MELO);J66;BELO HORIZONTE;MG;720795;SCB01;XD MINAS;14495681;9190955;SIM;NOTIFICAÇÃO ENVIADA VIA PLANILHA POR CONTA DA ALTA DEMANDA;CARTA ENVIADA;03/08/2026;NÃO LOCALIZADO;FINALIZADO;FINALIZADO;;;-;Sudeste;BACKLOG 22.06_23.07
27/07/2026;27/07/2026;260727-000236;EXTRAVIO ;JORLAN (BARAO H. DE MELO);J66;BELO HORIZONTE;MG;720795;SCB01;XD MINAS;14496439;9198867;SIM;NOTIFICAÇÃO ENVIADA VIA PLANILHA POR CONTA DA ALTA DEMANDA;CARTA ENVIADA;03/08/2026;NÃO LOCALIZADO;FINALIZADO;FINALIZADO;;;-;Sudeste;BACKLOG 22.06_23.07
27/07/2026;27/07/2026;260727-000253;EXTRAVIO ;JORLAN (BARAO H. DE MELO);J66;BELO HORIZONTE;MG;720406;SCB01;XD MINAS;14485766;9150559;SIM;NOTIFICAÇÃO ENVIADA VIA PLANILHA POR CONTA DA ALTA DEMANDA;CARTA ENVIADA;03/08/2026;NÃO LOCALIZADO;FINALIZADO;FINALIZADO;;;-;Sudeste;BACKLOG 22.06_23.07
27/07/2026;27/07/2026;260727-000254;EXTRAVIO ;JORLAN (BARAO H. DE MELO);J66;BELO HORIZONTE;MG;720406;SCB01;XD MINAS;14485714;9150560;SIM;NOTIFICAÇÃO ENVIADA VIA PLANILHA POR CONTA DA ALTA DEMANDA;CARTA ENVIADA;03/08/2026;NÃO LOCALIZADO;FINALIZADO;FINALIZADO;;;-;Sudeste;BACKLOG 22.06_23.07
27/07/2026;27/07/2026;260727-000256;EXTRAVIO ;JORLAN (BARAO H. DE MELO);J66;BELO HORIZONTE;MG;720406;SCB01;XD MINAS;14485767;9150561;SIM;NOTIFICAÇÃO ENVIADA VIA PLANILHA POR CONTA DA ALTA DEMANDA;CARTA ENVIADA;03/08/2026;NÃO LOCALIZADO;FINALIZADO;FINALIZADO;;;-;Sudeste;BACKLOG 22.06_23.07
27/07/2026;27/07/2026;260727-000257;EXTRAVIO ;JORLAN (BARAO H. DE MELO);J66;BELO HORIZONTE;MG;720406;SCB01;XD MINAS;14485761;9150562;SIM;NOTIFICAÇÃO ENVIADA VIA PLANILHA POR CONTA DA ALTA DEMANDA;CARTA ENVIADA;03/08/2026;NÃO LOCALIZADO;FINALIZADO;FINALIZADO;;;-;Sudeste;BACKLOG 22.06_23.07
27/07/2026;27/07/2026;260727-000259;EXTRAVIO ;JORLAN (BARAO H. DE MELO);J66;BELO HORIZONTE;MG;720406;SCB01;XD MINAS;14485951;9150568;SIM;NOTIFICAÇÃO ENVIADA VIA PLANILHA POR CONTA DA ALTA DEMANDA;CARTA ENVIADA;03/08/2026;NÃO LOCALIZADO;FINALIZADO;FINALIZADO;;;-;Sudeste;BACKLOG 22.06_23.07
27/07/2026;27/07/2026;260727-000261;EXTRAVIO ;JORLAN (BARAO H. DE MELO);J66;BELO HORIZONTE;MG;720406;SCB01;XD MINAS;14485763;9150569;SIM;NOTIFICAÇÃO ENVIADA VIA PLANILHA POR CONTA DA ALTA DEMANDA;CARTA ENVIADA;03/08/2026;NÃO LOCALIZADO;FINALIZADO;FINALIZADO;;;-;Sudeste;BACKLOG 22.06_23.07
27/07/2026;27/07/2026;260727-000262;EXTRAVIO ;JORLAN (BARAO H. DE MELO);J66;BELO HORIZONTE;MG;720406;SCB01;XD MINAS;14485764;9151046;SIM;NOTIFICAÇÃO ENVIADA VIA PLANILHA POR CONTA DA ALTA DEMANDA;CARTA ENVIADA;03/08/2026;NÃO LOCALIZADO;FINALIZADO;FINALIZADO;;;-;Sudeste;BACKLOG 22.06_23.07
27/07/2026;27/07/2026;260727-000263;EXTRAVIO ;JORLAN (BARAO H. DE MELO);J66;BELO HORIZONTE;MG;720406;SCB01;XD MINAS;14486029;9151047;SIM;NOTIFICAÇÃO ENVIADA VIA PLANILHA POR CONTA DA ALTA DEMANDA;CARTA ENVIADA;03/08/2026;NÃO LOCALIZADO;FINALIZADO;FINALIZADO;;;-;Sudeste;BACKLOG 22.06_23.07
27/07/2026;27/07/2026;260727-000264;EXTRAVIO ;JORLAN (BARAO H. DE MELO);J66;BELO HORIZONTE;MG;720406;SCB01;XD MINAS;14485765;9151048;SIM;NOTIFICAÇÃO ENVIADA VIA PLANILHA POR CONTA DA ALTA DEMANDA;CARTA ENVIADA;03/08/2026;NÃO LOCALIZADO;FINALIZADO;FINALIZADO;;;-;Sudeste;BACKLOG 22.06_23.07
;27/07/2026;260727-000286;EXTRAVIO ;NOVA (RIO PRETO);R07;SAO JOSE DO RIO PRETO;SP;715373;SCB01;XD DIADEMA;14418596/14418457/14418345;8884225/888424/8884227;SIM;NOTIFICAÇÃO ENVIADA VIA PLANILHA POR CONTA DA ALTA DEMANDA;FINALIZADO COMO RESOLVIDO;03/08/2026;LOCALIZADO;FINALIZADO;FINALIZADO;;;-;Sudeste;BACKLOG 22.06_23.07
03/08/2026;27/07/2026;260727-000301;EXTRAVIO ;NOVA (RIO PRETO);R07;SAO JOSE DO RIO PRETO;SP;714783;SCB01;XD DIADEMA;14426675;8918394;SIM;NOTIFICAÇÃO ENVIADA VIA PLANILHA POR CONTA DA ALTA DEMANDA;FINALIZADO COMO RESOLVIDO;03/08/2026;LOCALIZADO;FINALIZADO;FINALIZADO;;;-;Sudeste;BACKLOG 22.06_23.07
03/08/2026;27/07/2026;260727-000311;EXTRAVIO ;NOVA (RIO PRETO);R07;SAO JOSE DO RIO PRETO;SP;715025;SCB01;XD DIADEMA;14428459/14428460.;8917979/8917980.;SIM;NOTIFICAÇÃO ENVIADA VIA PLANILHA POR CONTA DA ALTA DEMANDA;CARTA ENVIADA;03/08/2026;NÃO LOCALIZADO;FINALIZADO;FINALIZADO;;;-;Sudeste;BACKLOG 22.06_23.07
30/06/2026;27/07/2026;260727-000317;EXTRAVIO ;CARRERA (OSASCO);J63;OSASCO;SP;713570;SCB01;XD DIADEMA;14412423;total;SIM;NOTIFICAÇÃO ENVIADA VIA PLANILHA POR CONTA DA ALTA DEMANDA;CARTA ENVIADA;03/08/2026;NÃO LOCALIZADO;FINALIZADO;FINALIZADO;;;-;Sudeste;BACKLOG 22.06_23.07
10/07/2026;27/07/2026;260727-000336;EXTRAVIO ;GALILEIA (JATAI);G55;JATAI;GO;716246;SCB01;RIO VERMELHO;14435098;total;SIM;NOTIFICAÇÃO ENVIADA VIA PLANILHA POR CONTA DA ALTA DEMANDA;CARTA ENVIADA;03/08/2026;NÃO LOCALIZADO;FINALIZADO;FINALIZADO;;;-;CO;BACKLOG 22.06_23.07
10/07/2026;27/07/2026;260727-000338;EXTRAVIO ;GALILEIA (JATAI);G55;JATAI;GO;716647;SCB01;RIO VERMELHO;14445704;total;SIM;NOTIFICAÇÃO ENVIADA VIA PLANILHA POR CONTA DA ALTA DEMANDA;CARTA ENVIADA;03/08/2026;NÃO LOCALIZADO;FINALIZADO;FINALIZADO;;;-;CO;BACKLOG 22.06_23.07
20/07/2026;27/07/2026;260727-000342;EXTRAVIO ;GALILEIA (JATAI);G55;JATAI;GO;717744;SCB01;RIO VERMELHO;14461274;total;SIM;NOTIFICAÇÃO ENVIADA VIA PLANILHA POR CONTA DA ALTA DEMANDA;CARTA ENVIADA;03/08/2026;NÃO LOCALIZADO;FINALIZADO;FINALIZADO;;;-;CO;BACKLOG 22.06_23.07
23/07/2026;27/07/2026;260727-000382;EXTRAVIO ;JORLAN (BARAO H. DE MELO);J66;BELO HORIZONTE;MG;718147;SCB01;XD MINAS;14464446;9077618;SIM;NOTIFICAÇÃO ENVIADA VIA PLANILHA POR CONTA DA ALTA DEMANDA;CARTA ENVIADA;03/08/2026;NÃO LOCALIZADO;FINALIZADO;FINALIZADO;;;-;Sudeste;BACKLOG 22.06_23.07
23/07/2026;27/07/2026;260727-000384;EXTRAVIO ;JORLAN (BARAO H. DE MELO);J66;BELO HORIZONTE;MG;719335;SCB01;XD MINAS;14474087;9115290;SIM;NOTIFICAÇÃO ENVIADA VIA PLANILHA POR CONTA DA ALTA DEMANDA;CARTA ENVIADA;03/08/2026;NÃO LOCALIZADO;FINALIZADO;FINALIZADO;;;-;Sudeste;BACKLOG 22.06_23.07
23/07/2026;27/07/2026;260727-000386;EXTRAVIO ;JORLAN (BARAO H. DE MELO);J66;BELO HORIZONTE;MG;719335;SCB01;XD MINAS;14475040;9118768;SIM;NOTIFICAÇÃO ENVIADA VIA PLANILHA POR CONTA DA ALTA DEMANDA;CARTA ENVIADA;03/08/2026;NÃO LOCALIZADO;FINALIZADO;FINALIZADO;;;-;Sudeste;BACKLOG 22.06_23.07
23/07/2026;27/07/2026;260727-000389;EXTRAVIO ;JORLAN (BARAO H. DE MELO);J66;BELO HORIZONTE;MG;719335;SCB01;XD MINAS;14475510;9118821;SIM;NOTIFICAÇÃO ENVIADA VIA PLANILHA POR CONTA DA ALTA DEMANDA;CARTA ENVIADA;03/08/2026;NÃO LOCALIZADO;FINALIZADO;FINALIZADO;;;-;Sudeste;BACKLOG 22.06_23.07
23/07/2026;27/07/2026;260727-000394;EXTRAVIO ;JORLAN (BARAO H. DE MELO);J66;BELO HORIZONTE;MG;719335;SCB01;XD MINAS;14475508;9118825;SIM;NOTIFICAÇÃO ENVIADA VIA PLANILHA POR CONTA DA ALTA DEMANDA;CARTA ENVIADA;03/08/2026;NÃO LOCALIZADO;FINALIZADO;FINALIZADO;;;-;Sudeste;BACKLOG 22.06_23.07
27/07/2026;27/07/2026;260727-000410;EXTRAVIO ;JORLAN (GOIANIA);J23;GOIANIA;GO;720718;SCB01;XD DIADEMA;14487160;9154198;SIM;NOTIFICAÇÃO ENVIADA VIA PLANILHA POR CONTA DA ALTA DEMANDA;CARTA ENVIADA;03/08/2026;NÃO LOCALIZADO;FINALIZADO;FINALIZADO;;;-;CO;BACKLOG 22.06_23.07
;27/07/2026;260727-000411;EXTRAVIO ;JORLAN (GOIANIA);J23;GOIANIA;GO;Sem embarque;SCB01;OPERAÇÃO SOR;1456812;9229056/0009229057/0009229058/0009229059.;SIM;NOTIFICAÇÃO ENVIADA VIA PLANILHA POR CONTA DA ALTA DEMANDA;FINALIZADO COMO RESOLVIDO;03/08/2026;LOCALIZADO;FINALIZADO;FINALIZADO;;;-;CO;NORMAL
30/07/2026;27/07/2026;260727-000412;EXTRAVIO ;JORLAN (GOIANIA);J23;GOIANIA;GO;721151;SCB01;XD DIADEMA;14495043;9196347;SIM;NOTIFICAÇÃO ENVIADA VIA PLANILHA POR CONTA DA ALTA DEMANDA;CARTA ENVIADA;03/08/2026;NÃO LOCALIZADO;FINALIZADO;FINALIZADO;;;-;CO;BACKLOG 22.06_23.07
30/07/2026;27/07/2026;260727-000413;EXTRAVIO ;JORLAN (GOIANIA);J23;GOIANIA;GO;721151;SCB01;XD DIADEMA;14497948;9204282;SIM;NOTIFICAÇÃO ENVIADA VIA PLANILHA POR CONTA DA ALTA DEMANDA;CARTA ENVIADA;03/08/2026;NÃO LOCALIZADO;FINALIZADO;FINALIZADO;;;-;CO;BACKLOG 22.06_23.07
30/07/2026;27/07/2026;260727-000414;EXTRAVIO ;JORLAN (GOIANIA);J23;GOIANIA;GO;721151;SCB01;XD DIADEMA;14497971;9204367;SIM;NOTIFICAÇÃO ENVIADA VIA PLANILHA POR CONTA DA ALTA DEMANDA;CARTA ENVIADA;03/08/2026;NÃO LOCALIZADO;FINALIZADO;FINALIZADO;;;-;CO;BACKLOG 22.06_23.07
30/07/2026;27/07/2026;260727-000416;EXTRAVIO ;JORLAN (GOIANIA);J23;GOIANIA;GO;721151;SCB01;XD DIADEMA;14498556;9204397;SIM;NOTIFICAÇÃO ENVIADA VIA PLANILHA POR CONTA DA ALTA DEMANDA;CARTA ENVIADA;03/08/2026;NÃO LOCALIZADO;FINALIZADO;FINALIZADO;;;-;CO;BACKLOG 22.06_23.07
24/07/2026;27/07/2026;260727-000419;EXTRAVIO ;NOVA JUARY;N33;REDENCAO;PA;716273;SCB01;CARVALIMA;14438678;8993729/8993730;SIM;NOTIFICAÇÃO ENVIADA VIA PLANILHA POR CONTA DA ALTA DEMANDA;CARTA ENVIADA;03/08/2026;NÃO LOCALIZADO;FINALIZADO;FINALIZADO;;;-;Norte;BACKLOG 22.06_23.07
24/07/2026;27/07/2026;260727-000421;EXTRAVIO ;NOVA JUARY;N33;REDENCAO;PA;716273;SCB01;CARVALIMA;14440608;8993492;SIM;NOTIFICAÇÃO ENVIADA VIA PLANILHA POR CONTA DA ALTA DEMANDA;CARTA ENVIADA;03/08/2026;NÃO LOCALIZADO;FINALIZADO;FINALIZADO;;;-;Norte;BACKLOG 22.06_23.07
24/07/2026;27/07/2026;260727-000424;EXTRAVIO ;NOVA JUARY;N33;REDENCAO;PA;716273;SCB01;CARVALIMA;14440605;8993492;SIM;NOTIFICAÇÃO ENVIADA VIA PLANILHA POR CONTA DA ALTA DEMANDA;CARTA ENVIADA;03/08/2026;NÃO LOCALIZADO;FINALIZADO;FINALIZADO;;;-;Norte;BACKLOG 22.06_23.07
24/07/2026;27/07/2026;260727-000426;EXTRAVIO ;NOVA JUARY;N33;REDENCAO;PA;716273;SCB01;CARVALIMA;14440610;8993492;SIM;NOTIFICAÇÃO ENVIADA VIA PLANILHA POR CONTA DA ALTA DEMANDA;CARTA ENVIADA;03/08/2026;NÃO LOCALIZADO;FINALIZADO;FINALIZADO;;;-;Norte;BACKLOG 22.06_23.07
28/07/2026;27/07/2026;260727-000434;EXTRAVIO ;AUTUS (AFONSO PENA);X44;MONTE CARMELO;MG;712825;SCB01;CAMILO;14405734/14410831/;87006071/8679143;SIM;NOTIFICAÇÃO ENVIADA VIA PLANILHA POR CONTA DA ALTA DEMANDA;CARTA ENVIADA;03/08/2026;NÃO LOCALIZADO;FINALIZADO;FINALIZADO;;;-;Sudeste;BACKLOG 22.06_23.07
24/07/2026;27/07/2026;260727-000450;EXTRAVIO ;NOVA JUARY;N33;REDENCAO;PA;716273;SCB01;CARVALIMA;14440848;8993589;SIM;NOTIFICAÇÃO ENVIADA VIA PLANILHA POR CONTA DA ALTA DEMANDA;CARTA ENVIADA;03/08/2026;NÃO LOCALIZADO;FINALIZADO;FINALIZADO;;;-;Norte;BACKLOG 22.06_23.07
24/07/2026;27/07/2026;260727-000454;EXTRAVIO ;NOVA JUARY;N33;REDENCAO;PA;716273;SCB01;CARVALIMA;14438811;8993796;SIM;NOTIFICAÇÃO ENVIADA VIA PLANILHA POR CONTA DA ALTA DEMANDA;CARTA ENVIADA;03/08/2026;NÃO LOCALIZADO;FINALIZADO;FINALIZADO;;;-;Norte;BACKLOG 22.06_23.07
24/07/2026;27/07/2026;260727-000455;EXTRAVIO ;NOVA JUARY;N33;REDENCAO;PA;716273;SCB01;CARVALIMA;14438723;8993897;SIM;NOTIFICAÇÃO ENVIADA VIA PLANILHA POR CONTA DA ALTA DEMANDA;CARTA ENVIADA;03/08/2026;NÃO LOCALIZADO;FINALIZADO;FINALIZADO;;;-;Norte;BACKLOG 22.06_23.07
24/07/2026;28/07/2026;260728-000007;EXTRAVIO ;AUTOCLA;I26;ITUIUTABA;MG;720217;SCB01;CAMILO;14491727;9176245;SIM;NOTIFICAÇÃO ENVIADA VIA PLANILHA POR CONTA DA ALTA DEMANDA;FINALIZADO COMO RESOLVIDO;04/08/2026;LOCALIZADO;FINALIZADO;FINALIZADO;;;-;Sudeste;BACKLOG 22.06_23.07
23/07/2026;28/07/2026;260728-000060;EXTRAVIO ;MCV (GV);C58;GOVERNADOR VALADARES;MG;715188;SCB01;CAMILO;14434651;Aguardando retorno da concessionaria;SIM;NOTIFICAÇÃO ENVIADA VIA PLANILHA POR CONTA DA ALTA DEMANDA;Aguardando retorno;04/08/2026;NÃO LOCALIZADO;FINALIZADO;FINALIZADO;;;-;Sudeste;BACKLOG 22.06_23.07
21/07/2026;28/07/2026;260728-000095;EXTRAVIO ;GRAMARCA (VARZEA GRANDE);G22;VARZEA GRANDE;MT;719048;SCB01;CARVALIMA;14477005;9127777;SIM;NOTIFICAÇÃO ENVIADA VIA PLANILHA POR CONTA DA ALTA DEMANDA;CARTA ENVIADA;04/08/2026;NÃO LOCALIZADO;FINALIZADO;FINALIZADO;;;-;CO;BACKLOG 22.06_23.07
30/07/2026;28/07/2026;260728-000105;EXTRAVIO ;MCV (CARATINGA);C78;CARATINGA;MG;713531;SCB01;CAMILO;14419077;8892183;SIM;NOTIFICAÇÃO ENVIADA VIA PLANILHA POR CONTA DA ALTA DEMANDA;CARTA ENVIADA;04/08/2026;NÃO LOCALIZADO;FINALIZADO;FINALIZADO;;;-;Sudeste;BACKLOG 22.06_23.07
;28/07/2026;260728-000131;EXTRAVIO ;GRAMARCA (VARZEA GRANDE);G22;VARZEA GRANDE;MT;Sem embarque;SCB01;OPERAÇÃO SOR;1440598;8993494;SIM;NOTIFICAÇÃO ENVIADA VIA PLANILHA POR CONTA DA ALTA DEMANDA;CARTA ENVIADA;04/08/2026;NÃO LOCALIZADO;FINALIZADO;FINALIZADO;;;-;CO;NORMAL
28/07/2026;28/07/2026;260728-000132;EXTRAVIO ;GRAMARCA (VARZEA GRANDE);G22;VARZEA GRANDE;MT;716270;SCB01;CARVALIMA;14440596;8993494;SIM;NOTIFICAÇÃO ENVIADA VIA PLANILHA POR CONTA DA ALTA DEMANDA;CARTA ENVIADA;04/08/2026;NÃO LOCALIZADO;FINALIZADO;FINALIZADO;;;-;CO;BACKLOG 22.06_23.07
28/07/2026;28/07/2026;260728-000137;EXTRAVIO ;GRAMARCA (VARZEA GRANDE);G22;VARZEA GRANDE;MT;716270;SCB01;CARVALIMA;14440599;8993494;SIM;NOTIFICAÇÃO ENVIADA VIA PLANILHA POR CONTA DA ALTA DEMANDA;CARTA ENVIADA;04/08/2026;NÃO LOCALIZADO;FINALIZADO;FINALIZADO;;;-;CO;BACKLOG 22.06_23.07
28/07/2026;28/07/2026;260728-000139;EXTRAVIO ;GRAMARCA (VARZEA GRANDE);G22;VARZEA GRANDE;MT;716270;SCB01;CARVALIMA;14435080;8983098;SIM;NOTIFICAÇÃO ENVIADA VIA PLANILHA POR CONTA DA ALTA DEMANDA;CARTA ENVIADA;04/08/2026;NÃO LOCALIZADO;FINALIZADO;FINALIZADO;;;-;CO;BACKLOG 22.06_23.07
28/07/2026;28/07/2026;260728-000143;EXTRAVIO ;GRAMARCA (VARZEA GRANDE);G22;VARZEA GRANDE;MT;716270;SCB01;CARVALIMA;14438657;8993891;SIM;NOTIFICAÇÃO ENVIADA VIA PLANILHA POR CONTA DA ALTA DEMANDA;CARTA ENVIADA;04/08/2026;NÃO LOCALIZADO;FINALIZADO;FINALIZADO;;;-;CO;BACKLOG 22.06_23.07
24/07/2026;28/07/2026;260728-000144;EXTRAVIO ;AUTUS (AFONSO PENA);X44;PATOS DE MINAS;MG;720227;SCB01;CAMILO;14490761;9177856;SIM;NOTIFICAÇÃO ENVIADA VIA PLANILHA POR CONTA DA ALTA DEMANDA;CARTA ENVIADA;04/08/2026;NÃO LOCALIZADO;FINALIZADO;FINALIZADO;;;-;Sudeste;BACKLOG 22.06_23.07
24/07/2026;28/07/2026;260728-000158;EXTRAVIO ;AUTUS (AFONSO PENA);X44;PATOS DE MINAS;MG;720092;SCB01;CAMILO;14475323;9114700;SIM;NOTIFICAÇÃO ENVIADA VIA PLANILHA POR CONTA DA ALTA DEMANDA;CARTA ENVIADA;04/08/2026;NÃO LOCALIZADO;FINALIZADO;FINALIZADO;;;-;Sudeste;BACKLOG 22.06_23.07
02/07/2026;28/07/2026;260728-000174;EXTRAVIO ;VIGORITO (ABC);E92;GUARULHOS;SP;714751;SCB01;XD MINAS;14428656;8921959;SIM;NOTIFICAÇÃO ENVIADA VIA PLANILHA POR CONTA DA ALTA DEMANDA;FINALIZADO COMO RESOLVIDO;04/08/2026;LOCALIZADO;FINALIZADO;FINALIZADO;;;-;Sudeste;BACKLOG 22.06_23.07
20/07/2026;28/07/2026;260728-000189;EXTRAVIO ;VIGORITO (ABC);E92;GUARULHOS;SP;714600;SCB01;XD DIADEMA;14429199;8920067;SIM;NOTIFICAÇÃO ENVIADA VIA PLANILHA POR CONTA DA ALTA DEMANDA;CARTA ENVIADA;04/08/2026;NÃO LOCALIZADO;FINALIZADO;FINALIZADO;;;-;Sudeste;BACKLOG 22.06_23.07
02/07/2026;28/07/2026;260728-000192;EXTRAVIO ;VIGORITO (ABC);E92;GUARULHOS;SP;714751;SCB01;XD MINAS;14428656;892618;SIM;NOTIFICAÇÃO ENVIADA VIA PLANILHA POR CONTA DA ALTA DEMANDA;CARTA ENVIADA;04/08/2026;NÃO LOCALIZADO;FINALIZADO;FINALIZADO;;;-;Sudeste;BACKLOG 22.06_23.07
08/07/2026;28/07/2026;260728-000211;EXTRAVIO ;CARRERA (ASA NORTE);W36;BRASILIA;DF;716648;SCB01;RIO VERMELHO;14445309;85122023;SIM;NOTIFICAÇÃO ENVIADA VIA PLANILHA POR CONTA DA ALTA DEMANDA;CARTA ENVIADA;04/08/2026;NÃO LOCALIZADO;FINALIZADO;FINALIZADO;;;-;CO;BACKLOG 22.06_23.07
17/07/2026;28/07/2026;260728-000217;EXTRAVIO ;NOVA (RIO PRETO);R07;SAO JOSE DO RIO PRETO;SP;719821;SCB01;XD DIADEMA;14481775;9142852;SIM;NOTIFICAÇÃO ENVIADA VIA PLANILHA POR CONTA DA ALTA DEMANDA;CARTA ENVIADA;04/08/2026;NÃO LOCALIZADO;FINALIZADO;FINALIZADO;;;-;Sudeste;BACKLOG 22.06_23.07
26/06/2026;28/07/2026;260728-000226;EXTRAVIO ;MCV (CARATINGA);C78;CARATINGA;MG;712671;SCB01;CAMILO;14409645;8857959;SIM;NOTIFICAÇÃO ENVIADA VIA PLANILHA POR CONTA DA ALTA DEMANDA;FINALIZADO COMO RESOLVIDO;04/08/2026;LOCALIZADO;FINALIZADO;FINALIZADO;;;-;Sudeste;BACKLOG 22.06_23.07
26/06/2026;28/07/2026;260728-000230;EXTRAVIO ;MCV (CARATINGA);C78;CARATINGA;MG;712671;SCB01;CAMILO;14410019;8858027;SIM;NOTIFICAÇÃO ENVIADA VIA PLANILHA POR CONTA DA ALTA DEMANDA;FINALIZADO COMO RESOLVIDO;04/08/2026;LOCALIZADO;FINALIZADO;FINALIZADO;;;-;Sudeste;BACKLOG 22.06_23.07
26/06/2026;28/07/2026;260728-000234;EXTRAVIO ;MCV (CARATINGA);C78;CARATINGA;MG;712671;SCB01;CAMILO;/14409763/14409764/14409765;8858117;SIM;NOTIFICAÇÃO ENVIADA VIA PLANILHA POR CONTA DA ALTA DEMANDA;FINALIZADO COMO RESOLVIDO;04/08/2026;LOCALIZADO;FINALIZADO;FINALIZADO;;;-;Sudeste;BACKLOG 22.06_23.07
26/06/2026;28/07/2026;260728-000239;EXTRAVIO ;MCV (CARATINGA);C78;CARATINGA;MG;712671;SCB01;CAMILO;14410126-14410127-14410128-14410129;8858354;SIM;NOTIFICAÇÃO ENVIADA VIA PLANILHA POR CONTA DA ALTA DEMANDA;FINALIZADO COMO RESOLVIDO;04/08/2026;LOCALIZADO;FINALIZADO;FINALIZADO;;;-;Sudeste;BACKLOG 22.06_23.07
30/07/2026;28/07/2026;260728-000245;EXTRAVIO ;MCV (CARATINGA);C78;CARATINGA;MG;720273;SCB01;CAMILO;/14488991/14488994/14488995;9169842;SIM;NOTIFICAÇÃO ENVIADA VIA PLANILHA POR CONTA DA ALTA DEMANDA;FINALIZADO COMO RESOLVIDO;04/08/2026;LOCALIZADO;FINALIZADO;FINALIZADO;;;-;Sudeste;BACKLOG 22.06_23.07
14/07/2026;28/07/2026;260728-000315;EXTRAVIO ;NOVA (BELEM) - PECAS;N43;SAO PAULO;SP;716311;SCB01;XD DIADEMA;14439835;8995895;SIM;NOTIFICAÇÃO ENVIADA VIA PLANILHA POR CONTA DA ALTA DEMANDA;CARTA ENVIADA;04/08/2026;NÃO LOCALIZADO;FINALIZADO;FINALIZADO;;;-;Sudeste;BACKLOG 22.06_23.07
14/07/2026;28/07/2026;260728-000320;EXTRAVIO ;NOVA (BELEM) - PECAS;N43;SAO PAULO;SP;716040;SCB01;XD DIADEMA;14439812;8995869;SIM;NOTIFICAÇÃO ENVIADA VIA PLANILHA POR CONTA DA ALTA DEMANDA;CARTA ENVIADA;04/08/2026;NÃO LOCALIZADO;FINALIZADO;FINALIZADO;;;-;Sudeste;BACKLOG 22.06_23.07
14/07/2026;28/07/2026;260728-000322;EXTRAVIO ;NOVA (BELEM) - PECAS;N43;SAO PAULO;SP;716135;SCB01;XD DIADEMA;14415340/14437197;8856332/8987044;SIM;NOTIFICAÇÃO ENVIADA VIA PLANILHA POR CONTA DA ALTA DEMANDA;CARTA ENVIADA;04/08/2026;NÃO LOCALIZADO;FINALIZADO;FINALIZADO;;;-;Sudeste;BACKLOG 22.06_23.07
27/07/2026;28/07/2026;260728-000365;EXTRAVIO ;JORLAN (GOIANIA);J23;GOIANIA;GO;720192;SCB01;RIO VERMELHO;14478607;0009033094/0009033095/0009033096/0009033097/0009047095/0009086669/0009086670;SIM;NOTIFICAÇÃO ENVIADA VIA PLANILHA POR CONTA DA ALTA DEMANDA;CARTA ENVIADA;04/08/2026;NÃO LOCALIZADO;FINALIZADO;FINALIZADO;;;-;CO;BACKLOG 22.06_23.07
27/07/2026;28/07/2026;260728-000368;EXTRAVIO ;JORLAN (GOIANIA);J23;GOIANIA;GO;720192;SCB01;RIO VERMELHO;14477713;0009133059/0009133060/0009133061;SIM;NOTIFICAÇÃO ENVIADA VIA PLANILHA POR CONTA DA ALTA DEMANDA;FINALIZADO COMO RESOLVIDO;04/08/2026;LOCALIZADO;FINALIZADO;FINALIZADO;;;-;CO;BACKLOG 22.06_23.07
21/07/2026;28/07/2026;260728-000373;EXTRAVIO ;JORLAN (GOIANIA);J23;GOIANIA;GO;719537;SCB01;XD DIADEMA;14478754;9086740;SIM;NOTIFICAÇÃO ENVIADA VIA PLANILHA POR CONTA DA ALTA DEMANDA;CARTA ENVIADA;04/08/2026;NÃO LOCALIZADO;FINALIZADO;FINALIZADO;;;-;CO;BACKLOG 22.06_23.07
27/07/2026;28/07/2026;260728-000377;EXTRAVIO ;JORLAN (GOIANIA);J23;GOIANIA;GO;720192;SCB01;RIO VERMELHO;14478608;916765;SIM;NOTIFICAÇÃO ENVIADA VIA PLANILHA POR CONTA DA ALTA DEMANDA;CARTA ENVIADA;04/08/2026;NÃO LOCALIZADO;FINALIZADO;FINALIZADO;;;-;CO;BACKLOG 22.06_23.07
27/07/2026;28/07/2026;260728-000379;EXTRAVIO ;JORLAN (GOIANIA);J23;GOIANIA;GO;720192;SCB01;RIO VERMELHO;14474106;9120811;SIM;NOTIFICAÇÃO ENVIADA VIA PLANILHA POR CONTA DA ALTA DEMANDA;CARTA ENVIADA;04/08/2026;NÃO LOCALIZADO;FINALIZADO;FINALIZADO;;;-;CO;BACKLOG 22.06_23.07
27/07/2026;28/07/2026;260728-000381;EXTRAVIO ;JORLAN (GOIANIA);J23;GOIANIA;GO;720192;SCB01;RIO VERMELHO;14484466;9153967;SIM;NOTIFICAÇÃO ENVIADA VIA PLANILHA POR CONTA DA ALTA DEMANDA;FINALIZADO COMO RESOLVIDO;04/08/2026;LOCALIZADO;FINALIZADO;FINALIZADO;;;-;CO;BACKLOG 22.06_23.07
23/07/2026;28/07/2026;260728-000382;EXTRAVIO ;PERKAL (CAMPO GRANDE);P04;CAMPO GRANDE;MS;716278;SCB01;CARVALIMA;206610;Aguardando retorno da concessionaria;SIM;NOTIFICAÇÃO ENVIADA VIA PLANILHA POR CONTA DA ALTA DEMANDA;Aguardando retorno;04/08/2026;NÃO LOCALIZADO;FINALIZADO;FINALIZADO;;;-;CO;BACKLOG 22.06_23.07
27/07/2026;28/07/2026;260728-000384;EXTRAVIO ;JORLAN (GOIANIA);J23;GOIANIA;GO;720192;SCB01;RIO VERMELHO;14488506;9167545;SIM;NOTIFICAÇÃO ENVIADA VIA PLANILHA POR CONTA DA ALTA DEMANDA;CARTA ENVIADA;04/08/2026;NÃO LOCALIZADO;FINALIZADO;FINALIZADO;;;-;CO;BACKLOG 22.06_23.07
27/07/2026;28/07/2026;260728-000394;EXTRAVIO ;JORLAN (GOIANIA);J23;GOIANIA;GO;720192;SCB01;XD DIADEMA;14478602;0009086664/87003717;SIM;NOTIFICAÇÃO ENVIADA VIA PLANILHA POR CONTA DA ALTA DEMANDA;CARTA ENVIADA;04/08/2026;NÃO LOCALIZADO;FINALIZADO;FINALIZADO;;;-;CO;BACKLOG 22.06_23.07
27/07/2026;28/07/2026;260728-000395;EXTRAVIO ;JORLAN (GOIANIA);J23;GOIANIA;GO;720192;SCB01;RIO VERMELHO;14478110;9127443;SIM;NOTIFICAÇÃO ENVIADA VIA PLANILHA POR CONTA DA ALTA DEMANDA;CARTA ENVIADA;04/08/2026;NÃO LOCALIZADO;FINALIZADO;FINALIZADO;;;-;CO;BACKLOG 22.06_23.07
28/07/2026;28/07/2026;260728-000400;EXTRAVIO ;JORLAN (GOIANIA);J23;GOIANIA;GO;721670;SCB01;XD DIADEMA;14505331;9229216;SIM;NOTIFICAÇÃO ENVIADA VIA PLANILHA POR CONTA DA ALTA DEMANDA;CARTA ENVIADA;04/08/2026;NÃO LOCALIZADO;FINALIZADO;FINALIZADO;;;-;CO;BACKLOG 22.06_23.07
28/07/2026;28/07/2026;260728-000397;EXTRAVIO ;JORLAN (GOIANIA);J23;GOIANIA;GO;721670;SCB01;XD DIADEMA;14502639;9221459;SIM;NOTIFICAÇÃO ENVIADA VIA PLANILHA POR CONTA DA ALTA DEMANDA;CARTA ENVIADA;04/08/2026;NÃO LOCALIZADO;FINALIZADO;FINALIZADO;;;-;CO;BACKLOG 22.06_23.07
17/04/2026;28/07/2026;260728-000403;EXTRAVIO ;LIDER (RECREIO);L45;LIDER VEICULOS SA;RJ;698123;SCB01;CAMILO;14236113;8177467;SIM;NOTIFICAÇÃO ENVIADA VIA PLANILHA POR CONTA DA ALTA DEMANDA;CARTA ENVIADA;04/08/2026;NÃO LOCALIZADO;FINALIZADO;FINALIZADO;;;-;Sudeste;NORMAL
23/07/2026;28/07/2026;260728-000405;EXTRAVIO ;PERKAL (DOURADOS);K30;PERKAL AUTOMOVEIS LTDA;MS;716279;SCB01;XD DIADEMA;14438640;8992027;SIM;NOTIFICAÇÃO ENVIADA VIA PLANILHA POR CONTA DA ALTA DEMANDA;CARTA ENVIADA;04/08/2026;NÃO LOCALIZADO;FINALIZADO;FINALIZADO;;;-;CO;BACKLOG 22.06_23.07
28/07/2026;28/07/2026;260728-000420;EXTRAVIO ;ABSOLUTA (DIREITOS HUMANOS);D97;SÃO PAULO;SP;722057;SCB01;XD DIADEMA;14491738/14491746/14491697/;87008628/87008709/87008485;SIM;NOTIFICAÇÃO ENVIADA VIA PLANILHA POR CONTA DA ALTA DEMANDA;CARTA ENVIADA;04/08/2026;NÃO LOCALIZADO;FINALIZADO;FINALIZADO;;;-;Sudeste;BACKLOG 22.06_23.07
27/07/2026;28/07/2026;260728-000422;EXTRAVIO ;ABSOLUTA (SANTOS);J07;SANTOS;SP;721798;SCB01;XD DIADEMA;14507321;9237490;SIM;NOTIFICAÇÃO ENVIADA VIA PLANILHA POR CONTA DA ALTA DEMANDA;CARTA ENVIADA;04/08/2026;NÃO LOCALIZADO;FINALIZADO;FINALIZADO;;;-;Sudeste;BACKLOG 22.06_23.07
13/08/2026;29/07/2026;260729-000062;EXTRAVIO ;GRANDE MINAS (PAMPULHA);F51;BELO HORIZONTE;MG;725407;SCB01;XD MINAS;14421796;Aguardando retorno da concessionaria;SIM;NOTIFICAÇÃO ENVIADA VIA PLANILHA POR CONTA DA ALTA DEMANDA;Aguardando retorno;05/08/2026;NÃO LOCALIZADO;FINALIZADO;FINALIZADO;;;-;Sudeste;NORMAL
21/07/2026;29/07/2026;260729-000103;EXTRAVIO ;MOCOVEL;X12;MOCOCA;SP;714385;SCB01;ALFA;14422812/014415067/;8898038/8898039/8898040/8898041/8898042/./8875523/;SIM;NOTIFICAÇÃO ENVIADA VIA PLANILHA POR CONTA DA ALTA DEMANDA;CARTA ENVIADA;05/08/2026;NÃO LOCALIZADO;FINALIZADO;FINALIZADO;;;-;Sudeste;BACKLOG 22.06_23.07
28/07/2026;29/07/2026;260729-000113;EXTRAVIO ;JORLAN (BARAO H. DE MELO);J66;BELO HORIZONTE;MG;720968;SCB01;XD MINAS;14472578;9107840;SIM;NOTIFICAÇÃO ENVIADA VIA PLANILHA POR CONTA DA ALTA DEMANDA;CARTA ENVIADA;05/08/2026;NÃO LOCALIZADO;FINALIZADO;FINALIZADO;;;-;Sudeste;BACKLOG 22.06_23.07
28/07/2026;29/07/2026;260729-000116;EXTRAVIO ;JORLAN (BARAO H. DE MELO);J66;BELO HORIZONTE;MG;721511;SCB01;XD MINAS;14505378;9224722;SIM;NOTIFICAÇÃO ENVIADA VIA PLANILHA POR CONTA DA ALTA DEMANDA;CARTA ENVIADA;05/08/2026;NÃO LOCALIZADO;FINALIZADO;FINALIZADO;;;-;Sudeste;BACKLOG 22.06_23.07
23/07/2026;29/07/2026;260729-000115;EXTRAVIO ;GUIAUTO (IPATINGA);D03;GUIAUTO LTDA;MG;713679;SCB01;XD MINAS;14419728/14419719/14419696;8887609/8887952;SIM;NOTIFICAÇÃO ENVIADA VIA PLANILHA POR CONTA DA ALTA DEMANDA;CARTA ENVIADA;05/08/2026;NÃO LOCALIZADO;FINALIZADO;FINALIZADO;;;-;Sudeste;BACKLOG 22.06_23.07
14/07/2026;29/07/2026;260729-000133;EXTRAVIO ;NOVA (BELEM) - PECAS;N43;NOVA. DISTRIBUIDORA DE VEICULOS LTDA;SP;715073;SCB01;XD DIADEMA;14432098;8919871;SIM;NOTIFICAÇÃO ENVIADA VIA PLANILHA POR CONTA DA ALTA DEMANDA;CARTA ENVIADA;05/08/2026;NÃO LOCALIZADO;FINALIZADO;FINALIZADO;;;-;Sudeste;BACKLOG 22.06_23.07
29/05/2026;29/07/2026;260729-000155;EXTRAVIO ;PRIMARCA (ENPV BARALDI);P71;SÃO PAULO;SP;707296;SCB01;XD DIADEMA;14339432;8780812;SIM;NOTIFICAÇÃO ENVIADA VIA PLANILHA POR CONTA DA ALTA DEMANDA;CARTA ENVIADA;05/08/2026;NÃO LOCALIZADO;FINALIZADO;FINALIZADO;;;-;Sudeste;NORMAL
;29/07/2026;260729-000157;EXTRAVIO ;PRIMARCA (ENPV BARALDI);P71;SÃO PAULO;SP;Sem embarque;SCB01;OPERAÇÃO SOR;14427473;Aguardando retorno da concessionaria;SIM;NOTIFICAÇÃO ENVIADA VIA PLANILHA POR CONTA DA ALTA DEMANDA;Aguardando retorno;05/08/2026;EM ANDAMENTO;PENDENTE;FORA DO PRAZO;;;26 - 30 Dias;Sudeste;NORMAL
09/07/2026;29/07/2026;260729-000158;EXTRAVIO ;PRIMARCA (ENPV BARALDI);P71;SÃO PAULO;SP;717418;SCB01;XD DIADEMA;14450243;Aguardando retorno da concessionaria;SIM;NOTIFICAÇÃO ENVIADA VIA PLANILHA POR CONTA DA ALTA DEMANDA;Aguardando retorno;05/08/2026;EM ANDAMENTO;PENDENTE;FORA DO PRAZO;;;26 - 30 Dias;Sudeste;BACKLOG 22.06_23.07
14/07/2026;29/07/2026;260729-000160;EXTRAVIO ;LIDER BH (ANDRADAS);L99;LIDER B H VEICULOS SA;MG;716765;SCB01;XD MINAS;14446329;9010434;SIM;NOTIFICAÇÃO ENVIADA VIA PLANILHA POR CONTA DA ALTA DEMANDA;FINALIZADO COMO RESOLVIDO;05/08/2026;LOCALIZADO;FINALIZADO;FINALIZADO;;;-;Sudeste;BACKLOG 22.06_23.07
09/07/2026;29/07/2026;260729-000161;EXTRAVIO ;PRIMARCA (ENPV BARALDI);P71;SÃO PAULO;SP;717418;SCB01;XD DIADEMA;14450400;Aguardando retorno da concessionaria;SIM;NOTIFICAÇÃO ENVIADA VIA PLANILHA POR CONTA DA ALTA DEMANDA;Aguardando retorno;05/08/2026;EM ANDAMENTO;PENDENTE;FORA DO PRAZO;;;26 - 30 Dias;Sudeste;BACKLOG 22.06_23.07
22/07/2026;29/07/2026;260729-000167;EXTRAVIO ;PRIMARCA (ENPV BARALDI);P71;SÃO PAULO;SP;720815;SCB01;XD DIADEMA;14491052;Aguardando retorno da concessionaria;SIM;NOTIFICAÇÃO ENVIADA VIA PLANILHA POR CONTA DA ALTA DEMANDA;Aguardando retorno;05/08/2026;EM ANDAMENTO;PENDENTE;FORA DO PRAZO;;;26 - 30 Dias;Sudeste;BACKLOG 22.06_23.07
22/07/2026;29/07/2026;260729-000168;EXTRAVIO ;PRIMARCA (ENPV BARALDI);P71;SÃO PAULO;SP;720815;SCB01;XD DIADEMA;14497142;Aguardando retorno da concessionaria;SIM;NOTIFICAÇÃO ENVIADA VIA PLANILHA POR CONTA DA ALTA DEMANDA;Aguardando retorno;05/08/2026;EM ANDAMENTO;PENDENTE;FORA DO PRAZO;;;26 - 30 Dias;Sudeste;BACKLOG 22.06_23.07
22/07/2026;29/07/2026;260729-000169;EXTRAVIO ;PRIMARCA (ENPV BARALDI);P71;SÃO PAULO;SP;720815;SCB01;XD DIADEMA;14497144;Aguardando retorno da concessionaria;SIM;NOTIFICAÇÃO ENVIADA VIA PLANILHA POR CONTA DA ALTA DEMANDA;Aguardando retorno;05/08/2026;EM ANDAMENTO;PENDENTE;FORA DO PRAZO;;;26 - 30 Dias;Sudeste;BACKLOG 22.06_23.07
22/07/2026;29/07/2026;260729-000170;EXTRAVIO ;PRIMARCA (ENPV BARALDI);P71;SÃO PAULO;SP;720815;SCB01;XD DIADEMA;14496570;Aguardando retorno da concessionaria;SIM;NOTIFICAÇÃO ENVIADA VIA PLANILHA POR CONTA DA ALTA DEMANDA;Aguardando retorno;05/08/2026;EM ANDAMENTO;PENDENTE;FORA DO PRAZO;;;26 - 30 Dias;Sudeste;BACKLOG 22.06_23.07
22/07/2026;29/07/2026;260729-000172;EXTRAVIO ;PRIMARCA (ENPV BARALDI);P71;SÃO PAULO;SP;720815;SCB01;XD DIADEMA;14496695;Aguardando retorno da concessionaria;SIM;NOTIFICAÇÃO ENVIADA VIA PLANILHA POR CONTA DA ALTA DEMANDA;Aguardando retorno;05/08/2026;EM ANDAMENTO;PENDENTE;FORA DO PRAZO;;;26 - 30 Dias;Sudeste;BACKLOG 22.06_23.07
22/07/2026;29/07/2026;260729-000171;EXTRAVIO ;PRIMARCA (ENPV BARALDI);P71;SÃO PAULO;SP;720815;SCB01;XD DIADEMA;14496694;Aguardando retorno da concessionaria;SIM;NOTIFICAÇÃO ENVIADA VIA PLANILHA POR CONTA DA ALTA DEMANDA;Aguardando retorno;05/08/2026;EM ANDAMENTO;PENDENTE;FORA DO PRAZO;;;26 - 30 Dias;Sudeste;BACKLOG 22.06_23.07
22/07/2026;29/07/2026;260729-000176;EXTRAVIO ;PRIMARCA (ENPV BARALDI);P71;SÃO PAULO;SP;720815;SCB01;XD DIADEMA;14496225;Aguardando retorno da concessionaria;SIM;NOTIFICAÇÃO ENVIADA VIA PLANILHA POR CONTA DA ALTA DEMANDA;Aguardando retorno;05/08/2026;EM ANDAMENTO;PENDENTE;FORA DO PRAZO;;;26 - 30 Dias;Sudeste;BACKLOG 22.06_23.07
22/07/2026;29/07/2026;260729-000178;EXTRAVIO ;PRIMARCA (ENPV BARALDI);P71;SÃO PAULO;SP;720815;SCB01;XD DIADEMA;14497143;Aguardando retorno da concessionaria;SIM;NOTIFICAÇÃO ENVIADA VIA PLANILHA POR CONTA DA ALTA DEMANDA;Aguardando retorno;05/08/2026;EM ANDAMENTO;PENDENTE;FORA DO PRAZO;;;26 - 30 Dias;Sudeste;BACKLOG 22.06_23.07
22/07/2026;29/07/2026;260729-000180;EXTRAVIO ;PRIMARCA (ENPV BARALDI);P71;SÃO PAULO;SP;720815;SCB01;XD DIADEMA;14496043;Aguardando retorno da concessionaria;SIM;NOTIFICAÇÃO ENVIADA VIA PLANILHA POR CONTA DA ALTA DEMANDA;Aguardando retorno;05/08/2026;EM ANDAMENTO;PENDENTE;FORA DO PRAZO;;;26 - 30 Dias;Sudeste;BACKLOG 22.06_23.07
29/07/2026;29/07/2026;260729-000201;EXTRAVIO ;AUTUS (AFONSO PENA);X44;UBERLANDIA;MG;715315;SCB01;XD MINAS;14432351;8947728;SIM;NOTIFICAÇÃO ENVIADA VIA PLANILHA POR CONTA DA ALTA DEMANDA;CARTA ENVIADA;05/08/2026;NÃO LOCALIZADO;FINALIZADO;FINALIZADO;;;-;Sudeste;BACKLOG 22.06_23.07
;29/07/2026;260729-000241;EXTRAVIO ;ASPEN (BARRA MANSA);B05;RIO DE JANEIRO;RJ;Sem embarque;SCB01;OPERAÇÃO SOR;14492717;8947728;SIM;NOTIFICAÇÃO ENVIADA VIA PLANILHA POR CONTA DA ALTA DEMANDA;CARTA ENVIADA;05/08/2026;NÃO LOCALIZADO;FINALIZADO;FINALIZADO;;;-;Sudeste;NORMAL
22/07/2026;29/07/2026;260729-000315;EXTRAVIO ;GUIAUTO (IPATINGA);D03;GUIAUTO LTDA;MG;712848;SCB01;CAMILO;14405754;total;SIM;NOTIFICAÇÃO ENVIADA VIA PLANILHA POR CONTA DA ALTA DEMANDA;CARTA ENVIADA;05/08/2026;NÃO LOCALIZADO;FINALIZADO;FINALIZADO;;;-;Sudeste;BACKLOG 22.06_23.07
28/07/2026;29/07/2026;260729-000314;EXTRAVIO ;ARTVEL;P53;MOGI GUAÇU;SP;721561;SCB01;ALFA;14498906;87006069;SIM;NOTIFICAÇÃO ENVIADA VIA PLANILHA POR CONTA DA ALTA DEMANDA;CARTA ENVIADA;05/08/2026;NÃO LOCALIZADO;FINALIZADO;FINALIZADO;;;-;Sudeste;BACKLOG 22.06_23.07
29/07/2026;29/07/2026;260729-000326;EXTRAVIO ;JORLAN (BARAO H. DE MELO);J66;BELO HORIZONTE;MG;721022;SCB01;XD MINAS;14486959;9156112;SIM;NOTIFICAÇÃO ENVIADA VIA PLANILHA POR CONTA DA ALTA DEMANDA;CARTA ENVIADA;05/08/2026;NÃO LOCALIZADO;FINALIZADO;FINALIZADO;;;-;Sudeste;BACKLOG 22.06_23.07
;29/07/2026;260729-000335;EXTRAVIO ;SABENAUTO (DPEC FECHADO BRASILIA);T94;BRASILIA;DF;Sem embarque;SCB01;OPERAÇÃO SOR;1449820;9156112;SIM;NOTIFICAÇÃO ENVIADA VIA PLANILHA POR CONTA DA ALTA DEMANDA;CARTA ENVIADA;05/08/2026;NÃO LOCALIZADO;FINALIZADO;FINALIZADO;;;-;CO;NORMAL
14/07/2026;29/07/2026;260729-000339;EXTRAVIO ;LIDER BH (ANDRADAS);L99;LIDER B H VEICULOS SA;MG;717113;SCB01;XD MINAS;14450543;9037624/./9156112/9037288;SIM;NOTIFICAÇÃO ENVIADA VIA PLANILHA POR CONTA DA ALTA DEMANDA;FINALIZADO COMO RESOLVIDO;05/08/2026;LOCALIZADO;FINALIZADO;FINALIZADO;;;-;Sudeste;BACKLOG 22.06_23.07
14/07/2026;29/07/2026;260729-000341;EXTRAVIO ;LIDER BH (ANDRADAS);L99;LIDER B H VEICULOS SA;MG;717113;SCB01;XD MINAS;14450543;9037624/./9156112/9037288;SIM;NOTIFICAÇÃO ENVIADA VIA PLANILHA POR CONTA DA ALTA DEMANDA;FINALIZADO COMO RESOLVIDO;05/08/2026;LOCALIZADO;FINALIZADO;FINALIZADO;;;-;Sudeste;BACKLOG 22.06_23.07
14/07/2026;29/07/2026;260729-000344;EXTRAVIO ;LIDER BH (ANDRADAS);L99;LIDER B H VEICULOS SA;MG;717113;SCB01;XD MINAS;14450543;9037624/./9156112/9037288;SIM;NOTIFICAÇÃO ENVIADA VIA PLANILHA POR CONTA DA ALTA DEMANDA;FINALIZADO COMO RESOLVIDO;05/08/2026;LOCALIZADO;FINALIZADO;FINALIZADO;;;-;Sudeste;BACKLOG 22.06_23.07
29/07/2026;29/07/2026;260729-000345;EXTRAVIO ;JORLAN (BARAO H. DE MELO);J66;BELO HORIZONTE;MG;721094;SCB01;XD MINAS;14491508;9169685;SIM;NOTIFICAÇÃO ENVIADA VIA PLANILHA POR CONTA DA ALTA DEMANDA;CARTA ENVIADA;05/08/2026;NÃO LOCALIZADO;FINALIZADO;FINALIZADO;;;-;Sudeste;BACKLOG 22.06_23.07
29/07/2026;29/07/2026;260729-000347;EXTRAVIO ;JORLAN (BARAO H. DE MELO);J66;BELO HORIZONTE;MG;721094;SCB01;XD MINAS;14497578;9201229;SIM;NOTIFICAÇÃO ENVIADA VIA PLANILHA POR CONTA DA ALTA DEMANDA;CARTA ENVIADA;05/08/2026;NÃO LOCALIZADO;FINALIZADO;FINALIZADO;;;-;Sudeste;BACKLOG 22.06_23.07
29/07/2026;29/07/2026;260729-000349;EXTRAVIO ;JORLAN (BARAO H. DE MELO);J66;BELO HORIZONTE;MG;721094;SCB01;XD MINAS;14500301;9201853;SIM;NOTIFICAÇÃO ENVIADA VIA PLANILHA POR CONTA DA ALTA DEMANDA;CARTA ENVIADA;05/08/2026;NÃO LOCALIZADO;FINALIZADO;FINALIZADO;;;-;Sudeste;BACKLOG 22.06_23.07
29/07/2026;29/07/2026;260729-000348;EXTRAVIO ;JORLAN (BARAO H. DE MELO);J66;BELO HORIZONTE;MG;721094;SCB01;XD MINAS;14501307;9201532;SIM;NOTIFICAÇÃO ENVIADA VIA PLANILHA POR CONTA DA ALTA DEMANDA;CARTA ENVIADA;05/08/2026;NÃO LOCALIZADO;FINALIZADO;FINALIZADO;;;-;Sudeste;BACKLOG 22.06_23.07
03/08/2026;29/07/2026;260729-000356;EXTRAVIO ;GUIAUTO (IPATINGA);D03;GUIAUTO LTDA;MG;713676;SCB01;XD MINAS;14419415;/8892245/8892246;SIM;NOTIFICAÇÃO ENVIADA VIA PLANILHA POR CONTA DA ALTA DEMANDA;CARTA ENVIADA;05/08/2026;NÃO LOCALIZADO;FINALIZADO;FINALIZADO;;;-;Sudeste;BACKLOG 22.06_23.07
06/07/2026;29/07/2026;260729-000362;EXTRAVIO ;ACCIOLY BARAO DE LIMEIRA;A50;SAO PAULO;SP;716857;SCB01;XD DIADEMA;14447182;9010340;SIM;NOTIFICAÇÃO ENVIADA VIA PLANILHA POR CONTA DA ALTA DEMANDA;CARTA ENVIADA;05/08/2026;NÃO LOCALIZADO;FINALIZADO;FINALIZADO;;;-;Sudeste;BACKLOG 22.06_23.07
06/07/2026;29/07/2026;260729-000365;EXTRAVIO ;ACCIOLY BARAO DE LIMEIRA;A50;SAO PAULO;SP;716857;SCB01;XD DIADEMA;14447128;9023665;SIM;NOTIFICAÇÃO ENVIADA VIA PLANILHA POR CONTA DA ALTA DEMANDA;CARTA ENVIADA;05/08/2026;NÃO LOCALIZADO;FINALIZADO;FINALIZADO;;;-;Sudeste;BACKLOG 22.06_23.07
14/07/2026;29/07/2026;260729-000366;EXTRAVIO ;LIDER BH (ANDRADAS);L99;LIDER B H VEICULOS SA;MG;717113;SCB01;XD MINAS;14451316;9037853;SIM;NOTIFICAÇÃO ENVIADA VIA PLANILHA POR CONTA DA ALTA DEMANDA;FINALIZADO COMO RESOLVIDO;05/08/2026;LOCALIZADO;FINALIZADO;FINALIZADO;;;-;Sudeste;BACKLOG 22.06_23.07
10/07/2026;29/07/2026;260729-000368;EXTRAVIO ;ACCIOLY BARAO DE LIMEIRA;A50;SAO PAULO;SP;717350;SCB01;XD DIADEMA;14451560;9037322;SIM;NOTIFICAÇÃO ENVIADA VIA PLANILHA POR CONTA DA ALTA DEMANDA;CARTA ENVIADA;05/08/2026;NÃO LOCALIZADO;FINALIZADO;FINALIZADO;;;-;Sudeste;BACKLOG 22.06_23.07
06/07/2026;29/07/2026;260729-000370;EXTRAVIO ;ACCIOLY BARAO DE LIMEIRA;A50;SAO PAULO;SP;716857;SCB01;XD DIADEMA;14446550;9024054;SIM;NOTIFICAÇÃO ENVIADA VIA PLANILHA POR CONTA DA ALTA DEMANDA;CARTA ENVIADA;05/08/2026;NÃO LOCALIZADO;FINALIZADO;FINALIZADO;;;-;Sudeste;BACKLOG 22.06_23.07
16/07/2026;29/07/2026;260729-000376;EXTRAVIO ;ACCIOLY BARAO DE LIMEIRA;A50;SAO PAULO;SP;718696;SCB01;XD DIADEMA;14471556;80299164;SIM;NOTIFICAÇÃO ENVIADA VIA PLANILHA POR CONTA DA ALTA DEMANDA;CARTA ENVIADA;05/08/2026;NÃO LOCALIZADO;FINALIZADO;FINALIZADO;;;-;Sudeste;BACKLOG 22.06_23.07
29/07/2026;29/07/2026;260729-000375;EXTRAVIO ;JORLAN (BARAO H. DE MELO);J66;BELO HORIZONTE;MG;721452;SCB01;XD MINAS;14504177;9223708/9223709/9223710/9223711/9223712/9223713/9223714/9223715/9223716/9223717/9223718/9223719/9223720/9223745/9223746/9223748/9223749/9223750/9224371/9224372/9224373/9224374;SIM;NOTIFICAÇÃO ENVIADA VIA PLANILHA POR CONTA DA ALTA DEMANDA;CARTA ENVIADA;05/08/2026;NÃO LOCALIZADO;FINALIZADO;FINALIZADO;;;-;Sudeste;BACKLOG 22.06_23.07
29/07/2026;29/07/2026;260729-000377;EXTRAVIO ;JORLAN (BARAO H. DE MELO);J66;BELO HORIZONTE;MG;721452;SCB01;XD MINAS;14504110;9224603;SIM;NOTIFICAÇÃO ENVIADA VIA PLANILHA POR CONTA DA ALTA DEMANDA;CARTA ENVIADA;05/08/2026;NÃO LOCALIZADO;FINALIZADO;FINALIZADO;;;-;Sudeste;BACKLOG 22.06_23.07
29/07/2026;29/07/2026;260729-000379;EXTRAVIO ;JORLAN (BARAO H. DE MELO);J66;BELO HORIZONTE;MG;721452;SCB01;XD MINAS;14504109;9224603;SIM;NOTIFICAÇÃO ENVIADA VIA PLANILHA POR CONTA DA ALTA DEMANDA;CARTA ENVIADA;05/08/2026;NÃO LOCALIZADO;FINALIZADO;FINALIZADO;;;-;Sudeste;BACKLOG 22.06_23.07
14/07/2026;29/07/2026;260729-000378;EXTRAVIO ;LIDER BH (ANDRADAS);L99;LIDER B H VEICULOS SA;MG;717113;SCB01;XD MINAS;14451172;9037351;SIM;NOTIFICAÇÃO ENVIADA VIA PLANILHA POR CONTA DA ALTA DEMANDA;FINALIZADO COMO RESOLVIDO;05/08/2026;LOCALIZADO;FINALIZADO;FINALIZADO;;;-;Sudeste;BACKLOG 22.06_23.07
29/07/2026;29/07/2026;260729-000382;EXTRAVIO ;JORLAN (BARAO H. DE MELO);J66;BELO HORIZONTE;MG;721452;SCB01;XD MINAS;14504338;9223807/9223808/9223818/9223819/9223820;SIM;NOTIFICAÇÃO ENVIADA VIA PLANILHA POR CONTA DA ALTA DEMANDA;CARTA ENVIADA;05/08/2026;NÃO LOCALIZADO;FINALIZADO;FINALIZADO;;;-;Sudeste;BACKLOG 22.06_23.07
14/07/2026;29/07/2026;260729-000381;EXTRAVIO ;LIDER BH (ANDRADAS);L99;LIDER B H VEICULOS SA;MG;717113;SCB01;XD MINAS;14451172;9037351;SIM;NOTIFICAÇÃO ENVIADA VIA PLANILHA POR CONTA DA ALTA DEMANDA;FINALIZADO COMO RESOLVIDO;05/08/2026;LOCALIZADO;FINALIZADO;FINALIZADO;;;-;Sudeste;BACKLOG 22.06_23.07
29/07/2026;29/07/2026;260729-000383;EXTRAVIO ;JORLAN (BARAO H. DE MELO);J66;BELO HORIZONTE;MG;721452;SCB01;XD MINAS;14504064;9190752/9191309/9191311;SIM;NOTIFICAÇÃO ENVIADA VIA PLANILHA POR CONTA DA ALTA DEMANDA;CARTA ENVIADA;05/08/2026;NÃO LOCALIZADO;FINALIZADO;FINALIZADO;;;-;Sudeste;BACKLOG 22.06_23.07
29/07/2026;29/07/2026;260729-000386;EXTRAVIO ;GRANDE MINAS (PAMPULHA);F51;CONTAGEM;MG;720532;SCB01;XD MINAS;14495316;9190398/9190399/9190400/9190401/9190402/9190403/9190404/9190405;SIM;NOTIFICAÇÃO ENVIADA VIA PLANILHA POR CONTA DA ALTA DEMANDA;CARTA ENVIADA;05/08/2026;NÃO LOCALIZADO;FINALIZADO;FINALIZADO;;;-;Sudeste;BACKLOG 22.06_23.07
29/07/2026;29/07/2026;260729-000385;EXTRAVIO ;JORLAN (BARAO H. DE MELO);J66;BELO HORIZONTE;MG;721452;SCB01;XD MINAS;14503781;9218220;SIM;NOTIFICAÇÃO ENVIADA VIA PLANILHA POR CONTA DA ALTA DEMANDA;CARTA ENVIADA;05/08/2026;NÃO LOCALIZADO;FINALIZADO;FINALIZADO;;;-;Sudeste;BACKLOG 22.06_23.07
29/07/2026;29/07/2026;260729-000388;EXTRAVIO ;JORLAN (BARAO H. DE MELO);J66;BELO HORIZONTE;MG;721452;SCB01;XD MINAS;14504337;9223797/9223798/9223799/9223800/9223801/9223802/9223803/9223804/9223805/9223806/9223809/9223810/92238111/9223812/9223813/9223814/9223815/9223832/9223833/9223834;SIM;NOTIFICAÇÃO ENVIADA VIA PLANILHA POR CONTA DA ALTA DEMANDA;CARTA ENVIADA;05/08/2026;NÃO LOCALIZADO;FINALIZADO;FINALIZADO;;;-;Sudeste;BACKLOG 22.06_23.07
29/07/2026;29/07/2026;260729-000390;EXTRAVIO ;JORLAN (BARAO H. DE MELO);J66;BELO HORIZONTE;MG;721452;SCB01;XD MINAS;14504594;9224519/9224520/9224521/9224522/9224523/9224524/9224525/9224526/9224527;SIM;NOTIFICAÇÃO ENVIADA VIA PLANILHA POR CONTA DA ALTA DEMANDA;CARTA ENVIADA;05/08/2026;NÃO LOCALIZADO;FINALIZADO;FINALIZADO;;;-;Sudeste;BACKLOG 22.06_23.07
29/07/2026;29/07/2026;260729-000392;EXTRAVIO ;JORLAN (BARAO H. DE MELO);J66;BELO HORIZONTE;MG;721452;SCB01;XD MINAS;14503420;9218839;SIM;NOTIFICAÇÃO ENVIADA VIA PLANILHA POR CONTA DA ALTA DEMANDA;CARTA ENVIADA;05/08/2026;NÃO LOCALIZADO;FINALIZADO;FINALIZADO;;;-;Sudeste;BACKLOG 22.06_23.07
29/07/2026;29/07/2026;260729-000391;EXTRAVIO ;GRANDE MINAS (PAMPULHA);F51;CONTAGEM;MG;720781;SCB01;CAMILO;14497806/14487336/14497337;9198662/9201311/9201830/;SIM;NOTIFICAÇÃO ENVIADA VIA PLANILHA POR CONTA DA ALTA DEMANDA;CARTA ENVIADA;05/08/2026;NÃO LOCALIZADO;FINALIZADO;FINALIZADO;;;-;Sudeste;BACKLOG 22.06_23.07
29/07/2026;29/07/2026;260729-000394;EXTRAVIO ;JORLAN (BARAO H. DE MELO);J66;BELO HORIZONTE;MG;721452;SCB01;XD MINAS;14504112;9224603;SIM;NOTIFICAÇÃO ENVIADA VIA PLANILHA POR CONTA DA ALTA DEMANDA;CARTA ENVIADA;05/08/2026;NÃO LOCALIZADO;FINALIZADO;FINALIZADO;;;-;Sudeste;BACKLOG 22.06_23.07
10/07/2026;29/07/2026;260729-000393;EXTRAVIO ;ACCIOLY BARAO DE LIMEIRA;A50;SAO PAULO;SP;717649;SCB01;XD DIADEMA;14449791;9036966/0009036967;SIM;NOTIFICAÇÃO ENVIADA VIA PLANILHA POR CONTA DA ALTA DEMANDA;CARTA ENVIADA;05/08/2026;NÃO LOCALIZADO;FINALIZADO;FINALIZADO;;;-;Sudeste;BACKLOG 22.06_23.07
29/07/2026;29/07/2026;260729-000399;EXTRAVIO ;JORLAN (BARAO H. DE MELO);J66;BELO HORIZONTE;MG;721452;SCB01;XD MINAS;14504179;9223760;SIM;NOTIFICAÇÃO ENVIADA VIA PLANILHA POR CONTA DA ALTA DEMANDA;CARTA ENVIADA;05/08/2026;NÃO LOCALIZADO;FINALIZADO;FINALIZADO;;;-;Sudeste;BACKLOG 22.06_23.07
29/07/2026;29/07/2026;260729-000397;EXTRAVIO ;JORLAN (BARAO H. DE MELO);J66;BELO HORIZONTE;MG;721452;SCB01;XD MINAS;14504178;9223723;SIM;NOTIFICAÇÃO ENVIADA VIA PLANILHA POR CONTA DA ALTA DEMANDA;CARTA ENVIADA;05/08/2026;NÃO LOCALIZADO;FINALIZADO;FINALIZADO;;;-;Sudeste;BACKLOG 22.06_23.07
10/07/2026;29/07/2026;260729-000404;EXTRAVIO ;ACCIOLY BARAO DE LIMEIRA;A50;SAO PAULO;SP;717649;SCB01;XD DIADEMA;14450507;00093037370/00093037371/0009037372/00093037373;SIM;NOTIFICAÇÃO ENVIADA VIA PLANILHA POR CONTA DA ALTA DEMANDA;CARTA ENVIADA;05/08/2026;NÃO LOCALIZADO;FINALIZADO;FINALIZADO;;;-;Sudeste;BACKLOG 22.06_23.07
;29/07/2026;260729-000403;EXTRAVIO ;NOVA (RIO PRETO);R07;RIBEIRAO PRETO;SP;720634;SCB01;ALFA;14486849;9090341;SIM;NOTIFICAÇÃO ENVIADA VIA PLANILHA POR CONTA DA ALTA DEMANDA;CARTA ENVIADA;05/08/2026;NÃO LOCALIZADO;FINALIZADO;FINALIZADO;;;-;Sudeste;BACKLOG 22.06_23.07
13/07/2026;29/07/2026;260729-000406;EXTRAVIO ;ACCIOLY BARAO DE LIMEIRA;A50;SAO PAULO;SP;718452;SCB01;XD DIADEMA;14467941;0009024187/0009024188/;SIM;NOTIFICAÇÃO ENVIADA VIA PLANILHA POR CONTA DA ALTA DEMANDA;CARTA ENVIADA;05/08/2026;NÃO LOCALIZADO;FINALIZADO;FINALIZADO;;;-;Sudeste;BACKLOG 22.06_23.07
14/07/2026;29/07/2026;260729-000408;EXTRAVIO ;LIDER BH (ANDRADAS);L99;LIDER B H VEICULOS SA;MG;717113;SCB01;XD MINAS;14451173;9037351;SIM;NOTIFICAÇÃO ENVIADA VIA PLANILHA POR CONTA DA ALTA DEMANDA;FINALIZADO COMO RESOLVIDO;05/08/2026;LOCALIZADO;FINALIZADO;FINALIZADO;;;-;Sudeste;BACKLOG 22.06_23.07
03/07/2026;29/07/2026;260729-000409;EXTRAVIO ;ACCIOLY BARAO DE LIMEIRA;A50;SAO PAULO;SP;716436;SCB01;XD DIADEMA;14443365;9009087;SIM;NOTIFICAÇÃO ENVIADA VIA PLANILHA POR CONTA DA ALTA DEMANDA;CARTA ENVIADA;05/08/2026;NÃO LOCALIZADO;FINALIZADO;FINALIZADO;;;-;Sudeste;BACKLOG 22.06_23.07
02/07/2026;29/07/2026;260729-000412;EXTRAVIO ;ACCIOLY BARAO DE LIMEIRA;A50;SAO PAULO;SP;715662;SCB01;XD DIADEMA;14437596;8990662;SIM;NOTIFICAÇÃO ENVIADA VIA PLANILHA POR CONTA DA ALTA DEMANDA;CARTA ENVIADA;05/08/2026;NÃO LOCALIZADO;FINALIZADO;FINALIZADO;;;-;Sudeste;BACKLOG 22.06_23.07
03/07/2026;29/07/2026;260729-000413;EXTRAVIO ;ACCIOLY BARAO DE LIMEIRA;A50;SAO PAULO;SP;715989;SCB01;XD DIADEMA;14440344;8990615;SIM;NOTIFICAÇÃO ENVIADA VIA PLANILHA POR CONTA DA ALTA DEMANDA;CARTA ENVIADA;05/08/2026;NÃO LOCALIZADO;FINALIZADO;FINALIZADO;;;-;Sudeste;BACKLOG 22.06_23.07
02/07/2026;29/07/2026;260729-000415;EXTRAVIO ;ACCIOLY BARAO DE LIMEIRA;A50;SAO PAULO;SP;715083;SCB01;XD DIADEMA;14429613;8922608;SIM;NOTIFICAÇÃO ENVIADA VIA PLANILHA POR CONTA DA ALTA DEMANDA;CARTA ENVIADA;05/08/2026;NÃO LOCALIZADO;FINALIZADO;FINALIZADO;;;-;Sudeste;BACKLOG 22.06_23.07
20/07/2026;29/07/2026;260729-000417;EXTRAVIO ;ACCIOLY BARAO DE LIMEIRA;A50;SAO PAULO;SP;719593;SCB01;XD DIADEMA;14479898;9137905;SIM;NOTIFICAÇÃO ENVIADA VIA PLANILHA POR CONTA DA ALTA DEMANDA;CARTA ENVIADA;05/08/2026;NÃO LOCALIZADO;FINALIZADO;FINALIZADO;;;-;Sudeste;BACKLOG 22.06_23.07
10/07/2026;29/07/2026;260729-000416;EXTRAVIO ;ACCIOLY BARAO DE LIMEIRA;A50;SAO PAULO;SP;717804;SCB01;XD DIADEMA;14459406;9064266;SIM;NOTIFICAÇÃO ENVIADA VIA PLANILHA POR CONTA DA ALTA DEMANDA;CARTA ENVIADA;05/08/2026;NÃO LOCALIZADO;FINALIZADO;FINALIZADO;;;-;Sudeste;BACKLOG 22.06_23.07
10/07/2026;29/07/2026;260729-000419;EXTRAVIO ;ACCIOLY BARAO DE LIMEIRA;A50;SAO PAULO;SP;717804;SCB01;XD DIADEMA;14459408;9064281;SIM;NOTIFICAÇÃO ENVIADA VIA PLANILHA POR CONTA DA ALTA DEMANDA;CARTA ENVIADA;05/08/2026;NÃO LOCALIZADO;FINALIZADO;FINALIZADO;;;-;Sudeste;BACKLOG 22.06_23.07
20/07/2026;29/07/2026;260729-000420;EXTRAVIO ;ACCIOLY BARAO DE LIMEIRA;A50;SAO PAULO;SP;719593;SCB01;XD DIADEMA;14484064;9150983;SIM;NOTIFICAÇÃO ENVIADA VIA PLANILHA POR CONTA DA ALTA DEMANDA;CARTA ENVIADA;05/08/2026;NÃO LOCALIZADO;FINALIZADO;FINALIZADO;;;-;Sudeste;BACKLOG 22.06_23.07
16/07/2026;29/07/2026;260729-000422;EXTRAVIO ;ACCIOLY BARAO DE LIMEIRA;A50;SAO PAULO;SP;718923;SCB01;XD DIADEMA;14472793;9114877;SIM;NOTIFICAÇÃO ENVIADA VIA PLANILHA POR CONTA DA ALTA DEMANDA;CARTA ENVIADA;05/08/2026;NÃO LOCALIZADO;FINALIZADO;FINALIZADO;;;-;Sudeste;BACKLOG 22.06_23.07
14/07/2026;29/07/2026;260729-000421;EXTRAVIO ;LIDER BH (ANDRADAS);L99;LIDER B H VEICULOS SA;MG;717113;SCB01;XD MINAS;14451175;9037925;SIM;NOTIFICAÇÃO ENVIADA VIA PLANILHA POR CONTA DA ALTA DEMANDA;CARTA ENVIADA;05/08/2026;NÃO LOCALIZADO;FINALIZADO;FINALIZADO;;;-;Sudeste;BACKLOG 22.06_23.07
16/07/2026;29/07/2026;260729-000424;EXTRAVIO ;ACCIOLY BARAO DE LIMEIRA;A50;SAO PAULO;SP;718923;SCB01;XD DIADEMA;14475729;9118815;SIM;NOTIFICAÇÃO ENVIADA VIA PLANILHA POR CONTA DA ALTA DEMANDA;CARTA ENVIADA;05/08/2026;NÃO LOCALIZADO;FINALIZADO;FINALIZADO;;;-;Sudeste;BACKLOG 22.06_23.07
20/07/2026;29/07/2026;260729-000427;EXTRAVIO ;ACCIOLY BARAO DE LIMEIRA;A50;SAO PAULO;SP;719498;SCB01;XD DIADEMA;14479753;9137417;SIM;NOTIFICAÇÃO ENVIADA VIA PLANILHA POR CONTA DA ALTA DEMANDA;CARTA ENVIADA;05/08/2026;NÃO LOCALIZADO;FINALIZADO;FINALIZADO;;;-;Sudeste;BACKLOG 22.06_23.07
14/07/2026;29/07/2026;260729-000426;EXTRAVIO ;LIDER BH (ANDRADAS);L99;LIDER B H VEICULOS SA;MG;717113;SCB01;XD MINAS;14450679;9037599;SIM;NOTIFICAÇÃO ENVIADA VIA PLANILHA POR CONTA DA ALTA DEMANDA;CARTA ENVIADA;05/08/2026;NÃO LOCALIZADO;FINALIZADO;FINALIZADO;;;-;Sudeste;BACKLOG 22.06_23.07
20/07/2026;29/07/2026;260729-000428;EXTRAVIO ;ACCIOLY BARAO DE LIMEIRA;A50;SAO PAULO;SP;719498;SCB01;XD DIADEMA;14482480;0009144310/0009144318;SIM;NOTIFICAÇÃO ENVIADA VIA PLANILHA POR CONTA DA ALTA DEMANDA;CARTA ENVIADA;05/08/2026;NÃO LOCALIZADO;FINALIZADO;FINALIZADO;;;-;Sudeste;BACKLOG 22.06_23.07
27/07/2026;29/07/2026;260729-000431;EXTRAVIO ;NOVO RIO (ARAGUAINA);N94;ARAGUAINA;TO;716253;SCB01;RIO VERMELHO;14436572;8982906;SIM;NOTIFICAÇÃO ENVIADA VIA PLANILHA POR CONTA DA ALTA DEMANDA;CARTA ENVIADA;05/08/2026;NÃO LOCALIZADO;FINALIZADO;FINALIZADO;;;-;CO;BACKLOG 22.06_23.07
20/07/2026;29/07/2026;260729-000430;EXTRAVIO ;ACCIOLY BARAO DE LIMEIRA;A50;SAO PAULO;SP;719498;SCB01;XD DIADEMA;14482588;9144453;SIM;NOTIFICAÇÃO ENVIADA VIA PLANILHA POR CONTA DA ALTA DEMANDA;CARTA ENVIADA;05/08/2026;NÃO LOCALIZADO;FINALIZADO;FINALIZADO;;;-;Sudeste;BACKLOG 22.06_23.07
30/06/2026;29/07/2026;260729-000432;EXTRAVIO ;ACCIOLY BARAO DE LIMEIRA;A50;SAO PAULO;SP;713839;SCB01;XD DIADEMA;14419257;8870709;SIM;NOTIFICAÇÃO ENVIADA VIA PLANILHA POR CONTA DA ALTA DEMANDA;CARTA ENVIADA;05/08/2026;NÃO LOCALIZADO;FINALIZADO;FINALIZADO;;;-;Sudeste;BACKLOG 22.06_23.07
10/07/2026;29/07/2026;260729-000434;EXTRAVIO ;ACCIOLY BARAO DE LIMEIRA;A50;SAO PAULO;SP;717350;SCB01;XD DIADEMA;14450928;0009009971/0009037910;SIM;NOTIFICAÇÃO ENVIADA VIA PLANILHA POR CONTA DA ALTA DEMANDA;CARTA ENVIADA;05/08/2026;NÃO LOCALIZADO;FINALIZADO;FINALIZADO;;;-;Sudeste;BACKLOG 22.06_23.07
10/07/2026;29/07/2026;260729-000436;EXTRAVIO ;ACCIOLY BARAO DE LIMEIRA;A50;SAO PAULO;SP;717350;SCB01;XD DIADEMA;14451653;009037846/0009037895;SIM;NOTIFICAÇÃO ENVIADA VIA PLANILHA POR CONTA DA ALTA DEMANDA;CARTA ENVIADA;05/08/2026;NÃO LOCALIZADO;FINALIZADO;FINALIZADO;;;-;Sudeste;BACKLOG 22.06_23.07
03/07/2026;29/07/2026;260729-000437;EXTRAVIO ;ACCIOLY BARAO DE LIMEIRA;A50;SAO PAULO;SP;715989;SCB01;XD DIADEMA;14438396;8990023;SIM;NOTIFICAÇÃO ENVIADA VIA PLANILHA POR CONTA DA ALTA DEMANDA;CARTA ENVIADA;05/08/2026;NÃO LOCALIZADO;FINALIZADO;FINALIZADO;;;-;Sudeste;BACKLOG 22.06_23.07
07/07/2026;29/07/2026;260729-000438;EXTRAVIO ;ACCIOLY BARAO DE LIMEIRA;A50;SAO PAULO;SP;714573;SCB01;XD DIADEMA;14429402;8922610;SIM;NOTIFICAÇÃO ENVIADA VIA PLANILHA POR CONTA DA ALTA DEMANDA;CARTA ENVIADA;05/08/2026;NÃO LOCALIZADO;FINALIZADO;FINALIZADO;;;-;Sudeste;BACKLOG 22.06_23.07
24/07/2026;29/07/2026;260729-000443;EXTRAVIO ;CARRERA (ALPHAVILLE);K18;SÃO PAULO;SP;721450;SCB01;XD DIADEMA;14499054/14503557/14503570/14503535;9210313//9218555//9218567//9218476//9218536//9218539/;SIM;NOTIFICAÇÃO ENVIADA VIA PLANILHA POR CONTA DA ALTA DEMANDA;CARTA ENVIADA;05/08/2026;NÃO LOCALIZADO;FINALIZADO;FINALIZADO;;;-;Sudeste;BACKLOG 22.06_23.07
29/07/2026;29/07/2026;260729-000448;EXTRAVIO ;GUIAUTO (IPATINGA);D03;GUIAUTO LTDA;MG;714452;SCB01;XD MINAS;14428922;8920244;SIM;NOTIFICAÇÃO ENVIADA VIA PLANILHA POR CONTA DA ALTA DEMANDA;CARTA ENVIADA;05/08/2026;NÃO LOCALIZADO;FINALIZADO;FINALIZADO;;;-;Sudeste;BACKLOG 22.06_23.07
29/07/2026;29/07/2026;260729-000452;EXTRAVIO ;GUIAUTO (IPATINGA);D03;GUIAUTO LTDA;MG;720955;SCB01;CAMILO;14492459;8708786;SIM;NOTIFICAÇÃO ENVIADA VIA PLANILHA POR CONTA DA ALTA DEMANDA;CARTA ENVIADA;05/08/2026;NÃO LOCALIZADO;FINALIZADO;FINALIZADO;;;-;Sudeste;BACKLOG 22.06_23.07
27/07/2026;29/07/2026;260729-000496;EXTRAVIO ;GRANDE MINAS (PAMPULHA);F51;CONTAGEM;MG;720780;SCB01;XD MINAS;14497628;9201750;SIM;NOTIFICAÇÃO ENVIADA VIA PLANILHA POR CONTA DA ALTA DEMANDA;CARTA ENVIADA;05/08/2026;NÃO LOCALIZADO;FINALIZADO;FINALIZADO;;;-;Sudeste;BACKLOG 22.06_23.07
20/07/2026;29/07/2026;260729-000503;EXTRAVIO ;VIGORITO (ABC);E92;SAO PAULO;SP;717832;SCB01;XD DIADEMA;14457539;9038031;SIM;NOTIFICAÇÃO ENVIADA VIA PLANILHA POR CONTA DA ALTA DEMANDA;CARTA ENVIADA;05/08/2026;NÃO LOCALIZADO;FINALIZADO;FINALIZADO;;;-;Sudeste;BACKLOG 22.06_23.07
23/07/2026;29/07/2026;260729-000516;EXTRAVIO ;GUIAUTO (IPATINGA);D03;GUIAUTO LTDA;MG;713045;SCB01;XD MINAS;14413915/14413656/14413916/1443657;/8871021/8871671;SIM;NOTIFICAÇÃO ENVIADA VIA PLANILHA POR CONTA DA ALTA DEMANDA;CARTA ENVIADA;05/08/2026;NÃO LOCALIZADO;FINALIZADO;FINALIZADO;;;-;Sudeste;BACKLOG 22.06_23.07
29/07/2026;29/07/2026;260729-000536;EXTRAVIO ;JORLAN (GOIANIA);J23;GOIANIA;GO;720473;SCB01;RIO VERMELHO;14491013;9127163;SIM;NOTIFICAÇÃO ENVIADA VIA PLANILHA POR CONTA DA ALTA DEMANDA;CARTA ENVIADA;05/08/2026;NÃO LOCALIZADO;FINALIZADO;FINALIZADO;;;-;CO;BACKLOG 22.06_23.07
29/07/2026;29/07/2026;260729-000538;EXTRAVIO ;JORLAN (GOIANIA);J23;GOIANIA;GO;720473;SCB01;XD DIADEMA;14493528;9188301;SIM;NOTIFICAÇÃO ENVIADA VIA PLANILHA POR CONTA DA ALTA DEMANDA;CARTA ENVIADA;05/08/2026;NÃO LOCALIZADO;FINALIZADO;FINALIZADO;;;-;CO;BACKLOG 22.06_23.07
29/07/2026;29/07/2026;260729-000539;EXTRAVIO ;JORLAN (GOIANIA);J23;GOIANIA;GO;720473;SCB01;XD DIADEMA;14493722;9188251;SIM;NOTIFICAÇÃO ENVIADA VIA PLANILHA POR CONTA DA ALTA DEMANDA;CARTA ENVIADA;05/08/2026;NÃO LOCALIZADO;FINALIZADO;FINALIZADO;;;-;CO;BACKLOG 22.06_23.07
23/07/2026;29/07/2026;260729-000552;EXTRAVIO ;ACCIOLY BARAO DE LIMEIRA;A50;BELO HORIZONTE;MG;717982;SCB01;XD MINAS;14459505;total;SIM;NOTIFICAÇÃO ENVIADA VIA PLANILHA POR CONTA DA ALTA DEMANDA;CARTA ENVIADA;05/08/2026;NÃO LOCALIZADO;FINALIZADO;FINALIZADO;;;-;Sudeste;BACKLOG 22.06_23.07
21/07/2026;29/07/2026;260729-000556;EXTRAVIO ;ACCIOLY BARAO DE LIMEIRA;A50;BELO HORIZONTE;MG;717805;SCB01;XD MINAS;14459371;total;SIM;NOTIFICAÇÃO ENVIADA VIA PLANILHA POR CONTA DA ALTA DEMANDA;CARTA ENVIADA;05/08/2026;NÃO LOCALIZADO;FINALIZADO;FINALIZADO;;;-;Sudeste;BACKLOG 22.06_23.07
29/07/2026;30/07/2026;260730-000003;EXTRAVIO ;JORLAN (BARAO H. DE MELO);J66;BELO HORIZONTE;MG;720548;SCB01;XD MINAS;14495461;9190426/9190427/9190441/9190442/9190443/9190444/8190445/9190451/9190452/9190453/9190454/9190455/9190456/9190457/9190458/9190459/9190460/9190461;SIM;NOTIFICAÇÃO ENVIADA VIA PLANILHA POR CONTA DA ALTA DEMANDA;CARTA ENVIADA;06/08/2026;NÃO LOCALIZADO;FINALIZADO;FINALIZADO;;;-;Sudeste;BACKLOG 22.06_23.07
29/07/2026;30/07/2026;260730-000004;EXTRAVIO ;JORLAN (BARAO H. DE MELO);J66;BELO HORIZONTE;MG;720548;SCB01;XD MINAS;14495677;9190644/9190645;SIM;NOTIFICAÇÃO ENVIADA VIA PLANILHA POR CONTA DA ALTA DEMANDA;CARTA ENVIADA;06/08/2026;NÃO LOCALIZADO;FINALIZADO;FINALIZADO;;;-;Sudeste;BACKLOG 22.06_23.07
29/07/2026;30/07/2026;260730-000006;EXTRAVIO ;JORLAN (BARAO H. DE MELO);J66;BELO HORIZONTE;MG;720548;SCB01;XD MINAS;14495365;9190815/9190818/9190819/9190820/9190828/9190829/9190830/9190831/9190832/9190833/9190834/9190835/9190836/9190837/9190838/9190839/9190840;SIM;NOTIFICAÇÃO ENVIADA VIA PLANILHA POR CONTA DA ALTA DEMANDA;CARTA ENVIADA;06/08/2026;NÃO LOCALIZADO;FINALIZADO;FINALIZADO;;;-;Sudeste;BACKLOG 22.06_23.07
29/07/2026;30/07/2026;260730-000007;EXTRAVIO ;JORLAN (BARAO H. DE MELO);J66;BELO HORIZONTE;MG;720548;SCB01;XD MINAS;14495545;9191205;SIM;NOTIFICAÇÃO ENVIADA VIA PLANILHA POR CONTA DA ALTA DEMANDA;CARTA ENVIADA;06/08/2026;NÃO LOCALIZADO;FINALIZADO;FINALIZADO;;;-;Sudeste;BACKLOG 22.06_23.07
29/07/2026;30/07/2026;260730-000008;EXTRAVIO ;JORLAN (BARAO H. DE MELO);J66;BELO HORIZONTE;MG;720548;SCB01;XD MINAS;14495908;9191718/9191719/9191720/9191721/91917259191726/9191727/9191728/9191729/9191730;SIM;NOTIFICAÇÃO ENVIADA VIA PLANILHA POR CONTA DA ALTA DEMANDA;CARTA ENVIADA;06/08/2026;NÃO LOCALIZADO;FINALIZADO;FINALIZADO;;;-;Sudeste;BACKLOG 22.06_23.07
29/07/2026;30/07/2026;260730-000009;EXTRAVIO ;JORLAN (BARAO H. DE MELO);J66;BELO HORIZONTE;MG;720548;SCB01;XD MINAS;14495909;9191733/9191734/9191735;SIM;NOTIFICAÇÃO ENVIADA VIA PLANILHA POR CONTA DA ALTA DEMANDA;CARTA ENVIADA;06/08/2026;NÃO LOCALIZADO;FINALIZADO;FINALIZADO;;;-;Sudeste;BACKLOG 22.06_23.07
23/07/2026;30/07/2026;260730-000041;EXTRAVIO ;GUIAUTO (IPATINGA);D03;ITABIRA;MG;712651;SCB01;XD MINAS;14409963;8856880;SIM;NOTIFICAÇÃO ENVIADA VIA PLANILHA POR CONTA DA ALTA DEMANDA;CARTA ENVIADA;06/08/2026;NÃO LOCALIZADO;FINALIZADO;FINALIZADO;;;-;Sudeste;BACKLOG 22.06_23.07
20/07/2026;30/07/2026;260730-000113;EXTRAVIO ;VIGORITO (ABC);E92;GUARULHOS;SP;717546;SCB01;XD DIADEMA;14450668;9037211;SIM;NOTIFICAÇÃO ENVIADA VIA PLANILHA POR CONTA DA ALTA DEMANDA;FINALIZADO COMO RESOLVIDO;06/08/2026;LOCALIZADO;FINALIZADO;FINALIZADO;;;-;Sudeste;BACKLOG 22.06_23.07
20/07/2026;30/07/2026;260730-000119;EXTRAVIO ;VIGORITO (ABC);E92;GUARULHOS;SP;717090;SCB01;XD DIADEMA;14450783;9037124;SIM;NOTIFICAÇÃO ENVIADA VIA PLANILHA POR CONTA DA ALTA DEMANDA;CARTA ENVIADA;06/08/2026;NÃO LOCALIZADO;FINALIZADO;FINALIZADO;;;-;Sudeste;BACKLOG 22.06_23.07
16/07/2026;30/07/2026;260730-000141;EXTRAVIO ;ACCIOLY BARAO DE LIMEIRA;A50;SAO PAULO;SP;715544;SCB01;XD DIADEMA;14437225;0008956515/0008957116/0008957121;SIM;NOTIFICAÇÃO ENVIADA VIA PLANILHA POR CONTA DA ALTA DEMANDA;CARTA ENVIADA;06/08/2026;NÃO LOCALIZADO;FINALIZADO;FINALIZADO;;;-;Sudeste;BACKLOG 22.06_23.07
13/08/2026;30/07/2026;260730-000151;EXTRAVIO ;NOVA (RIO PRETO);R07;RIBEIRAO PRETO;SP;715111;SCB01;XD DIADEMA;14432719/14432721.;8942330/ 8943060;SIM;NOTIFICAÇÃO ENVIADA VIA PLANILHA POR CONTA DA ALTA DEMANDA;CARTA ENVIADA;06/08/2026;NÃO LOCALIZADO;FINALIZADO;FINALIZADO;;;-;Sudeste;BACKLOG 22.06_23.07
16/07/2026;30/07/2026;260730-000158;EXTRAVIO ;ACCIOLY BARAO DE LIMEIRA;A50;SAO PAULO;SP;715300;SCB01;XD DIADEMA;14436219;8956004;SIM;NOTIFICAÇÃO ENVIADA VIA PLANILHA POR CONTA DA ALTA DEMANDA;CARTA ENVIADA;06/08/2026;NÃO LOCALIZADO;FINALIZADO;FINALIZADO;;;-;Sudeste;BACKLOG 22.06_23.07
16/07/2026;30/07/2026;260730-000162;EXTRAVIO ;ACCIOLY BARAO DE LIMEIRA;A50;SAO PAULO;SP;715985;SCB01;XD DIADEMA;14440746;0008957150/0008990025;SIM;NOTIFICAÇÃO ENVIADA VIA PLANILHA POR CONTA DA ALTA DEMANDA;CARTA ENVIADA;06/08/2026;NÃO LOCALIZADO;FINALIZADO;FINALIZADO;;;-;Sudeste;BACKLOG 22.06_23.07
30/07/2026;30/07/2026;260730-000167;EXTRAVIO ;GRANDE MINAS (PAMPULHA);F51;CONTAGEM;MG;721726;SCB01;XD MINAS;14506312;9231843;SIM;NOTIFICAÇÃO ENVIADA VIA PLANILHA POR CONTA DA ALTA DEMANDA;CARTA ENVIADA;06/08/2026;NÃO LOCALIZADO;FINALIZADO;FINALIZADO;;;-;Sudeste;BACKLOG 22.06_23.07
20/07/2026;30/07/2026;260730-000168;EXTRAVIO ;ACCIOLY BARAO DE LIMEIRA;A50;BELO HORIZONTE;MG;715714;SCB01;XD MINAS;14438592;total;SIM;NOTIFICAÇÃO ENVIADA VIA PLANILHA POR CONTA DA ALTA DEMANDA;CARTA ENVIADA;06/08/2026;NÃO LOCALIZADO;FINALIZADO;FINALIZADO;;;-;Sudeste;BACKLOG 22.06_23.07
20/07/2026;30/07/2026;260730-000172;EXTRAVIO ;ACCIOLY BARAO DE LIMEIRA;A50;BELO HORIZONTE;MG;715241;SCB01;XD MINAS;14434302;total;SIM;NOTIFICAÇÃO ENVIADA VIA PLANILHA POR CONTA DA ALTA DEMANDA;CARTA ENVIADA;06/08/2026;NÃO LOCALIZADO;FINALIZADO;FINALIZADO;;;-;Sudeste;BACKLOG 22.06_23.07
23/07/2026;30/07/2026;260730-000182;EXTRAVIO ;ACCIOLY BARAO DE LIMEIRA;A50;BELO HORIZONTE;MG;719499;SCB01;XD MINAS;14479904;total;SIM;NOTIFICAÇÃO ENVIADA VIA PLANILHA POR CONTA DA ALTA DEMANDA;CARTA ENVIADA;06/08/2026;NÃO LOCALIZADO;FINALIZADO;FINALIZADO;;;-;Sudeste;BACKLOG 22.06_23.07
21/07/2026;30/07/2026;260730-000193;EXTRAVIO ;ACCIOLY BARAO DE LIMEIRA;A50;BELO HORIZONTE;MG;718103;SCB01;XD MINAS;14464037;total;SIM;NOTIFICAÇÃO ENVIADA VIA PLANILHA POR CONTA DA ALTA DEMANDA;CARTA ENVIADA;06/08/2026;NÃO LOCALIZADO;FINALIZADO;FINALIZADO;;;-;Sudeste;BACKLOG 22.06_23.07
13/08/2026;30/07/2026;260730-000194;EXTRAVIO ;NOVA (RIO PRETO);R07;RIBEIRAO PRETO;SP;715689;SCB01;XD DIADEMA;14432099/14435064/14435062/14435065/14435063;8941862/8941835/8941836/8941823/8941829/8941830/8941840/8941850/8941822/8941843/8941844/8941845;SIM;NOTIFICAÇÃO ENVIADA VIA PLANILHA POR CONTA DA ALTA DEMANDA;FINALIZADO COMO RESOLVIDO;06/08/2026;LOCALIZADO;FINALIZADO;FINALIZADO;;;-;Sudeste;BACKLOG 22.06_23.07
21/07/2026;30/07/2026;260730-000197;EXTRAVIO ;ACCIOLY BARAO DE LIMEIRA;A50;BELO HORIZONTE;MG;719286;SCB01;XD MINAS;14474670;total;SIM;NOTIFICAÇÃO ENVIADA VIA PLANILHA POR CONTA DA ALTA DEMANDA;CARTA ENVIADA;06/08/2026;NÃO LOCALIZADO;FINALIZADO;FINALIZADO;;;-;Sudeste;BACKLOG 22.06_23.07
13/08/2026;30/07/2026;260730-000201;EXTRAVIO ;NOVA (RIO PRETO);R07;RIBEIRAO PRETO;SP;714947;SCB01;XD DIADEMA;14431335/14432332/14432326/14432275/14432330/14432290;/8938887/8938888/8943372/8943373/8942094/8942099/8942100/8942101/8883768/8941777/8941778/8941779/8941780/8941781/8941782/8942110;SIM;NOTIFICAÇÃO ENVIADA VIA PLANILHA POR CONTA DA ALTA DEMANDA;FINALIZADO COMO RESOLVIDO;06/08/2026;LOCALIZADO;FINALIZADO;FINALIZADO;;;-;Sudeste;BACKLOG 22.06_23.07
06/07/2026;30/07/2026;260730-000208;EXTRAVIO ;ACCIOLY BARAO DE LIMEIRA;A50;SAO PAULO;SP;716559;SCB01;XD DIADEMA;14443487;"0009009045/0009009444/0009009638/0009009663/0009009664/0009009665
0009010000/0009010595";SIM;NOTIFICAÇÃO ENVIADA VIA PLANILHA POR CONTA DA ALTA DEMANDA;CARTA ENVIADA;06/08/2026;NÃO LOCALIZADO;FINALIZADO;FINALIZADO;;;-;Sudeste;BACKLOG 22.06_23.07
16/07/2026;30/07/2026;260730-000212;EXTRAVIO ;ACCIOLY BARAO DE LIMEIRA;A50;SAO PAULO;SP;716432;SCB01;XD DIADEMA;14443203;0009008941/0009008976/0009010514/0009010223/0009010470;SIM;NOTIFICAÇÃO ENVIADA VIA PLANILHA POR CONTA DA ALTA DEMANDA;CARTA ENVIADA;06/08/2026;NÃO LOCALIZADO;FINALIZADO;FINALIZADO;;;-;Sudeste;BACKLOG 22.06_23.07
21/07/2026;30/07/2026;260730-000214;EXTRAVIO ;ACCIOLY BARAO DE LIMEIRA;A50;SAO PAULO;SP;718693;SCB01;XD DIADEMA;14468751;9091100;SIM;NOTIFICAÇÃO ENVIADA VIA PLANILHA POR CONTA DA ALTA DEMANDA;CARTA ENVIADA;06/08/2026;NÃO LOCALIZADO;FINALIZADO;FINALIZADO;;;-;Sudeste;BACKLOG 22.06_23.07
21/07/2026;30/07/2026;260730-000216;EXTRAVIO ;ACCIOLY BARAO DE LIMEIRA;A50;SAO PAULO;SP;719832;SCB01;XD DIADEMA;14483494;9144350;SIM;NOTIFICAÇÃO ENVIADA VIA PLANILHA POR CONTA DA ALTA DEMANDA;CARTA ENVIADA;06/08/2026;NÃO LOCALIZADO;FINALIZADO;FINALIZADO;;;-;Sudeste;BACKLOG 22.06_23.07
21/07/2026;30/07/2026;260730-000218;EXTRAVIO ;ACCIOLY BARAO DE LIMEIRA;A50;SAO PAULO;SP;718919;SCB01;XD DIADEMA;14473053;0009114666/0009114785/0009118106;SIM;NOTIFICAÇÃO ENVIADA VIA PLANILHA POR CONTA DA ALTA DEMANDA;CARTA ENVIADA;06/08/2026;NÃO LOCALIZADO;FINALIZADO;FINALIZADO;;;-;Sudeste;BACKLOG 22.06_23.07
21/07/2026;30/07/2026;260730-000225;EXTRAVIO ;ACCIOLY BARAO DE LIMEIRA;A50;SAO PAULO;SP;718248;SCB01;XD DIADEMA;14464608;0009064429/0009090911;SIM;NOTIFICAÇÃO ENVIADA VIA PLANILHA POR CONTA DA ALTA DEMANDA;CARTA ENVIADA;06/08/2026;NÃO LOCALIZADO;FINALIZADO;FINALIZADO;;;-;Sudeste;BACKLOG 22.06_23.07
21/07/2026;30/07/2026;260730-000226;EXTRAVIO ;ACCIOLY BARAO DE LIMEIRA;A50;SAO PAULO;SP;718449;SCB01;XD DIADEMA;14467932;0009024193/0009090546/0009091044;SIM;NOTIFICAÇÃO ENVIADA VIA PLANILHA POR CONTA DA ALTA DEMANDA;CARTA ENVIADA;06/08/2026;NÃO LOCALIZADO;FINALIZADO;FINALIZADO;;;-;Sudeste;BACKLOG 22.06_23.07
21/07/2026;30/07/2026;260730-000228;EXTRAVIO ;ACCIOLY BARAO DE LIMEIRA;A50;SAO PAULO;SP;719282;SCB01;XD DIADEMA;14474534;9114796;SIM;NOTIFICAÇÃO ENVIADA VIA PLANILHA POR CONTA DA ALTA DEMANDA;CARTA ENVIADA;06/08/2026;NÃO LOCALIZADO;FINALIZADO;FINALIZADO;;;-;Sudeste;BACKLOG 22.06_23.07
21/07/2026;30/07/2026;260730-000229;EXTRAVIO ;ACCIOLY BARAO DE LIMEIRA;A50;SAO PAULO;SP;718099;SCB01;XD DIADEMA;14461267;0009064171/0009077382/0009077535;SIM;NOTIFICAÇÃO ENVIADA VIA PLANILHA POR CONTA DA ALTA DEMANDA;CARTA ENVIADA;06/08/2026;NÃO LOCALIZADO;FINALIZADO;FINALIZADO;;;-;Sudeste;BACKLOG 22.06_23.07
21/07/2026;30/07/2026;260730-000238;EXTRAVIO ;ACCIOLY BARAO DE LIMEIRA;A50;SAO PAULO;SP;719590;SCB01;XD DIADEMA;14483670;"0009128963/0009129052/0009129063/0009129330/0009129338/0009129356
0009129360/0009129370/0009129392/0009137201/";SIM;NOTIFICAÇÃO ENVIADA VIA PLANILHA POR CONTA DA ALTA DEMANDA;CARTA ENVIADA;06/08/2026;NÃO LOCALIZADO;FINALIZADO;FINALIZADO;;;-;Sudeste;BACKLOG 22.06_23.07
26/06/2026;30/07/2026;260730-000241;EXTRAVIO ;ACCIOLY BARAO DE LIMEIRA;A50;SAO PAULO;SP;712816;SCB01;XD DIADEMA;14411392;8857071;SIM;NOTIFICAÇÃO ENVIADA VIA PLANILHA POR CONTA DA ALTA DEMANDA;CARTA ENVIADA;06/08/2026;NÃO LOCALIZADO;FINALIZADO;FINALIZADO;;;-;Sudeste;BACKLOG 22.06_23.07
16/07/2026;30/07/2026;260730-000279;EXTRAVIO ;NOVA (RIBEIRAO PRETO);N17;RIBEIRAO PRETO;SP;714879;SCB01;XD DIADEMA;14393072;8775426;SIM;NOTIFICAÇÃO ENVIADA VIA PLANILHA POR CONTA DA ALTA DEMANDA;CARTA ENVIADA;06/08/2026;NÃO LOCALIZADO;FINALIZADO;FINALIZADO;;;-;Sudeste;BACKLOG 22.06_23.07
28/07/2026;30/07/2026;260730-000288;EXTRAVIO ;SABENAUTO (DUQUE DE CAXIAS);U09;NITEROI;RJ;721307;SCB01;CAMILO;14499596;9205792;SIM;NOTIFICAÇÃO ENVIADA VIA PLANILHA POR CONTA DA ALTA DEMANDA;CARTA ENVIADA;06/08/2026;NÃO LOCALIZADO;FINALIZADO;FINALIZADO;;;-;Sudeste;BACKLOG 22.06_23.07
30/06/2026;30/07/2026;260730-000291;EXTRAVIO ;NOVA (RIBEIRAO PRETO);N17;RIBEIRAO PRETO;SP;715108;SCB01;XD DIADEMA;14427259;87089300;SIM;NOTIFICAÇÃO ENVIADA VIA PLANILHA POR CONTA DA ALTA DEMANDA;CARTA ENVIADA;06/08/2026;NÃO LOCALIZADO;FINALIZADO;FINALIZADO;;;-;Sudeste;BACKLOG 22.06_23.07
13/08/2026;30/07/2026;260730-000296;EXTRAVIO ;NOVA (RIBEIRAO PRETO);N17;RIBEIRAO PRETO;SP;714948;SCB01;ALFA;14431170;8917970;SIM;NOTIFICAÇÃO ENVIADA VIA PLANILHA POR CONTA DA ALTA DEMANDA;CARTA ENVIADA;06/08/2026;NÃO LOCALIZADO;FINALIZADO;FINALIZADO;;;-;Sudeste;BACKLOG 22.06_23.07
30/06/2026;30/07/2026;260730-000310;EXTRAVIO ;NOVA (RIBEIRAO PRETO);N17;RIBEIRAO PRETO;SP;715108;SCB01;XD DIADEMA;14432175;8942354/./8942875/8942875.;SIM;NOTIFICAÇÃO ENVIADA VIA PLANILHA POR CONTA DA ALTA DEMANDA;CARTA ENVIADA;06/08/2026;NÃO LOCALIZADO;FINALIZADO;FINALIZADO;;;-;Sudeste;BACKLOG 22.06_23.07
30/06/2026;30/07/2026;260730-000320;EXTRAVIO ;NOVA (RIBEIRAO PRETO);N17;RIBEIRAO PRETO;SP;715108;SCB01;XD DIADEMA;14432179;8942354/8942875.;SIM;NOTIFICAÇÃO ENVIADA VIA PLANILHA POR CONTA DA ALTA DEMANDA;CARTA ENVIADA;06/08/2026;NÃO LOCALIZADO;FINALIZADO;FINALIZADO;;;-;Sudeste;BACKLOG 22.06_23.07
23/07/2026;30/07/2026;260730-000333;EXTRAVIO ;JORLAN (BARAO H. DE MELO);J66;BELO HORIZONTE;MG;719335;SCB01;XD MINAS;14475042;9118768;SIM;NOTIFICAÇÃO ENVIADA VIA PLANILHA POR CONTA DA ALTA DEMANDA;CARTA ENVIADA;06/08/2026;NÃO LOCALIZADO;FINALIZADO;FINALIZADO;;;-;Sudeste;BACKLOG 22.06_23.07
30/06/2026;30/07/2026;260730-000336;EXTRAVIO ;NOVA (RIBEIRAO PRETO);N17;RIBEIRAO PRETO;SP;715108;SCB01;XD DIADEMA;14432180;89427772/8942773.;SIM;NOTIFICAÇÃO ENVIADA VIA PLANILHA POR CONTA DA ALTA DEMANDA;CARTA ENVIADA;06/08/2026;NÃO LOCALIZADO;FINALIZADO;FINALIZADO;;;-;Sudeste;BACKLOG 22.06_23.07
29/05/2026;30/07/2026;260730-000346;EXTRAVIO ;VIGORITO (ABC);E92;SÃO PAULO;SP;707370;SCB01;XD DIADEMA;14266490;total;SIM;NOTIFICAÇÃO ENVIADA VIA PLANILHA POR CONTA DA ALTA DEMANDA;CARTA ENVIADA;06/08/2026;NÃO LOCALIZADO;FINALIZADO;FINALIZADO;;;-;Sudeste;NORMAL
21/07/2026;30/07/2026;260730-000350;EXTRAVIO ;CARRERA (VILA LEOPOLDINA);J36;SAO PAULO;SP;718495;SCB01;XD DIADEMA;14467504;9090499/9090502/9090504/9090508;SIM;NOTIFICAÇÃO ENVIADA VIA PLANILHA POR CONTA DA ALTA DEMANDA;CARTA ENVIADA;06/08/2026;NÃO LOCALIZADO;FINALIZADO;FINALIZADO;;;-;Sudeste;BACKLOG 22.06_23.07
30/06/2026;30/07/2026;260730-000368;EXTRAVIO ;NOVA (RIBEIRAO PRETO);N17;RIBEIRAO PRETO;SP;715108;SCB01;XD DIADEMA;14432181;8942772/8942773.;SIM;NOTIFICAÇÃO ENVIADA VIA PLANILHA POR CONTA DA ALTA DEMANDA;CARTA ENVIADA;06/08/2026;NÃO LOCALIZADO;FINALIZADO;FINALIZADO;;;-;Sudeste;BACKLOG 22.06_23.07
24/07/2026;30/07/2026;260730-000375;EXTRAVIO ;CARRERA (ALPHAVILLE);K18;BARUERI;SP;721510;SCB01;XD DIADEMA;14504149;9223669;SIM;NOTIFICAÇÃO ENVIADA VIA PLANILHA POR CONTA DA ALTA DEMANDA;CARTA ENVIADA;06/08/2026;NÃO LOCALIZADO;FINALIZADO;FINALIZADO;;;-;Sudeste;BACKLOG 22.06_23.07
16/07/2026;30/07/2026;260730-000379;EXTRAVIO ;CARRERA (VILA LEOPOLDINA);J36;SAO PAULO;SP;719331;SCB01;XD DIADEMA;14479897;9137767;SIM;NOTIFICAÇÃO ENVIADA VIA PLANILHA POR CONTA DA ALTA DEMANDA;CARTA ENVIADA;06/08/2026;NÃO LOCALIZADO;FINALIZADO;FINALIZADO;;;-;Sudeste;BACKLOG 22.06_23.07
13/08/2026;30/07/2026;260730-000378;EXTRAVIO ;NOVA (RIBEIRAO PRETO);N17;RIBEIRAO PRETO;SP;714948;SCB01;XD DIADEMA;14432285;8917764/8917765;SIM;NOTIFICAÇÃO ENVIADA VIA PLANILHA POR CONTA DA ALTA DEMANDA;CARTA ENVIADA;06/08/2026;NÃO LOCALIZADO;FINALIZADO;FINALIZADO;;;-;Sudeste;BACKLOG 22.06_23.07
13/08/2026;30/07/2026;260730-000387;EXTRAVIO ;NOVA (RIBEIRAO PRETO);N17;RIBEIRAO PRETO;SP;714948;SCB01;XD DIADEMA;14432294;8942310/8942311/8942313;SIM;NOTIFICAÇÃO ENVIADA VIA PLANILHA POR CONTA DA ALTA DEMANDA;CARTA ENVIADA;06/08/2026;NÃO LOCALIZADO;FINALIZADO;FINALIZADO;;;-;Sudeste;BACKLOG 22.06_23.07
13/08/2026;30/07/2026;260730-000393;EXTRAVIO ;NOVA (RIBEIRAO PRETO);N17;RIBEIRAO PRETO;SP;714948;SCB01;XD DIADEMA;14432327;/8943374/8943375/./8943376/8943377/8943378;SIM;NOTIFICAÇÃO ENVIADA VIA PLANILHA POR CONTA DA ALTA DEMANDA;CARTA ENVIADA;06/08/2026;NÃO LOCALIZADO;FINALIZADO;FINALIZADO;;;-;Sudeste;BACKLOG 22.06_23.07
21/07/2026;30/07/2026;260730-000392;EXTRAVIO ;LIDER BH (ANDRADAS);L99;BELO HORIZONTE;MG;719259;SCB01;XD MINAS;14480793;9137564/9137563;SIM;NOTIFICAÇÃO ENVIADA VIA PLANILHA POR CONTA DA ALTA DEMANDA;CARTA ENVIADA;06/08/2026;NÃO LOCALIZADO;FINALIZADO;FINALIZADO;;;-;Sudeste;BACKLOG 22.06_23.07
21/07/2026;30/07/2026;260730-000397;EXTRAVIO ;LIDER BH (ANDRADAS);L99;BELO HORIZONTE;MG;719259;SCB01;XD MINAS;14480793;9137564/9137563;SIM;NOTIFICAÇÃO ENVIADA VIA PLANILHA POR CONTA DA ALTA DEMANDA;CARTA ENVIADA;06/08/2026;NÃO LOCALIZADO;FINALIZADO;FINALIZADO;;;-;Sudeste;BACKLOG 22.06_23.07
21/07/2026;30/07/2026;260730-000399;EXTRAVIO ;LIDER BH (ANDRADAS);L99;BELO HORIZONTE;MG;717854;SCB01;XD MINAS;14458916;9052394/9052386;SIM;NOTIFICAÇÃO ENVIADA VIA PLANILHA POR CONTA DA ALTA DEMANDA;CARTA ENVIADA;06/08/2026;NÃO LOCALIZADO;FINALIZADO;FINALIZADO;;;-;Sudeste;BACKLOG 22.06_23.07
21/07/2026;30/07/2026;260730-000400;EXTRAVIO ;LIDER BH (ANDRADAS);L99;BELO HORIZONTE;MG;717854;SCB01;XD MINAS;14458916;9052394/9052386;SIM;NOTIFICAÇÃO ENVIADA VIA PLANILHA POR CONTA DA ALTA DEMANDA;CARTA ENVIADA;06/08/2026;NÃO LOCALIZADO;FINALIZADO;FINALIZADO;;;-;Sudeste;BACKLOG 22.06_23.07
20/07/2026;30/07/2026;260730-000401;EXTRAVIO ;LIDER BH (ANDRADAS);L99;BELO HORIZONTE;MG;714985;SCB01;XD MINAS;14428867;8919990;SIM;NOTIFICAÇÃO ENVIADA VIA PLANILHA POR CONTA DA ALTA DEMANDA;CARTA ENVIADA;06/08/2026;NÃO LOCALIZADO;FINALIZADO;FINALIZADO;;;-;Sudeste;BACKLOG 22.06_23.07
23/07/2026;30/07/2026;260730-000415;EXTRAVIO ;ACCIOLY BARAO DE LIMEIRA;A50;BELO HORIZONTE;MG;719836;SCB01;XD MINAS;14422388/14484216/14483529/14486424/14483893/14486382/14485750;8821968/9150676/9150624/9156050/87008484/9155931/9156005;SIM;NOTIFICAÇÃO ENVIADA VIA PLANILHA POR CONTA DA ALTA DEMANDA;CARTA ENVIADA;06/08/2026;NÃO LOCALIZADO;FINALIZADO;FINALIZADO;;;-;Sudeste;BACKLOG 22.06_23.07
20/07/2026;30/07/2026;260730-000417;EXTRAVIO ;ACCIOLY BARAO DE LIMEIRA;A50;BELO HORIZONTE;MG;714957;SCB01;XD MINAS;14428531/14429649;8887119/8922327;SIM;NOTIFICAÇÃO ENVIADA VIA PLANILHA POR CONTA DA ALTA DEMANDA;CARTA ENVIADA;06/08/2026;NÃO LOCALIZADO;FINALIZADO;FINALIZADO;;;-;Sudeste;BACKLOG 22.06_23.07
21/07/2026;30/07/2026;260730-000418;EXTRAVIO ;ACCIOLY BARAO DE LIMEIRA;A50;BELO HORIZONTE;MG;717650;SCB01;XD MINAS;14451323/14449786/14456697/14449525;9036958/9036965/9037426/9052326/86019551;SIM;NOTIFICAÇÃO ENVIADA VIA PLANILHA POR CONTA DA ALTA DEMANDA;CARTA ENVIADA;06/08/2026;NÃO LOCALIZADO;FINALIZADO;FINALIZADO;;;-;Sudeste;BACKLOG 22.06_23.07
21/07/2026;30/07/2026;260730-000419;EXTRAVIO ;ACCIOLY BARAO DE LIMEIRA;A50;BELO HORIZONTE;MG;719240;SCB01;XD MINAS;14468418/14479475/14480798;9090571/9112502/9137561/9137562;SIM;NOTIFICAÇÃO ENVIADA VIA PLANILHA POR CONTA DA ALTA DEMANDA;CARTA ENVIADA;06/08/2026;NÃO LOCALIZADO;FINALIZADO;FINALIZADO;;;-;Sudeste;BACKLOG 22.06_23.07
06/07/2026;30/07/2026;260730-000426;EXTRAVIO ;MCV (CARATINGA);C78;CARATINGA;MG;715366;SCB01;CAMILO;14432342;/8947664/8947665;SIM;NOTIFICAÇÃO ENVIADA VIA PLANILHA POR CONTA DA ALTA DEMANDA;FINALIZADO COMO RESOLVIDO;06/08/2026;LOCALIZADO;FINALIZADO;FINALIZADO;;;-;Sudeste;BACKLOG 22.06_23.07
06/07/2026;30/07/2026;260730-000427;EXTRAVIO ;MCV (CARATINGA);C78;CARATINGA;MG;715366;SCB01;CAMILO;14435879;8957052;SIM;NOTIFICAÇÃO ENVIADA VIA PLANILHA POR CONTA DA ALTA DEMANDA;FINALIZADO COMO RESOLVIDO;06/08/2026;LOCALIZADO;FINALIZADO;FINALIZADO;;;-;Sudeste;BACKLOG 22.06_23.07
03/07/2026;30/07/2026;260730-000428;EXTRAVIO ;MCV (CARATINGA);C78;CARATINGA;MG;714474;SCB01;CAMILO;14428846;8921865;SIM;NOTIFICAÇÃO ENVIADA VIA PLANILHA POR CONTA DA ALTA DEMANDA;CARTA ENVIADA;06/08/2026;NÃO LOCALIZADO;FINALIZADO;FINALIZADO;;;-;Sudeste;BACKLOG 22.06_23.07
03/07/2026;30/07/2026;260730-000429;EXTRAVIO ;MCV (CARATINGA);C78;CARATINGA;MG;714474;SCB01;CAMILO;14429118;8922526;SIM;NOTIFICAÇÃO ENVIADA VIA PLANILHA POR CONTA DA ALTA DEMANDA;CARTA ENVIADA;06/08/2026;NÃO LOCALIZADO;FINALIZADO;FINALIZADO;;;-;Sudeste;BACKLOG 22.06_23.07
03/07/2026;30/07/2026;260730-000430;EXTRAVIO ;MCV (CARATINGA);C78;CARATINGA;MG;714474;SCB01;CAMILO;14428852;8921864/8921866;SIM;NOTIFICAÇÃO ENVIADA VIA PLANILHA POR CONTA DA ALTA DEMANDA;CARTA ENVIADA;06/08/2026;NÃO LOCALIZADO;FINALIZADO;FINALIZADO;;;-;Sudeste;BACKLOG 22.06_23.07
30/07/2026;31/07/2026;260731-000006;EXTRAVIO ;MAPI (LAVRAS);C59;LAVRAS;MG;716100;SCB01;CAMILO;14438004;total;SIM;NOTIFICAÇÃO ENVIADA VIA PLANILHA POR CONTA DA ALTA DEMANDA;FINALIZADO COMO RESOLVIDO;07/08/2026;LOCALIZADO;FINALIZADO;FINALIZADO;;;-;Sudeste;BACKLOG 22.06_23.07
22/07/2026;31/07/2026;260731-000019;EXTRAVIO ;MAPI (LAVRAS);C59;LAVRAS;MG;712633;SCB01;XD MINAS;14410287/14410497/14410498/14410499;8857616/8858075;SIM;NOTIFICAÇÃO ENVIADA VIA PLANILHA POR CONTA DA ALTA DEMANDA;CARTA ENVIADA;07/08/2026;NÃO LOCALIZADO;FINALIZADO;FINALIZADO;;;-;Sudeste;BACKLOG 22.06_23.07
04/08/2026;31/07/2026;260731-000033;EXTRAVIO ;MAPI (LAVRAS);C59;LAVRAS;MG;715731;SCB01;XD MINAS;14440060;8989491;SIM;NOTIFICAÇÃO ENVIADA VIA PLANILHA POR CONTA DA ALTA DEMANDA;CARTA ENVIADA;07/08/2026;NÃO LOCALIZADO;FINALIZADO;FINALIZADO;;;-;Sudeste;BACKLOG 22.06_23.07
03/08/2026;31/07/2026;260731-000037;EXTRAVIO ;AUTUS (AFONSO PENA);X44;ARAXA;MG;716864;SCB01;XD MINAS;14446614;9023896;SIM;NOTIFICAÇÃO ENVIADA VIA PLANILHA POR CONTA DA ALTA DEMANDA;CARTA ENVIADA;07/08/2026;NÃO LOCALIZADO;FINALIZADO;FINALIZADO;;;-;Sudeste;BACKLOG 22.06_23.07
13/08/2026;31/07/2026;260731-000042;EXTRAVIO ;NOVA (RIBEIRAO PRETO);N17;RIBEIRAO PRETO;SP;714948;SCB01;ALFA;14432333;8942095/8942096/8942097/./8942098/8942102/8942103.;SIM;NOTIFICAÇÃO ENVIADA VIA PLANILHA POR CONTA DA ALTA DEMANDA;CARTA ENVIADA;07/08/2026;NÃO LOCALIZADO;FINALIZADO;FINALIZADO;;;-;Sudeste;BACKLOG 22.06_23.07
03/08/2026;31/07/2026;260731-000054;EXTRAVIO ;AUTOGERAIS (ITAJUBA);I14;ITAJUBA;MG;714420;SCB01;XD MINAS;14427915/144291513/14428864;Aguardando retorno da concessionaria;SIM;NOTIFICAÇÃO ENVIADA VIA PLANILHA POR CONTA DA ALTA DEMANDA;Aguardando retorno;07/08/2026;NÃO LOCALIZADO;FINALIZADO;FINALIZADO;;;-;Sudeste;BACKLOG 22.06_23.07
30/07/2026;31/07/2026;260731-000053;EXTRAVIO ;AUTUS (AFONSO PENA);X44;PATROCINIO;MG;715317;SCB01;CAMILO;14432357;8947697;SIM;NOTIFICAÇÃO ENVIADA VIA PLANILHA POR CONTA DA ALTA DEMANDA;FINALIZADO COMO RESOLVIDO;07/08/2026;LOCALIZADO;FINALIZADO;FINALIZADO;;;-;Sudeste;BACKLOG 22.06_23.07
14/08/2026;31/07/2026;260731-000057;EXTRAVIO ;NOVO RIO (PORANGATU);R96;PORANGATUBA;GO;714129;SCB01;RIO VERMELHO;14423253/14426016/14426177;Aguardando retorno da concessionaria;SIM;NOTIFICAÇÃO ENVIADA VIA PLANILHA POR CONTA DA ALTA DEMANDA;Aguardando retorno;07/08/2026;NÃO LOCALIZADO;FINALIZADO;FINALIZADO;;;-;CO;BACKLOG 22.06_23.07
30/06/2026;31/07/2026;260731-000061;EXTRAVIO ;NOVA (RIBEIRAO PRETO);N17;RIBEIRAO PRETO;SP;715108;SCB01;XD DIADEMA;14432726;8942331./8942336/8943003/8943336/8943057/;SIM;NOTIFICAÇÃO ENVIADA VIA PLANILHA POR CONTA DA ALTA DEMANDA;CARTA ENVIADA;07/08/2026;NÃO LOCALIZADO;FINALIZADO;FINALIZADO;;;-;Sudeste;BACKLOG 22.06_23.07
30/06/2026;31/07/2026;260731-000075;EXTRAVIO ;NOVA (RIBEIRAO PRETO);N17;RIBEIRAO PRETO;SP;715108;SCB01;XD DIADEMA;14432727;8942336/89430003;SIM;NOTIFICAÇÃO ENVIADA VIA PLANILHA POR CONTA DA ALTA DEMANDA;CARTA ENVIADA;07/08/2026;NÃO LOCALIZADO;FINALIZADO;FINALIZADO;;;-;Sudeste;BACKLOG 22.06_23.07
30/07/2026;31/07/2026;260731-000077;EXTRAVIO ;GUIAUTO (IPATINGA);D03;IPATINGA;MG;713414;SCB01;XD MINAS;14413796;8870502;SIM;NOTIFICAÇÃO ENVIADA VIA PLANILHA POR CONTA DA ALTA DEMANDA;CARTA ENVIADA;07/08/2026;NÃO LOCALIZADO;FINALIZADO;FINALIZADO;;;-;Sudeste;BACKLOG 22.06_23.07
31/07/2026;31/07/2026;260731-000082;EXTRAVIO ;SABENAUTO (DPEC MANAUS);W93;MANAUS;AM;719068;SCB01;NORTEX;14444416;9008655;SIM;NOTIFICAÇÃO ENVIADA VIA PLANILHA POR CONTA DA ALTA DEMANDA;CARTA ENVIADA;07/08/2026;NÃO LOCALIZADO;FINALIZADO;FINALIZADO;;;-;Norte;BACKLOG 22.06_23.07
21/07/2026;31/07/2026;260731-000091;EXTRAVIO ;CARRERA  EDGAR FACÓ;Y18;SAO PAULO;SP;716003;SCB01;XD DIADEMA;14438127;8990645;SIM;NOTIFICAÇÃO ENVIADA VIA PLANILHA POR CONTA DA ALTA DEMANDA;FINALIZADO COMO RESOLVIDO;07/08/2026;LOCALIZADO;FINALIZADO;FINALIZADO;;;-;Sudeste;BACKLOG 22.06_23.07
27/07/2026;31/07/2026;260731-000094;EXTRAVIO ;VEMAQ (VILHENA);V40;VILHENA;RO;720068;SCB01;XD DIADEMA;14444359/14444371/14445520/14444370/14444368/;9007794/9008649/9008830/9008851/9007794/9007794/9008768/9008769/9008630;SIM;NOTIFICAÇÃO ENVIADA VIA PLANILHA POR CONTA DA ALTA DEMANDA;CARTA ENVIADA;07/08/2026;NÃO LOCALIZADO;FINALIZADO;FINALIZADO;;;-;Norte;BACKLOG 22.06_23.07
21/07/2026;31/07/2026;260731-000101;EXTRAVIO ;CARRERA  EDGAR FACÓ;Y18;SAO PAULO;SP;719853;SCB01;XD DIADEMA;14485074;9151399;SIM;NOTIFICAÇÃO ENVIADA VIA PLANILHA POR CONTA DA ALTA DEMANDA;FINALIZADO COMO RESOLVIDO;07/08/2026;LOCALIZADO;FINALIZADO;FINALIZADO;;;-;Sudeste;BACKLOG 22.06_23.07
30/06/2026;31/07/2026;260731-000106;EXTRAVIO ;NOVA (RIBEIRAO PRETO);N17;RIBEIRAO PRETO;SP;715108;SCB01;XD DIADEMA;14432728;8943057;SIM;NOTIFICAÇÃO ENVIADA VIA PLANILHA POR CONTA DA ALTA DEMANDA;CARTA ENVIADA;07/08/2026;NÃO LOCALIZADO;FINALIZADO;FINALIZADO;;;-;Sudeste;BACKLOG 22.06_23.07
21/07/2026;31/07/2026;260731-000113;EXTRAVIO ;CARRERA  EDGAR FACÓ;Y18;SAO PAULO;SP;715808;SCB01;XD DIADEMA;14438779;8990602;SIM;NOTIFICAÇÃO ENVIADA VIA PLANILHA POR CONTA DA ALTA DEMANDA;CARTA ENVIADA;07/08/2026;NÃO LOCALIZADO;FINALIZADO;FINALIZADO;;;-;Sudeste;BACKLOG 22.06_23.07
29/07/2026;31/07/2026;260731-000118;EXTRAVIO ;AUTOGERAIS (ITAJUBA);I14;ITAJUBA;MG;720757;SCB01;XD MINAS;14495948/14499548/14497318/14497770/14497158/14497554;Aguardando retorno da concessionaria;SIM;NOTIFICAÇÃO ENVIADA VIA PLANILHA POR CONTA DA ALTA DEMANDA;Aguardando retorno;07/08/2026;NÃO LOCALIZADO;FINALIZADO;FINALIZADO;;;-;Sudeste;BACKLOG 22.06_23.07
03/08/2026;31/07/2026;260731-000129;EXTRAVIO ;AUTOGERAIS (ITAJUBA);I14;ITAJUBA;MG;718457;SCB01;XD MINAS;14467477;9090482;SIM;NOTIFICAÇÃO ENVIADA VIA PLANILHA POR CONTA DA ALTA DEMANDA;CARTA ENVIADA;07/08/2026;NÃO LOCALIZADO;FINALIZADO;FINALIZADO;;;-;Sudeste;BACKLOG 22.06_23.07
03/08/2026;31/07/2026;260731-000134;EXTRAVIO ;AUTOGERAIS (ITAJUBA);I14;ITAJUBA;MG;718457;SCB01;XD MINAS;14467813;9090682;SIM;NOTIFICAÇÃO ENVIADA VIA PLANILHA POR CONTA DA ALTA DEMANDA;CARTA ENVIADA;07/08/2026;NÃO LOCALIZADO;FINALIZADO;FINALIZADO;;;-;Sudeste;BACKLOG 22.06_23.07
03/08/2026;31/07/2026;260731-000139;EXTRAVIO ;AUTOGERAIS (ITAJUBA);I14;ITAJUBA;MG;718457;SCB01;XD MINAS;14467752;9090728;SIM;NOTIFICAÇÃO ENVIADA VIA PLANILHA POR CONTA DA ALTA DEMANDA;CARTA ENVIADA;07/08/2026;NÃO LOCALIZADO;FINALIZADO;FINALIZADO;;;-;Sudeste;BACKLOG 22.06_23.07
30/06/2026;31/07/2026;260731-000144;EXTRAVIO ;NOVA (RIBEIRAO PRETO);N17;RIBEIRAO PRETO;SP;715108;SCB01;XD DIADEMA;14432730;8942336/8943003/8943045/8943057/.;SIM;NOTIFICAÇÃO ENVIADA VIA PLANILHA POR CONTA DA ALTA DEMANDA;CARTA ENVIADA;07/08/2026;NÃO LOCALIZADO;FINALIZADO;FINALIZADO;;;-;Sudeste;BACKLOG 22.06_23.07
30/07/2026;31/07/2026;260731-000146;EXTRAVIO ;AUTUS (AFONSO PENA);X44;UBERLANDIA;MG;714428;SCB01;XD MINAS;14422393/14428935/14428934/14427387/;8887078/8920826/87006764/8921873;SIM;NOTIFICAÇÃO ENVIADA VIA PLANILHA POR CONTA DA ALTA DEMANDA;CARTA ENVIADA;07/08/2026;NÃO LOCALIZADO;FINALIZADO;FINALIZADO;;;-;Sudeste;BACKLOG 22.06_23.07
31/07/2026;31/07/2026;260731-000182;EXTRAVIO ;GRANDE MINAS (PAMPULHA);F51;CONTAGEM;MG;720248;SCB01;XD MINAS;14491994/14482907/14482904/14483040/14483039/14483037/14483036/14483051/14482951/14482947/14482963/14481290/14481289/14481288/14481287/14482275/14482274/14482273/14483715/14483710/14484042/14483822/14482713/14482712/14482270/14482269/14482268/14482267/14483095/14483094/14483092/14483091/14482324/14483015/14482272/14482271/14482955/14482959/1448396/1448395/1448394/1448393/14492468/14479341/14479611/14478995/14478826/14478831/14483669/14478655/14479253;9112484/9128960/9128961/9128962/9128964/9128965/9129058/9129051/9129055/9129066/9129061/9129334/9129337/9129373/9129374/9129381/9137257/9144058/9144061/9144067/9144074/9144089/9144090/ 9144092/9144093/9144098/9144171/9144385/9144398/9144446/9144451/9150757/9150758/9150759/9150984/9151212/9151213/9151214/9151215/9151243/9151249/9151265/873003834/87003856/9144458/9144459/9144464/9144465/9144471/9144474/9144476/9144539/9144540/9144548;SIM;NOTIFICAÇÃO ENVIADA VIA PLANILHA POR CONTA DA ALTA DEMANDA;CARTA ENVIADA;07/08/2026;NÃO LOCALIZADO;FINALIZADO;FINALIZADO;;;-;Sudeste;BACKLOG 22.06_23.07
30/07/2026;31/07/2026;260731-000183;EXTRAVIO ;AUTUS (AFONSO PENA);X44;UBERLANDIA;MG;716000;SCB01;XD MINAS;14438389/14438777/14438773/;8990007/8989425/8989433;SIM;NOTIFICAÇÃO ENVIADA VIA PLANILHA POR CONTA DA ALTA DEMANDA;CARTA ENVIADA;07/08/2026;NÃO LOCALIZADO;FINALIZADO;FINALIZADO;;;-;Sudeste;BACKLOG 22.06_23.07
30/07/2026;31/07/2026;260731-000185;EXTRAVIO ;AUTUS (AFONSO PENA);X44;PATOS DE MINAS;MG;716090;SCB01;XD MINAS;14438383;8989330;SIM;NOTIFICAÇÃO ENVIADA VIA PLANILHA POR CONTA DA ALTA DEMANDA;CARTA ENVIADA;07/08/2026;NÃO LOCALIZADO;FINALIZADO;FINALIZADO;;;-;Sudeste;BACKLOG 22.06_23.07
30/07/2026;31/07/2026;260731-000187;EXTRAVIO ;AUTUS (AFONSO PENA);X44;UBERLANDIA;MG;717521;SCB01;XD MINAS;14455230/14455655/14455658/14455659/14455661/14455509/;9052718/9052938/9053074;SIM;NOTIFICAÇÃO ENVIADA VIA PLANILHA POR CONTA DA ALTA DEMANDA;CARTA ENVIADA;07/08/2026;NÃO LOCALIZADO;FINALIZADO;FINALIZADO;;;-;Sudeste;BACKLOG 22.06_23.07
21/07/2026;31/07/2026;260731-000188;EXTRAVIO ;ACCIOLY BARAO DE LIMEIRA;A50;BELO HORIZONTE;MG;719594;SCB01;XD MINAS;14478826/14478995;0009129055 /0009129334 ;SIM;NOTIFICAÇÃO ENVIADA VIA PLANILHA POR CONTA DA ALTA DEMANDA;CARTA ENVIADA;07/08/2026;NÃO LOCALIZADO;FINALIZADO;FINALIZADO;;;-;Sudeste;BACKLOG 22.06_23.07
30/07/2026;31/07/2026;260731-000189;EXTRAVIO ;AUTUS (AFONSO PENA);X44;UBERLANDIA;MG;715314;SCB01;XD MINAS;14432355/14435762/;8947701/8947702/8947703/8947704/8956461;SIM;NOTIFICAÇÃO ENVIADA VIA PLANILHA POR CONTA DA ALTA DEMANDA;FINALIZADO COMO RESOLVIDO;07/08/2026;LOCALIZADO;FINALIZADO;FINALIZADO;;;-;Sudeste;BACKLOG 22.06_23.07
30/07/2026;31/07/2026;260731-000191;EXTRAVIO ;AUTUS (AFONSO PENA);X44;UBERLANDIA;MG;715998;SCB01;XD MINAS;14438786/14438787/;8989430/8989434;SIM;NOTIFICAÇÃO ENVIADA VIA PLANILHA POR CONTA DA ALTA DEMANDA;FINALIZADO COMO RESOLVIDO;07/08/2026;LOCALIZADO;FINALIZADO;FINALIZADO;;;-;Sudeste;BACKLOG 22.06_23.07
30/07/2026;31/07/2026;260731-000194;EXTRAVIO ;AUTUS (AFONSO PENA);X44;UBERABA;MG;713390;SCB01;XD MINAS;14406671;8829251;SIM;NOTIFICAÇÃO ENVIADA VIA PLANILHA POR CONTA DA ALTA DEMANDA;CARTA ENVIADA;07/08/2026;NÃO LOCALIZADO;FINALIZADO;FINALIZADO;;;-;Sudeste;BACKLOG 22.06_23.07
30/06/2026;31/07/2026;260731-000204;EXTRAVIO ;NOVA (RIBEIRAO PRETO);N17;RIBEIRAO PRETO;SP;715108;SCB01;XD DIADEMA;14432842;/8941879/8941880/8941882/8943017/8943027/8943031/89430040/8943054/8943352.;SIM;NOTIFICAÇÃO ENVIADA VIA PLANILHA POR CONTA DA ALTA DEMANDA;CARTA ENVIADA;07/08/2026;NÃO LOCALIZADO;FINALIZADO;FINALIZADO;;;-;Sudeste;BACKLOG 22.06_23.07
21/07/2026;31/07/2026;260731-000212;EXTRAVIO ;NOVA (BELEM) - PECAS;N43;SAO BERNARDO DO CAMPO;SP;718161;SCB01;XD DIADEMA;14463774;9064985;SIM;NOTIFICAÇÃO ENVIADA VIA PLANILHA POR CONTA DA ALTA DEMANDA;CARTA ENVIADA;07/08/2026;NÃO LOCALIZADO;FINALIZADO;FINALIZADO;;;-;Sudeste;BACKLOG 22.06_23.07
13/08/2026;31/07/2026;260731-000216;EXTRAVIO ;NOVA (RIBEIRAO PRETO);N17;RIBEIRAO PRETO;SP;715688;SCB01;ALFA;14432179;8942354/8942875.;SIM;NOTIFICAÇÃO ENVIADA VIA PLANILHA POR CONTA DA ALTA DEMANDA;CARTA ENVIADA;07/08/2026;NÃO LOCALIZADO;FINALIZADO;FINALIZADO;;;-;Sudeste;BACKLOG 22.06_23.07
13/08/2026;31/07/2026;260731-000218;EXTRAVIO ;NOVA (RIBEIRAO PRETO);N17;RIBEIRAO PRETO;SP;715688;SCB01;ALFA;14436064;8943323;SIM;NOTIFICAÇÃO ENVIADA VIA PLANILHA POR CONTA DA ALTA DEMANDA;CARTA ENVIADA;07/08/2026;NÃO LOCALIZADO;FINALIZADO;FINALIZADO;;;-;Sudeste;BACKLOG 22.06_23.07
;31/07/2026;260731-000221;EXTRAVIO ;GUIAUTO (IPATINGA);D03;IPATINGA;MG;Sem embarque;SCB01;OPERAÇÃO SOR;14442016;8888008;SIM;NOTIFICAÇÃO ENVIADA VIA PLANILHA POR CONTA DA ALTA DEMANDA;CARTA ENVIADA;07/08/2026;NÃO LOCALIZADO;FINALIZADO;FINALIZADO;;;-;Sudeste;NORMAL
;31/07/2026;260731-000225;EXTRAVIO ;NOVA (RIBEIRAO PRETO);N17;RIBEIRAO PRETO;SP;716609;SCB01;XD DIADEMA;14443853;87009197;SIM;NOTIFICAÇÃO ENVIADA VIA PLANILHA POR CONTA DA ALTA DEMANDA;CARTA ENVIADA;07/08/2026;NÃO LOCALIZADO;FINALIZADO;FINALIZADO;;;-;Sudeste;BACKLOG 22.06_23.07
21/07/2026;31/07/2026;260731-000228;EXTRAVIO ;NOVA (BELEM) - PECAS;N43;SÃO PAULO;SP;719551;SCB01;XD DIADEMA;14482481/E/14482454/;9144320/9144321/9144322/9144323/9144558;SIM;NOTIFICAÇÃO ENVIADA VIA PLANILHA POR CONTA DA ALTA DEMANDA;CARTA ENVIADA;07/08/2026;NÃO LOCALIZADO;FINALIZADO;FINALIZADO;;;-;Sudeste;BACKLOG 22.06_23.07
21/07/2026;31/07/2026;260731-000245;EXTRAVIO ;NOVA (BELEM) - PECAS;N43;SÃO PAULO;SP;719651;SCB01;XD DIADEMA;/14480339/14482362/14483204/14482361;9144040/9144340/9144046/9144344/9144348/9137197;SIM;NOTIFICAÇÃO ENVIADA VIA PLANILHA POR CONTA DA ALTA DEMANDA;CARTA ENVIADA;07/08/2026;NÃO LOCALIZADO;FINALIZADO;FINALIZADO;;;-;Sudeste;BACKLOG 22.06_23.07
31/07/2026;31/07/2026;260731-000258;EXTRAVIO ;AUTUS (AFONSO PENA);X44;MONTE CARMELO;MG;715421;SCB01;XD MINAS;14437414;8989464;SIM;NOTIFICAÇÃO ENVIADA VIA PLANILHA POR CONTA DA ALTA DEMANDA;CARTA ENVIADA;07/08/2026;NÃO LOCALIZADO;FINALIZADO;FINALIZADO;;;-;Sudeste;BACKLOG 22.06_23.07
23/07/2026;31/07/2026;260731-000264;EXTRAVIO ;ACCIOLY BARAO DE LIMEIRA;A50;BELO HORIZONTE;MG;718697;SCB01;XD MINAS;14468337/14467493/14468750/14468749/14470278/14469492;9090404/9090405/9090693/9091105/9091175/9091200/9104194/910289;SIM;NOTIFICAÇÃO ENVIADA VIA PLANILHA POR CONTA DA ALTA DEMANDA;CARTA ENVIADA;07/08/2026;NÃO LOCALIZADO;FINALIZADO;FINALIZADO;;;-;Sudeste;BACKLOG 22.06_23.07
07/08/2026;31/07/2026;260731-000282;EXTRAVIO ;BRAGA;B40;MANAUS;AM;719044;SCB01;NORTEX;14444836;9008285;SIM;NOTIFICAÇÃO ENVIADA VIA PLANILHA POR CONTA DA ALTA DEMANDA;CARTA ENVIADA;07/08/2026;NÃO LOCALIZADO;FINALIZADO;FINALIZADO;;;-;Norte;BACKLOG 22.06_23.07
03/07/2026;31/07/2026;260731-000284;EXTRAVIO ;AUTUS (AFONSO PENA);X44;UBERLANDIA;MG;715805;SCB01;CAMILO;14437710/14440358/14439337/;8992048/8998481/8989563;SIM;NOTIFICAÇÃO ENVIADA VIA PLANILHA POR CONTA DA ALTA DEMANDA;CARTA ENVIADA;07/08/2026;NÃO LOCALIZADO;FINALIZADO;FINALIZADO;;;-;Sudeste;BACKLOG 22.06_23.07
07/08/2026;31/07/2026;260731-000285;EXTRAVIO ;BRAGA;B40;MANAUS;AM;719044;SCB01;CARVALIMA;14445528;0009008770/0009008771/0009008772/0009008773;SIM;NOTIFICAÇÃO ENVIADA VIA PLANILHA POR CONTA DA ALTA DEMANDA;CARTA ENVIADA;07/08/2026;NÃO LOCALIZADO;FINALIZADO;FINALIZADO;;;-;Norte;BACKLOG 22.06_23.07
07/08/2026;31/07/2026;260731-000288;EXTRAVIO ;BRAGA;B40;MANAUS;AM;719044;SCB01;NORTEX;14451885;9008261;SIM;NOTIFICAÇÃO ENVIADA VIA PLANILHA POR CONTA DA ALTA DEMANDA;CARTA ENVIADA;07/08/2026;NÃO LOCALIZADO;FINALIZADO;FINALIZADO;;;-;Norte;BACKLOG 22.06_23.07
21/07/2026;31/07/2026;260731-000305;EXTRAVIO ;ACCIOLY BARAO DE LIMEIRA;A50;BELO HORIZONTE;MG;718924;SCB01;XD MINAS;14472018;total;SIM;NOTIFICAÇÃO ENVIADA VIA PLANILHA POR CONTA DA ALTA DEMANDA;CARTA ENVIADA;07/08/2026;NÃO LOCALIZADO;FINALIZADO;FINALIZADO;;;-;Sudeste;BACKLOG 22.06_23.07
31/07/2026;31/07/2026;260731-000322;EXTRAVIO ;JORLAN (BARAO H. DE MELO);J66;BELO HORIZONTE;MG;717398;SCB01;XD MINAS;14450814;9041803;SIM;NOTIFICAÇÃO ENVIADA VIA PLANILHA POR CONTA DA ALTA DEMANDA;CARTA ENVIADA;07/08/2026;NÃO LOCALIZADO;FINALIZADO;FINALIZADO;;;-;Sudeste;BACKLOG 22.06_23.07
31/07/2026;31/07/2026;260731-000324;EXTRAVIO ;JORLAN (BARAO H. DE MELO);J66;BELO HORIZONTE;MG;715834;SCB01;CAMILO;14439188;8995612;SIM;NOTIFICAÇÃO ENVIADA VIA PLANILHA POR CONTA DA ALTA DEMANDA;CARTA ENVIADA;07/08/2026;NÃO LOCALIZADO;FINALIZADO;FINALIZADO;;;-;Sudeste;BACKLOG 22.06_23.07
31/07/2026;31/07/2026;260731-000325;EXTRAVIO ;JORLAN (BARAO H. DE MELO);J66;BELO HORIZONTE;MG;715834;SCB01;CAMILO;14439189;8995612;SIM;NOTIFICAÇÃO ENVIADA VIA PLANILHA POR CONTA DA ALTA DEMANDA;CARTA ENVIADA;07/08/2026;NÃO LOCALIZADO;FINALIZADO;FINALIZADO;;;-;Sudeste;BACKLOG 22.06_23.07
31/07/2026;31/07/2026;260731-000327;EXTRAVIO ;JORLAN (BARAO H. DE MELO);J66;BELO HORIZONTE;MG;715834;SCB01;XD MINAS;14439191;8995612;SIM;NOTIFICAÇÃO ENVIADA VIA PLANILHA POR CONTA DA ALTA DEMANDA;CARTA ENVIADA;07/08/2026;NÃO LOCALIZADO;FINALIZADO;FINALIZADO;;;-;Sudeste;BACKLOG 22.06_23.07
31/07/2026;31/07/2026;260731-000326;EXTRAVIO ;JORLAN (BARAO H. DE MELO);J66;BELO HORIZONTE;MG;715834;SCB01;XD MINAS;14439190;8995612;SIM;NOTIFICAÇÃO ENVIADA VIA PLANILHA POR CONTA DA ALTA DEMANDA;CARTA ENVIADA;07/08/2026;NÃO LOCALIZADO;FINALIZADO;FINALIZADO;;;-;Sudeste;BACKLOG 22.06_23.07
05/08/2026;31/07/2026;260731-000328;EXTRAVIO ;BRAGA;B40;MANAUS;AM;719785;SCB01;NORTEX;14469872;9091477;SIM;NOTIFICAÇÃO ENVIADA VIA PLANILHA POR CONTA DA ALTA DEMANDA;CARTA ENVIADA;07/08/2026;NÃO LOCALIZADO;FINALIZADO;FINALIZADO;;;-;Norte;BACKLOG 22.06_23.07
05/08/2026;31/07/2026;260731-000332;EXTRAVIO ;BRAGA;B40;MANAUS;AM;719785;SCB01;CARVALIMA;14469865;9091286;SIM;NOTIFICAÇÃO ENVIADA VIA PLANILHA POR CONTA DA ALTA DEMANDA;CARTA ENVIADA;07/08/2026;NÃO LOCALIZADO;FINALIZADO;FINALIZADO;;;-;Norte;BACKLOG 22.06_23.07
31/07/2026;31/07/2026;260731-000339;EXTRAVIO ;AUTUS (AFONSO PENA);X44;ARAXA;MG;720935;SCB01;XD MINAS;14495913;9196363;SIM;NOTIFICAÇÃO ENVIADA VIA PLANILHA POR CONTA DA ALTA DEMANDA;CARTA ENVIADA;07/08/2026;NÃO LOCALIZADO;FINALIZADO;FINALIZADO;;;-;Sudeste;BACKLOG 22.06_23.07
05/08/2026;31/07/2026;260731-000343;EXTRAVIO ;BRAGA;B40;MANAUS;AM;720037;SCB01;CARVALIMA;14447607;0009007554/0009007555/0009007556/0009007557/0009007665/0009007666/0009007667/0009007668/0009008423/0009008424/0009008425/0009008426/0009008427/0009008428/0009008429/0009008430/0009008431/0009008432/0009008632/0009023317/0009023318/0009023319/0009023320/0009023321/;SIM;NOTIFICAÇÃO ENVIADA VIA PLANILHA POR CONTA DA ALTA DEMANDA;CARTA ENVIADA;07/08/2026;NÃO LOCALIZADO;FINALIZADO;FINALIZADO;;;-;Norte;BACKLOG 22.06_23.07
14/07/2026;31/07/2026;260731-000353;EXTRAVIO ;VEIBRAS;V43;SAO JOSE DOS CAMPOS;SP;716511;SCB01;XD DIADEMA;14442653;9014491;SIM;NOTIFICAÇÃO ENVIADA VIA PLANILHA POR CONTA DA ALTA DEMANDA;CARTA ENVIADA;07/08/2026;NÃO LOCALIZADO;FINALIZADO;FINALIZADO;;;-;Sudeste;BACKLOG 22.06_23.07
31/07/2026;31/07/2026;260731-000358;EXTRAVIO ;AUTUS (AFONSO PENA);X44;UBERLANDIA;MG;715310;SCB01;XD MINAS;14432356/14435706/;8947706/8947708/8956547;SIM;NOTIFICAÇÃO ENVIADA VIA PLANILHA POR CONTA DA ALTA DEMANDA;CARTA ENVIADA;07/08/2026;NÃO LOCALIZADO;FINALIZADO;FINALIZADO;;;-;Sudeste;BACKLOG 22.06_23.07
15/07/2026;31/07/2026;260731-000365;EXTRAVIO ;AUTUS (AFONSO PENA);X44;ARAXA;MG;713973;SCB01;CAMILO;14422991;8902393;SIM;NOTIFICAÇÃO ENVIADA VIA PLANILHA POR CONTA DA ALTA DEMANDA;CARTA ENVIADA;07/08/2026;NÃO LOCALIZADO;FINALIZADO;FINALIZADO;;;-;Sudeste;BACKLOG 22.06_23.07
05/08/2026;31/07/2026;260731-000374;EXTRAVIO ;BRAGA;B40;MANAUS;AM;720037;SCB01;NORTEX;14445064;0009007691/0009007692/0009007693/0009007694/0009007695;SIM;NOTIFICAÇÃO ENVIADA VIA PLANILHA POR CONTA DA ALTA DEMANDA;CARTA ENVIADA;07/08/2026;NÃO LOCALIZADO;FINALIZADO;FINALIZADO;;;-;Norte;BACKLOG 22.06_23.07
05/08/2026;31/07/2026;260731-000376;EXTRAVIO ;BRAGA;B40;MANAUS;AM;720037;SCB01;CARVALIMA;14447612;9008632;SIM;NOTIFICAÇÃO ENVIADA VIA PLANILHA POR CONTA DA ALTA DEMANDA;CARTA ENVIADA;07/08/2026;NÃO LOCALIZADO;FINALIZADO;FINALIZADO;;;-;Norte;BACKLOG 22.06_23.07
03/08/2026;31/07/2026;260731-000377;EXTRAVIO ;AUTUS (AFONSO PENA);X44;UBERLANDIA;MG;713649;SCB01;XD MINAS;14419408/14419519/14419774/;8892524/8892791/8887714;SIM;NOTIFICAÇÃO ENVIADA VIA PLANILHA POR CONTA DA ALTA DEMANDA;CARTA ENVIADA;07/08/2026;NÃO LOCALIZADO;FINALIZADO;FINALIZADO;;;-;Sudeste;BACKLOG 22.06_23.07
30/07/2026;31/07/2026;260731-000380;EXTRAVIO ;ACCIOLY BARAO DE LIMEIRA;A50;BELO HORIZONTE;MG;720496;SCB01;XD MINAS;14494068;total;SIM;NOTIFICAÇÃO ENVIADA VIA PLANILHA POR CONTA DA ALTA DEMANDA;CARTA ENVIADA;07/08/2026;NÃO LOCALIZADO;FINALIZADO;FINALIZADO;;;-;Sudeste;BACKLOG 22.06_23.07
05/08/2026;31/07/2026;260731-000379;EXTRAVIO ;BRAGA;B40;MANAUS;AM;720037;SCB01;NORTEX;14447629;0009007532/0009007533/0009007534/0009007535/0009007536/0009007537/0009008407/0009008408/0009008409/0009008410/0009008411/0009008412/0009008413/0009008414/0009008415/0009008416/0009008417/0009008418/0009008483/0009008484/0009008485/0009008486/0009008487/0009008491/0009008492/0009008493/0009008494/0009008495;SIM;NOTIFICAÇÃO ENVIADA VIA PLANILHA POR CONTA DA ALTA DEMANDA;CARTA ENVIADA;07/08/2026;NÃO LOCALIZADO;FINALIZADO;FINALIZADO;;;-;Norte;BACKLOG 22.06_23.07
28/07/2026;31/07/2026;260731-000382;EXTRAVIO ;ACCIOLY BARAO DE LIMEIRA;A50;BELO HORIZONTE;MG;721497;SCB01;XD MINAS;14502041;total;SIM;NOTIFICAÇÃO ENVIADA VIA PLANILHA POR CONTA DA ALTA DEMANDA;CARTA ENVIADA;07/08/2026;NÃO LOCALIZADO;FINALIZADO;FINALIZADO;;;-;Sudeste;BACKLOG 22.06_23.07
05/08/2026;31/07/2026;260731-000383;EXTRAVIO ;BRAGA;B40;MANAUS;AM;720037;SCB01;NORTEX;14444418;0009008585/0009008586/0009008613/0009008652/0009008853;SIM;NOTIFICAÇÃO ENVIADA VIA PLANILHA POR CONTA DA ALTA DEMANDA;CARTA ENVIADA;07/08/2026;NÃO LOCALIZADO;FINALIZADO;FINALIZADO;;;-;Norte;BACKLOG 22.06_23.07
05/08/2026;31/07/2026;260731-000384;EXTRAVIO ;BRAGA;B40;MANAUS;AM;720037;SCB01;NORTEX;14444421;9008652;SIM;NOTIFICAÇÃO ENVIADA VIA PLANILHA POR CONTA DA ALTA DEMANDA;CARTA ENVIADA;07/08/2026;NÃO LOCALIZADO;FINALIZADO;FINALIZADO;;;-;Norte;BACKLOG 22.06_23.07
28/07/2026;01/08/2026;260801-000067;EXTRAVIO ;ACCIOLY BARAO DE LIMEIRA;A50;BELO HORIZONTE;MG;720932;SCB01;XD MINAS;14496877/14496880/14496859/14496878/14496880/14496558/14497416/14497417/14497418/14497271/14497278/14497669/14497485/14497419/14497416/14497417/14497418/14497922/14492465/;9198143/-/9198821/-/9198822/-/9198917/-/9199048/-/9201240/-/9201233/-/9201593/-/9201806/-/9201825/-/9201833/-/9201843/-/9201844/-/81008789.;SIM;NOTIFICAÇÃO ENVIADA VIA PLANILHA POR CONTA DA ALTA DEMANDA;CARTA ENVIADA;07/08/2026;NÃO LOCALIZADO;FINALIZADO;FINALIZADO;;;-;Sudeste;BACKLOG 22.06_23.07
31/07/2026;01/08/2026;260801-000019;EXTRAVIO ;ACCIOLY BARAO DE LIMEIRA;A50;RIO DE JANEIRO;RJ;723088;SCB01;CAMILO;14520456;93299170;SIM;NOTIFICAÇÃO ENVIADA VIA PLANILHA POR CONTA DA ALTA DEMANDA;CARTA ENVIADA;07/08/2026;NÃO LOCALIZADO;FINALIZADO;FINALIZADO;;;-;Sudeste;NORMAL
31/07/2026;01/08/2026;260801-000016;EXTRAVIO ;ACCIOLY BARAO DE LIMEIRA;A50;RIO DE JANEIRO;RJ;723088;SCB01;CAMILO;14520928;93398969;SIM;NOTIFICAÇÃO ENVIADA VIA PLANILHA POR CONTA DA ALTA DEMANDA;CARTA ENVIADA;07/08/2026;NÃO LOCALIZADO;FINALIZADO;FINALIZADO;;;-;Sudeste;NORMAL
31/07/2026;01/08/2026;260801-000012;EXTRAVIO ;SULPAVE;S54;REGISTRO;SP;723013;SCB01;XD DIADEMA;14519453;9284664;SIM;NOTIFICAÇÃO ENVIADA VIA PLANILHA POR CONTA DA ALTA DEMANDA;CARTA ENVIADA;07/08/2026;NÃO LOCALIZADO;FINALIZADO;FINALIZADO;;;-;Sudeste;NORMAL
03/08/2026;01/08/2026;260801-000010;EXTRAVIO ;ACCIOLY BARAO DE LIMEIRA;A50;RIO DE JANEIRO;RJ;722582;SCB01;CAMILO;14512254;9246425;SIM;NOTIFICAÇÃO ENVIADA VIA PLANILHA POR CONTA DA ALTA DEMANDA;CARTA ENVIADA;07/08/2026;NÃO LOCALIZADO;FINALIZADO;FINALIZADO;;;-;Sudeste;BACKLOG 22.06_23.07
31/07/2026;01/08/2026;260801-000008;EXTRAVIO ;SULPAVE;S54;REGISTRO;SP;723013;SCB01;XD DIADEMA;14519745;9284474/-/9284491;SIM;NOTIFICAÇÃO ENVIADA VIA PLANILHA POR CONTA DA ALTA DEMANDA;CARTA ENVIADA;07/08/2026;NÃO LOCALIZADO;FINALIZADO;FINALIZADO;;;-;Sudeste;NORMAL
31/07/2026;01/08/2026;260801-000006;EXTRAVIO ;SULPAVE;S54;REGISTRO;SP;723013;SCB01;XD DIADEMA;14518973;9281871;SIM;NOTIFICAÇÃO ENVIADA VIA PLANILHA POR CONTA DA ALTA DEMANDA;CARTA ENVIADA;07/08/2026;NÃO LOCALIZADO;FINALIZADO;FINALIZADO;;;-;Sudeste;NORMAL
30/07/2026;01/08/2026;260801-000005;EXTRAVIO ;JORLAN (GOIANIA);J23;GOIANIA;GO;722432;SCB01;XD DIADEMA;14515814;9273768;SIM;NOTIFICAÇÃO ENVIADA VIA PLANILHA POR CONTA DA ALTA DEMANDA;CARTA ENVIADA;07/08/2026;NÃO LOCALIZADO;FINALIZADO;FINALIZADO;;;-;CO;NORMAL
04/08/2026;03/08/2026;260803-000424;EXTRAVIO ;SABENAUTO (DPEC MANAUS);W93;MANAUS;AM;721929;SCB01;XD DIADEMA;14499683;9206764;SIM;NOTIFICAÇÃO ENVIADA VIA PLANILHA POR CONTA DA ALTA DEMANDA;CARTA ENVIADA;10/08/2026;NÃO LOCALIZADO;FINALIZADO;FINALIZADO;;;-;Norte;BACKLOG 22.06_23.07
04/08/2026;03/08/2026;260803-000421;EXTRAVIO ;SABENAUTO (DPEC MANAUS);W93;MANAUS;AM;721789;SCB01;CARVALIMA;14487225/14487138/-14487075/;9161201/-/9161202/-/9161203.;SIM;NOTIFICAÇÃO ENVIADA VIA PLANILHA POR CONTA DA ALTA DEMANDA;CARTA ENVIADA;10/08/2026;NÃO LOCALIZADO;FINALIZADO;FINALIZADO;;;-;Norte;BACKLOG 22.06_23.07
30/07/2026;03/08/2026;260803-000419;EXTRAVIO ;ROQUEVILLE;R48;SAO ROQUE;SP;722739;SCB01;XD DIADEMA;14517552;9279462;SIM;NOTIFICAÇÃO ENVIADA VIA PLANILHA POR CONTA DA ALTA DEMANDA;CARTA ENVIADA;10/08/2026;NÃO LOCALIZADO;FINALIZADO;FINALIZADO;;;-;Sudeste;NORMAL
21/07/2026;03/08/2026;260803-000418;EXTRAVIO ;ROQUEVILLE;R48;SAO ROQUE;SP;719913;SCB01;XD DIADEMA;14485663;9155833;SIM;NOTIFICAÇÃO ENVIADA VIA PLANILHA POR CONTA DA ALTA DEMANDA;CARTA ENVIADA;10/08/2026;NÃO LOCALIZADO;FINALIZADO;FINALIZADO;;;-;Sudeste;BACKLOG 22.06_23.07
21/07/2026;03/08/2026;260803-000417;EXTRAVIO ;ROQUEVILLE;R48;SAO ROQUE;SP;719660;SCB01;XD DIADEMA;14479362;9129016;SIM;NOTIFICAÇÃO ENVIADA VIA PLANILHA POR CONTA DA ALTA DEMANDA;CARTA ENVIADA;10/08/2026;NÃO LOCALIZADO;FINALIZADO;FINALIZADO;;;-;Sudeste;BACKLOG 22.06_23.07
21/07/2026;03/08/2026;260803-000415;EXTRAVIO ;ROQUEVILLE;R48;SAO ROQUE;SP;719561;SCB01;XD DIADEMA;14479757/14482671/14479332/14479964/;9137669/-/9137674/-/9143997/-/9143998/-/9144005/-/9144003/-/9128956/-/9137958.;SIM;NOTIFICAÇÃO ENVIADA VIA PLANILHA POR CONTA DA ALTA DEMANDA;CARTA ENVIADA;10/08/2026;NÃO LOCALIZADO;FINALIZADO;FINALIZADO;;;-;Sudeste;BACKLOG 22.06_23.07
21/07/2026;03/08/2026;260803-000413;EXTRAVIO ;ROQUEVILLE;R48;SAO ROQUE;SP;719363;SCB01;XD DIADEMA;14479004/14473988/;9129299/-/9115294;SIM;NOTIFICAÇÃO ENVIADA VIA PLANILHA POR CONTA DA ALTA DEMANDA;CARTA ENVIADA;10/08/2026;NÃO LOCALIZADO;FINALIZADO;FINALIZADO;;;-;Sudeste;BACKLOG 22.06_23.07
30/07/2026;03/08/2026;260803-000412;EXTRAVIO ;GRANDE MINAS (PAMPULHA);F51;CONTAGEM;MG;721726;SCB01;XD MINAS;14506714;9223704/-/9231350/-/9231402.;SIM;NOTIFICAÇÃO ENVIADA VIA PLANILHA POR CONTA DA ALTA DEMANDA;CARTA ENVIADA;10/08/2026;NÃO LOCALIZADO;FINALIZADO;FINALIZADO;;;-;Sudeste;BACKLOG 22.06_23.07
21/07/2026;03/08/2026;260803-000409;EXTRAVIO ;ROQUEVILLE;R48;SAO ROQUE;SP;718771;SCB01;XD DIADEMA;14468333/14471327/;9090402/-/9107896.;SIM;NOTIFICAÇÃO ENVIADA VIA PLANILHA POR CONTA DA ALTA DEMANDA;CARTA ENVIADA;10/08/2026;NÃO LOCALIZADO;FINALIZADO;FINALIZADO;;;-;Sudeste;BACKLOG 22.06_23.07
23/07/2026;03/08/2026;260803-000408;EXTRAVIO ;GRANDE MINAS (PAMPULHA);F51;CONTAGEM;MG;719871;SCB01;XD MINAS;14484330/14419180/14484121/14422382;8663907/8892655/9150575/9150590/9150668;SIM;NOTIFICAÇÃO ENVIADA VIA PLANILHA POR CONTA DA ALTA DEMANDA;CARTA ENVIADA;10/08/2026;NÃO LOCALIZADO;FINALIZADO;FINALIZADO;;;-;Sudeste;BACKLOG 22.06_23.07
21/07/2026;03/08/2026;260803-000407;EXTRAVIO ;ROQUEVILLE;R48;SAO ROQUE;SP;718520;SCB01;XD DIADEMA;14467579;9090590;SIM;NOTIFICAÇÃO ENVIADA VIA PLANILHA POR CONTA DA ALTA DEMANDA;CARTA ENVIADA;10/08/2026;NÃO LOCALIZADO;FINALIZADO;FINALIZADO;;;-;Sudeste;BACKLOG 22.06_23.07
21/07/2026;03/08/2026;260803-000406;EXTRAVIO ;ROQUEVILLE;R48;SAO ROQUE;SP;718171;SCB01;XD DIADEMA;14464013/14463697/14463696;9077046/-/9077605/;SIM;NOTIFICAÇÃO ENVIADA VIA PLANILHA POR CONTA DA ALTA DEMANDA;CARTA ENVIADA;10/08/2026;NÃO LOCALIZADO;FINALIZADO;FINALIZADO;;;-;Sudeste;BACKLOG 22.06_23.07
20/07/2026;03/08/2026;260803-000403;EXTRAVIO ;NOVA (CAMPINAS) PEÇAS;C04;CAMPINAS;SP;718760;SCB01;XD DIADEMA;14471263;9051943/9051949;SIM;NOTIFICAÇÃO ENVIADA VIA PLANILHA POR CONTA DA ALTA DEMANDA;CARTA ENVIADA;10/08/2026;NÃO LOCALIZADO;FINALIZADO;FINALIZADO;;;-;Sudeste;BACKLOG 22.06_23.07
29/07/2026;03/08/2026;260803-000402;EXTRAVIO ;GRANDE MINAS (PAMPULHA);F51;CONTAGEM;MG;720781;SCB01;XD MINAS;14498020;9198662/-9201462/-9201830;SIM;NOTIFICAÇÃO ENVIADA VIA PLANILHA POR CONTA DA ALTA DEMANDA;CARTA ENVIADA;10/08/2026;NÃO LOCALIZADO;FINALIZADO;FINALIZADO;;;-;Sudeste;BACKLOG 22.06_23.07
17/07/2026;03/08/2026;260803-000400;EXTRAVIO ;ROQUEVILLE;R48;SAO ROQUE;SP;717872;SCB01;XD DIADEMA;14459357;9052229;SIM;NOTIFICAÇÃO ENVIADA VIA PLANILHA POR CONTA DA ALTA DEMANDA;CARTA ENVIADA;10/08/2026;NÃO LOCALIZADO;FINALIZADO;FINALIZADO;;;-;Sudeste;BACKLOG 22.06_23.07
30/06/2026;03/08/2026;260803-000399;EXTRAVIO ;ROQUEVILLE;R48;SAO ROQUE;SP;714041;SCB01;XD DIADEMA;14423068;8902467;SIM;NOTIFICAÇÃO ENVIADA VIA PLANILHA POR CONTA DA ALTA DEMANDA;CARTA ENVIADA;10/08/2026;NÃO LOCALIZADO;FINALIZADO;FINALIZADO;;;-;Sudeste;BACKLOG 22.06_23.07
05/08/2026;03/08/2026;260803-000397;EXTRAVIO ;GRANDE MINAS (PAMPULHA);F51;CONTAGEM;MG;721507;SCB01;XD MINAS;14506888;9179650/9179652/9179653/9231594/9150548/9179649;SIM;NOTIFICAÇÃO ENVIADA VIA PLANILHA POR CONTA DA ALTA DEMANDA;CARTA ENVIADA;10/08/2026;NÃO LOCALIZADO;FINALIZADO;FINALIZADO;;;-;Sudeste;BACKLOG 22.06_23.07
05/08/2026;03/08/2026;260803-000395;EXTRAVIO ;GRANDE MINAS (PAMPULHA);F51;CONTAGEM;MG;721507;SCB01;XD MINAS;14504144;9201750/9224185/9164845;SIM;NOTIFICAÇÃO ENVIADA VIA PLANILHA POR CONTA DA ALTA DEMANDA;CARTA ENVIADA;10/08/2026;NÃO LOCALIZADO;FINALIZADO;FINALIZADO;;;-;Sudeste;BACKLOG 22.06_23.07
30/07/2026;03/08/2026;260803-000378;EXTRAVIO ;ORCA (BRASILIA);O28;BRASILIA;DF;720477;SCB01;XD DIADEMA;14493924;9187956;SIM;NOTIFICAÇÃO ENVIADA VIA PLANILHA POR CONTA DA ALTA DEMANDA;CARTA ENVIADA;10/08/2026;NÃO LOCALIZADO;FINALIZADO;FINALIZADO;;;-;CO;BACKLOG 22.06_23.07
30/07/2026;03/08/2026;260803-000377;EXTRAVIO ;ORCA (BRASILIA);O28;BRASILIA;DF;720196;SCB01;XD DIADEMA;14486917;9159930;SIM;NOTIFICAÇÃO ENVIADA VIA PLANILHA POR CONTA DA ALTA DEMANDA;CARTA ENVIADA;10/08/2026;NÃO LOCALIZADO;FINALIZADO;FINALIZADO;;;-;CO;BACKLOG 22.06_23.07
30/07/2026;03/08/2026;260803-000376;EXTRAVIO ;ORCA (BRASILIA);O28;BRASILIA;DF;720196;SCB01;XD DIADEMA;14476001;87007934;SIM;NOTIFICAÇÃO ENVIADA VIA PLANILHA POR CONTA DA ALTA DEMANDA;CARTA ENVIADA;10/08/2026;NÃO LOCALIZADO;FINALIZADO;FINALIZADO;;;-;CO;BACKLOG 22.06_23.07
30/07/2026;03/08/2026;260803-000375;EXTRAVIO ;ORCA (BRASILIA);O28;BRASILIA;DF;720196;SCB01;XD DIADEMA;14485339;9153885/-/9154095;SIM;NOTIFICAÇÃO ENVIADA VIA PLANILHA POR CONTA DA ALTA DEMANDA;CARTA ENVIADA;10/08/2026;NÃO LOCALIZADO;FINALIZADO;FINALIZADO;;;-;CO;BACKLOG 22.06_23.07
30/07/2026;03/08/2026;260803-000373;EXTRAVIO ;ORCA (BRASILIA);O28;BRASILIA;DF;720196;SCB01;RIO VERMELHO;14477634;9132906;SIM;NOTIFICAÇÃO ENVIADA VIA PLANILHA POR CONTA DA ALTA DEMANDA;CARTA ENVIADA;10/08/2026;NÃO LOCALIZADO;FINALIZADO;FINALIZADO;;;-;CO;BACKLOG 22.06_23.07
30/07/2026;03/08/2026;260803-000371;EXTRAVIO ;ORCA (BRASILIA);O28;BRASILIA;DF;720196;SCB01;XD DIADEMA;14475625;9120662;SIM;NOTIFICAÇÃO ENVIADA VIA PLANILHA POR CONTA DA ALTA DEMANDA;CARTA ENVIADA;10/08/2026;NÃO LOCALIZADO;FINALIZADO;FINALIZADO;;;-;CO;BACKLOG 22.06_23.07
30/07/2026;03/08/2026;260803-000367;EXTRAVIO ;ORCA (BRASILIA);O28;BRASILIA;DF;720477;SCB01;XD DIADEMA;14493924;9187956;SIM;NOTIFICAÇÃO ENVIADA VIA PLANILHA POR CONTA DA ALTA DEMANDA;CARTA ENVIADA;10/08/2026;NÃO LOCALIZADO;FINALIZADO;FINALIZADO;;;-;CO;BACKLOG 22.06_23.07
04/08/2026;03/08/2026;260803-000362;EXTRAVIO ;MCV (GV);C58;GOVERNADOR VALADARES;MG;714476;SCB01;XD MINAS;14427954;TOTAL;SIM;NOTIFICAÇÃO ENVIADA VIA PLANILHA POR CONTA DA ALTA DEMANDA;CARTA ENVIADA;10/08/2026;NÃO LOCALIZADO;FINALIZADO;FINALIZADO;;;-;Sudeste;BACKLOG 22.06_23.07
03/08/2026;03/08/2026;260803-000346;EXTRAVIO ;SABENAUTO (DPEC FECHADO BRASILIA);T94;BRASILIA;DF;720200;SCB01;XD DIADEMA;14480669;9149045;SIM;NOTIFICAÇÃO ENVIADA VIA PLANILHA POR CONTA DA ALTA DEMANDA;CARTA ENVIADA;10/08/2026;NÃO LOCALIZADO;FINALIZADO;FINALIZADO;;;-;CO;BACKLOG 22.06_23.07
13/04/2026;03/08/2026;260803-000343;EXTRAVIO ;LIRAUTO;L26;BOA VISTA;RR;689645;SCB01;NORTEX;14120393;7720077;SIM;NOTIFICAÇÃO ENVIADA VIA PLANILHA POR CONTA DA ALTA DEMANDA;CARTA ENVIADA;10/08/2026;NÃO LOCALIZADO;FINALIZADO;FINALIZADO;;;-;Norte;NORMAL
03/08/2026;03/08/2026;260803-000322;EXTRAVIO ;ABSOLUTA (DIREITOS HUMANOS);D97;SAO PAULO;SP;723331;SCB01;XD DIADEMA;14523564;9297415/-/9297416/-/9297588-/9297589;SIM;NOTIFICAÇÃO ENVIADA VIA PLANILHA POR CONTA DA ALTA DEMANDA;FINALIZADO COMO RESOLVIDO;10/08/2026;LOCALIZADO;FINALIZADO;FINALIZADO;;;-;Sudeste;BACKLOG 22.06_23.07
19/08/2026;03/08/2026;260803-000314;EXTRAVIO ;JAVEP (S.J. RIO PRETO);J57;SAO JOSE DO RIO PRETO;SP;721592;SCB01;ALFA;14501522;9088445;SIM;NOTIFICAÇÃO ENVIADA VIA PLANILHA POR CONTA DA ALTA DEMANDA;FINALIZADO COMO RESOLVIDO;10/08/2026;LOCALIZADO;FINALIZADO;FINALIZADO;;;-;Sudeste;BACKLOG 22.06_23.07
19/08/2026;03/08/2026;260803-000310;EXTRAVIO ;JAVEP (S.J. RIO PRETO);J57;SAO JOSE DO RIO PRETO;SP;721592;SCB01;ALFA;14490727;9175938;SIM;NOTIFICAÇÃO ENVIADA VIA PLANILHA POR CONTA DA ALTA DEMANDA;CARTA ENVIADA;10/08/2026;NÃO LOCALIZADO;FINALIZADO;FINALIZADO;;;-;Sudeste;BACKLOG 22.06_23.07
03/08/2026;03/08/2026;260803-000301;EXTRAVIO ;SABENAUTO (DPEC FECHADO BRASILIA);T94;BRASILIA;DF;720200;SCB01;XD DIADEMA;14478612;9210330;SIM;NOTIFICAÇÃO ENVIADA VIA PLANILHA POR CONTA DA ALTA DEMANDA;CARTA ENVIADA;10/08/2026;NÃO LOCALIZADO;FINALIZADO;FINALIZADO;;;-;CO;BACKLOG 22.06_23.07
28/07/2026;03/08/2026;260803-000300;EXTRAVIO ;ORCA (BRASILIA);O28;BRASILIA;DF;721674;SCB01;XD DIADEMA;14499437;9210330;SIM;NOTIFICAÇÃO ENVIADA VIA PLANILHA POR CONTA DA ALTA DEMANDA;CARTA ENVIADA;10/08/2026;NÃO LOCALIZADO;FINALIZADO;FINALIZADO;;;-;CO;BACKLOG 22.06_23.07
03/08/2026;03/08/2026;260803-000268;EXTRAVIO ;AUTUS (AFONSO PENA);X44;UBERLANDIA;MG;718708;SCB01;CAMILO;14466356;9095145;SIM;NOTIFICAÇÃO ENVIADA VIA PLANILHA POR CONTA DA ALTA DEMANDA;CARTA ENVIADA;10/08/2026;NÃO LOCALIZADO;FINALIZADO;FINALIZADO;;;-;Sudeste;BACKLOG 22.06_23.07
16/07/2026;03/08/2026;260803-000240;EXTRAVIO ;CICAL (RIBEIRAO PRETO);D96;RIBEIRAO PRETO;SP;713801;SCB01;XD DIADEMA;14418709/14418707/14418704/14415922/-14419539/1441867/-14418509/14421429/14420256/-14421427/14422430/14421985/14422406/14421917/14421981/14427558/14421952/14427637/14428329/14427003/14426052/14426672/14421674/-14423663/14426321/14422167/14427896/-14427163/-14428180/14425894/14427001/14426313/14422325/14431623/-14438676/-14409058/14443083/14443406/14442878/14443081/14442515/14443412/-14443407/14443239/;Aguardando retorno da concessionaria;SIM;NOTIFICAÇÃO ENVIADA VIA PLANILHA POR CONTA DA ALTA DEMANDA;Aguardando retorno;10/08/2026;NÃO LOCALIZADO;FINALIZADO;FINALIZADO;;;-;Sudeste;BACKLOG 22.06_23.07
31/07/2026;03/08/2026;260803-000235;EXTRAVIO ;AUTUS (AFONSO PENA);X44;UBERLANDIA;MG;722078;SCB01;XD MINAS;14510595/14510964/14511183/14512029;9247322/9246889/9246890/9246891/9246892/9246893/9247446/9247447/9247448/9247449/9247450/9247452/9247454/9247455;SIM;NOTIFICAÇÃO ENVIADA VIA PLANILHA POR CONTA DA ALTA DEMANDA;CARTA ENVIADA;10/08/2026;NÃO LOCALIZADO;FINALIZADO;FINALIZADO;;;-;Sudeste;NORMAL
16/07/2026;03/08/2026;260803-000228;EXTRAVIO ;CICAL (RIBEIRAO PRETO);D96;RIBEIRAO PRETO;SP;716453;SCB01;XD DIADEMA;14443407/144244321/14427036/14436841/14436750/14434806/14432373/14408434/14418454/-14429680/14389939/14431622/14436371/14414664/14418073/14419914/14442794/14432143/-14442652/14443055/1442604814426054/14426997/14428490/14408728/1440849214410968/14410419/14410974/14419916/14419920/14418699/14418724/14419918/14419921;Aguardando retorno da concessionaria;SIM;NOTIFICAÇÃO ENVIADA VIA PLANILHA POR CONTA DA ALTA DEMANDA;Aguardando retorno;10/08/2026;NÃO LOCALIZADO;FINALIZADO;FINALIZADO;;;-;Sudeste;BACKLOG 22.06_23.07
03/08/2026;03/08/2026;260803-000217;EXTRAVIO ;AUTUS (AFONSO PENA);X44;UBERLANDIA;MG;719509;SCB01;CAMILO;14480006;9137951;SIM;NOTIFICAÇÃO ENVIADA VIA PLANILHA POR CONTA DA ALTA DEMANDA;CARTA ENVIADA;10/08/2026;NÃO LOCALIZADO;FINALIZADO;FINALIZADO;;;-;Sudeste;BACKLOG 22.06_23.07
31/07/2026;03/08/2026;260803-000214;EXTRAVIO ;AUTUS (AFONSO PENA);X44;UBERLANDIA;MG;718461;SCB01;XD MINAS;14468548;9091134;SIM;NOTIFICAÇÃO ENVIADA VIA PLANILHA POR CONTA DA ALTA DEMANDA;CARTA ENVIADA;10/08/2026;NÃO LOCALIZADO;FINALIZADO;FINALIZADO;;;-;Sudeste;BACKLOG 22.06_23.07
17/08/2026;03/08/2026;260803-000210;EXTRAVIO ;JAVEP (JAU);C14;JAU;SP;722545;SCB01;ALFA;14477849;9133000;SIM;NOTIFICAÇÃO ENVIADA VIA PLANILHA POR CONTA DA ALTA DEMANDA;CARTA ENVIADA;10/08/2026;NÃO LOCALIZADO;FINALIZADO;FINALIZADO;;;-;Sudeste;BACKLOG 22.06_23.07
03/08/2026;03/08/2026;260803-000209;EXTRAVIO ;CIVESA;C20;ARARAS;SP;722535;SCB01;ALFA;14514176;9262373;SIM;NOTIFICAÇÃO ENVIADA VIA PLANILHA POR CONTA DA ALTA DEMANDA;CARTA ENVIADA;10/08/2026;NÃO LOCALIZADO;FINALIZADO;FINALIZADO;;;-;Sudeste;BACKLOG 22.06_23.07
20/07/2026;03/08/2026;260803-000201;EXTRAVIO ;COTAC (SUZANO);Y21;MOGI DAS CRUZES;SP;719858;SCB01;XD DIADEMA;14478312;9133065;SIM;NOTIFICAÇÃO ENVIADA VIA PLANILHA POR CONTA DA ALTA DEMANDA;FINALIZADO COMO RESOLVIDO;10/08/2026;LOCALIZADO;FINALIZADO;FINALIZADO;;;-;Sudeste;BACKLOG 22.06_23.07
03/07/2026;03/08/2026;260803-000169;EXTRAVIO ;ABSOLUTA (DIREITOS HUMANOS);D97;SAO PAULO;SP;716429;SCB01;XD DIADEMA;14442550;9014527;SIM;NOTIFICAÇÃO ENVIADA VIA PLANILHA POR CONTA DA ALTA DEMANDA;FINALIZADO COMO RESOLVIDO;10/08/2026;LOCALIZADO;FINALIZADO;FINALIZADO;;;-;Sudeste;BACKLOG 22.06_23.07
31/07/2026;03/08/2026;260803-000130;EXTRAVIO ;JAVEP (JAU);C14;SAO CARLOS;SP;722549;SCB01;ALFA;14463026;/9082028-/9082087;SIM;NOTIFICAÇÃO ENVIADA VIA PLANILHA POR CONTA DA ALTA DEMANDA;CARTA ENVIADA;10/08/2026;NÃO LOCALIZADO;FINALIZADO;FINALIZADO;;;-;Sudeste;BACKLOG 22.06_23.07
03/08/2026;03/08/2026;260803-000083;EXTRAVIO ;CODIVE (CAMPINAS);K15;CAMPINAS;SP;722982;SCB01;XD DIADEMA;14520118;9284682;SIM;NOTIFICAÇÃO ENVIADA VIA PLANILHA POR CONTA DA ALTA DEMANDA;FINALIZADO COMO RESOLVIDO;10/08/2026;LOCALIZADO;FINALIZADO;FINALIZADO;;;-;Sudeste;NORMAL
31/07/2026;03/08/2026;260803-000075;EXTRAVIO ;ARTVEL;P53;MOGI GUACU;SP;722516;SCB01;ALFA;14477854;9274165;SIM;NOTIFICAÇÃO ENVIADA VIA PLANILHA POR CONTA DA ALTA DEMANDA;CARTA ENVIADA;10/08/2026;NÃO LOCALIZADO;FINALIZADO;FINALIZADO;;;-;Sudeste;BACKLOG 22.06_23.07
28/07/2026;03/08/2026;260803-000073;EXTRAVIO ;CVC (VITORIA);L93;VITORIA;ES;720835;SCB01;CAMILO;14489232;9168899;SIM;NOTIFICAÇÃO ENVIADA VIA PLANILHA POR CONTA DA ALTA DEMANDA;CARTA ENVIADA;10/08/2026;NÃO LOCALIZADO;FINALIZADO;FINALIZADO;;;-;Sudeste;BACKLOG 22.06_23.07
31/07/2026;03/08/2026;260803-000067;EXTRAVIO ;WEST MOTORS (PIRACICABA);W25;PIRACICABA;SP;722562;SCB01;ALFA;14463035/14477860;26285535/-/26324975;SIM;NOTIFICAÇÃO ENVIADA VIA PLANILHA POR CONTA DA ALTA DEMANDA;CARTA ENVIADA;10/08/2026;NÃO LOCALIZADO;FINALIZADO;FINALIZADO;;;-;Sudeste;BACKLOG 22.06_23.07
24/07/2026;03/08/2026;260803-000060;EXTRAVIO ;WEST MOTORS (PIRACICABA);W25;PIRACICABA;SP;720647;SCB01;ALFA;14488929;26286864;SIM;NOTIFICAÇÃO ENVIADA VIA PLANILHA POR CONTA DA ALTA DEMANDA;CARTA ENVIADA;10/08/2026;NÃO LOCALIZADO;FINALIZADO;FINALIZADO;;;-;Sudeste;BACKLOG 22.06_23.07
15/07/2026;04/08/2026;260804-000474;EXTRAVIO ;VIGORITO (ABC);E92;SAO PAULO;SP;717658;SCB01;XD DIADEMA;14446732;9027987;SIM;NOTIFICAÇÃO ENVIADA VIA PLANILHA POR CONTA DA ALTA DEMANDA;CARTA ENVIADA;11/08/2026;NÃO LOCALIZADO;FINALIZADO;FINALIZADO;;;-;Sudeste;BACKLOG 22.06_23.07
13/07/2026;04/08/2026;260804-000467;EXTRAVIO ;VIGORITO (ABC);E92;SAO PAULO;SP;717548;SCB01;XD DIADEMA;14455772;9052031;SIM;NOTIFICAÇÃO ENVIADA VIA PLANILHA POR CONTA DA ALTA DEMANDA;CARTA ENVIADA;11/08/2026;NÃO LOCALIZADO;FINALIZADO;FINALIZADO;;;-;Sudeste;BACKLOG 22.06_23.07
04/08/2026;04/08/2026;260804-000460;EXTRAVIO ;CVC (CACHOEIRO);L71;CACHOEIRO DE ITAPEMIRIM;ES;723095;SCB01;CAMILO;14520504;86028392;SIM;NOTIFICAÇÃO ENVIADA VIA PLANILHA POR CONTA DA ALTA DEMANDA;CARTA ENVIADA;11/08/2026;NÃO LOCALIZADO;FINALIZADO;FINALIZADO;;;-;Sudeste;NORMAL
;04/08/2026;260804-000457;EXTRAVIO ;VIGORITO (ABC);E92;SAO PAULO;SP;718952;SCB01;XD DIADEMA;14475700/14473025;87007845/-/9115310;SIM;NOTIFICAÇÃO ENVIADA VIA PLANILHA POR CONTA DA ALTA DEMANDA;CARTA ENVIADA;11/08/2026;NÃO LOCALIZADO;FINALIZADO;FINALIZADO;;;-;Sudeste;BACKLOG 22.06_23.07
30/06/2026;04/08/2026;260804-000452;EXTRAVIO ;VIGORITO (ABC);E92;SAO PAULO;SP;714602;SCB01;XD DIADEMA;14429216/14457558;8920080/8920094/9024246/9053187;SIM;NOTIFICAÇÃO ENVIADA VIA PLANILHA POR CONTA DA ALTA DEMANDA;CARTA ENVIADA;11/08/2026;NÃO LOCALIZADO;FINALIZADO;FINALIZADO;;;-;Sudeste;BACKLOG 22.06_23.07
21/07/2026;04/08/2026;260804-000451;EXTRAVIO ;AUTOGERAIS (ITAJUBA);I14;ITAJUBA;MG;712617;SCB01;XD MINAS;14410079;8858332;SIM;NOTIFICAÇÃO ENVIADA VIA PLANILHA POR CONTA DA ALTA DEMANDA;CARTA ENVIADA;11/08/2026;NÃO LOCALIZADO;FINALIZADO;FINALIZADO;;;-;Sudeste;BACKLOG 22.06_23.07
21/07/2026;04/08/2026;260804-000450;EXTRAVIO ;AUTOGERAIS (ITAJUBA);I14;ITAJUBA;MG;712617;SCB01;CAMILO;14410077;8858332;SIM;NOTIFICAÇÃO ENVIADA VIA PLANILHA POR CONTA DA ALTA DEMANDA;CARTA ENVIADA;11/08/2026;NÃO LOCALIZADO;FINALIZADO;FINALIZADO;;;-;Sudeste;BACKLOG 22.06_23.07
21/07/2026;04/08/2026;260804-000448;EXTRAVIO ;AUTOGERAIS (ITAJUBA);I14;ITAJUBA;MG;712617;SCB01;XD DIADEMA;14410076;8858332;SIM;NOTIFICAÇÃO ENVIADA VIA PLANILHA POR CONTA DA ALTA DEMANDA;CARTA ENVIADA;11/08/2026;NÃO LOCALIZADO;FINALIZADO;FINALIZADO;;;-;Sudeste;BACKLOG 22.06_23.07
21/07/2026;04/08/2026;260804-000446;EXTRAVIO ;AUTOGERAIS (ITAJUBA);I14;ITAJUBA;MG;712617;SCB01;XD MINAS;14410299;8857620;SIM;NOTIFICAÇÃO ENVIADA VIA PLANILHA POR CONTA DA ALTA DEMANDA;CARTA ENVIADA;11/08/2026;NÃO LOCALIZADO;FINALIZADO;FINALIZADO;;;-;Sudeste;BACKLOG 22.06_23.07
06/07/2026;04/08/2026;260804-000445;EXTRAVIO ;VIGORITO (ABC);E92;SAO PAULO;SP;717092;SCB01;XD DIADEMA;14450774;9023477;SIM;NOTIFICAÇÃO ENVIADA VIA PLANILHA POR CONTA DA ALTA DEMANDA;CARTA ENVIADA;11/08/2026;NÃO LOCALIZADO;FINALIZADO;FINALIZADO;;;-;Sudeste;BACKLOG 22.06_23.07
21/07/2026;04/08/2026;260804-000431;EXTRAVIO ;AUTOGERAIS (ITAJUBA);I14;ITAJUBA;MG;712617;SCB01;CAMILO;14410142;8857591;SIM;NOTIFICAÇÃO ENVIADA VIA PLANILHA POR CONTA DA ALTA DEMANDA;CARTA ENVIADA;11/08/2026;NÃO LOCALIZADO;FINALIZADO;FINALIZADO;;;-;Sudeste;BACKLOG 22.06_23.07
21/07/2026;04/08/2026;260804-000430;EXTRAVIO ;AUTOGERAIS (ITAJUBA);I14;ITAJUBA;MG;712617;SCB01;XD DIADEMA;14410141;8857591;SIM;NOTIFICAÇÃO ENVIADA VIA PLANILHA POR CONTA DA ALTA DEMANDA;CARTA ENVIADA;11/08/2026;NÃO LOCALIZADO;FINALIZADO;FINALIZADO;;;-;Sudeste;BACKLOG 22.06_23.07
;04/08/2026;260804-000429;EXTRAVIO ;AUTOGERAIS (ITAJUBA);I14;ITAJUBA;SP;Sem embarque;SCB01;OPERAÇÃO SOR;1410140;8857591;SIM;NOTIFICAÇÃO ENVIADA VIA PLANILHA POR CONTA DA ALTA DEMANDA;CARTA ENVIADA;11/08/2026;NÃO LOCALIZADO;FINALIZADO;FINALIZADO;;;-;Sudeste;NORMAL
20/07/2026;04/08/2026;260804-000427;EXTRAVIO ;ACCIOLY BARAO DE LIMEIRA;A50;SAO PAULO;SP;720210;SCB01;XD DIADEMA;14492306;8182820;SIM;NOTIFICAÇÃO ENVIADA VIA PLANILHA POR CONTA DA ALTA DEMANDA;CARTA ENVIADA;11/08/2026;NÃO LOCALIZADO;FINALIZADO;FINALIZADO;;;-;Sudeste;BACKLOG 22.06_23.07
04/08/2026;04/08/2026;260804-000426;EXTRAVIO ;AUTUS (AFONSO PENA);X44;PATOS DE MINAS;MG;713389;SCB01;CAMILO;14418988;8892415;SIM;NOTIFICAÇÃO ENVIADA VIA PLANILHA POR CONTA DA ALTA DEMANDA;CARTA ENVIADA;11/08/2026;NÃO LOCALIZADO;FINALIZADO;FINALIZADO;;;-;Sudeste;BACKLOG 22.06_23.07
21/07/2026;04/08/2026;260804-000425;EXTRAVIO ;AUTOGERAIS (ITAJUBA);I14;ITAJUBA;MG;712617;SCB01;XD DIADEMA;14410140;8857591;SIM;NOTIFICAÇÃO ENVIADA VIA PLANILHA POR CONTA DA ALTA DEMANDA;CARTA ENVIADA;11/08/2026;NÃO LOCALIZADO;FINALIZADO;FINALIZADO;;;-;Sudeste;BACKLOG 22.06_23.07
;04/08/2026;260804-000422;EXTRAVIO ;AUTOGERAIS (ITAJUBA);I14;ITAJUBA;SP;Sem embarque;SCB01;OPERAÇÃO SOR;1409925;8857393;SIM;NOTIFICAÇÃO ENVIADA VIA PLANILHA POR CONTA DA ALTA DEMANDA;CARTA ENVIADA;11/08/2026;NÃO LOCALIZADO;FINALIZADO;FINALIZADO;;;-;Sudeste;NORMAL
21/07/2026;04/08/2026;260804-000419;EXTRAVIO ;AUTOGERAIS (ITAJUBA);I14;ITAJUBA;MG;712617;SCB01;XD MINAS;14409797;8857275;SIM;NOTIFICAÇÃO ENVIADA VIA PLANILHA POR CONTA DA ALTA DEMANDA;CARTA ENVIADA;11/08/2026;NÃO LOCALIZADO;FINALIZADO;FINALIZADO;;;-;Sudeste;BACKLOG 22.06_23.07
22/07/2026;04/08/2026;260804-000418;EXTRAVIO ;ACCIOLY BARAO DE LIMEIRA;A50;SAO PAULO;SP;720492;SCB01;XD DIADEMA;14492491;9182817;SIM;NOTIFICAÇÃO ENVIADA VIA PLANILHA POR CONTA DA ALTA DEMANDA;CARTA ENVIADA;11/08/2026;NÃO LOCALIZADO;FINALIZADO;FINALIZADO;;;-;Sudeste;BACKLOG 22.06_23.07
22/07/2026;04/08/2026;260804-000416;EXTRAVIO ;ACCIOLY BARAO DE LIMEIRA;A50;SAO PAULO;SP;720492;SCB01;XD DIADEMA;14492494;9182809;SIM;NOTIFICAÇÃO ENVIADA VIA PLANILHA POR CONTA DA ALTA DEMANDA;CARTA ENVIADA;11/08/2026;NÃO LOCALIZADO;FINALIZADO;FINALIZADO;;;-;Sudeste;BACKLOG 22.06_23.07
20/07/2026;04/08/2026;260804-000408;EXTRAVIO ;ACCIOLY BARAO DE LIMEIRA;A50;SAO PAULO;SP;720210;SCB01;XD DIADEMA;14492115;9179777;SIM;NOTIFICAÇÃO ENVIADA VIA PLANILHA POR CONTA DA ALTA DEMANDA;CARTA ENVIADA;11/08/2026;NÃO LOCALIZADO;FINALIZADO;FINALIZADO;;;-;Sudeste;BACKLOG 22.06_23.07
22/07/2026;04/08/2026;260804-000407;EXTRAVIO ;ACCIOLY BARAO DE LIMEIRA;A50;SAO PAULO;SP;720492;SCB01;XD DIADEMA;14492259;0009179691/0009179701/0009179702;SIM;NOTIFICAÇÃO ENVIADA VIA PLANILHA POR CONTA DA ALTA DEMANDA;CARTA ENVIADA;11/08/2026;NÃO LOCALIZADO;FINALIZADO;FINALIZADO;;;-;Sudeste;BACKLOG 22.06_23.07
20/07/2026;04/08/2026;260804-000404;EXTRAVIO ;ACCIOLY BARAO DE LIMEIRA;A50;SAO PAULO;SP;720210;SCB01;XD DIADEMA;14492200;0009179378/0009179379;SIM;NOTIFICAÇÃO ENVIADA VIA PLANILHA POR CONTA DA ALTA DEMANDA;CARTA ENVIADA;11/08/2026;NÃO LOCALIZADO;FINALIZADO;FINALIZADO;;;-;Sudeste;BACKLOG 22.06_23.07
20/07/2026;04/08/2026;260804-000401;EXTRAVIO ;ACCIOLY BARAO DE LIMEIRA;A50;SAO PAULO;SP;720210;SCB01;XD DIADEMA;14489006;9170086;SIM;NOTIFICAÇÃO ENVIADA VIA PLANILHA POR CONTA DA ALTA DEMANDA;CARTA ENVIADA;11/08/2026;NÃO LOCALIZADO;FINALIZADO;FINALIZADO;;;-;Sudeste;BACKLOG 22.06_23.07
20/07/2026;04/08/2026;260804-000394;EXTRAVIO ;ACCIOLY BARAO DE LIMEIRA;A50;SAO PAULO;SP;720210;SCB01;XD DIADEMA;14489917;0009169749/0009169752;SIM;NOTIFICAÇÃO ENVIADA VIA PLANILHA POR CONTA DA ALTA DEMANDA;CARTA ENVIADA;11/08/2026;NÃO LOCALIZADO;FINALIZADO;FINALIZADO;;;-;Sudeste;BACKLOG 22.06_23.07
20/07/2026;04/08/2026;260804-000392;EXTRAVIO ;ACCIOLY BARAO DE LIMEIRA;A50;SAO PAULO;SP;720210;SCB01;XD DIADEMA;14487589;9164636;SIM;NOTIFICAÇÃO ENVIADA VIA PLANILHA POR CONTA DA ALTA DEMANDA;CARTA ENVIADA;11/08/2026;NÃO LOCALIZADO;FINALIZADO;FINALIZADO;;;-;Sudeste;BACKLOG 22.06_23.07
20/07/2026;04/08/2026;260804-000380;EXTRAVIO ;ACCIOLY BARAO DE LIMEIRA;A50;SAO PAULO;SP;720210;SCB01;XD DIADEMA;14487589;9164636;SIM;NOTIFICAÇÃO ENVIADA VIA PLANILHA POR CONTA DA ALTA DEMANDA;CARTA ENVIADA;11/08/2026;NÃO LOCALIZADO;FINALIZADO;FINALIZADO;;;-;Sudeste;BACKLOG 22.06_23.07
27/07/2026;04/08/2026;260804-000379;EXTRAVIO ;NOVA (CAMPINAS) PEÇAS;C04;CAMPINAS;SP;718164;SCB01;XD DIADEMA;14455876;9051097;SIM;NOTIFICAÇÃO ENVIADA VIA PLANILHA POR CONTA DA ALTA DEMANDA;CARTA ENVIADA;11/08/2026;NÃO LOCALIZADO;FINALIZADO;FINALIZADO;;;-;Sudeste;BACKLOG 22.06_23.07
29/07/2026;04/08/2026;260804-000367;EXTRAVIO ;NOVA (CAMPINAS) PEÇAS;C04;CAMPINAS;SP;723201;SCB01;XD DIADEMA;14518205;9279541;SIM;NOTIFICAÇÃO ENVIADA VIA PLANILHA POR CONTA DA ALTA DEMANDA;CARTA ENVIADA;11/08/2026;NÃO LOCALIZADO;FINALIZADO;FINALIZADO;;;-;Sudeste;BACKLOG 22.06_23.07
03/08/2026;04/08/2026;260804-000366;EXTRAVIO ;SABENAUTO (DPEC FECHADO BRASILIA);T94;BRASILIA;DF;722894;SCB01;RIO VERMELHO;14516585;9264761;SIM;NOTIFICAÇÃO ENVIADA VIA PLANILHA POR CONTA DA ALTA DEMANDA;CARTA ENVIADA;11/08/2026;NÃO LOCALIZADO;FINALIZADO;FINALIZADO;;;-;CO;NORMAL
06/08/2026;04/08/2026;260804-000361;EXTRAVIO ;ACCIOLY BARAO DE LIMEIRA;A50;SAO PAULO;SP;720929;SCB01;XD DIADEMA;14496784;0009150965/0009150966;SIM;NOTIFICAÇÃO ENVIADA VIA PLANILHA POR CONTA DA ALTA DEMANDA;CARTA ENVIADA;11/08/2026;NÃO LOCALIZADO;FINALIZADO;FINALIZADO;;;-;Sudeste;BACKLOG 22.06_23.07
22/07/2026;04/08/2026;260804-000356;EXTRAVIO ;ACCIOLY BARAO DE LIMEIRA;A50;SAO PAULO;SP;720492;SCB01;XD DIADEMA;14495698;9146543;SIM;NOTIFICAÇÃO ENVIADA VIA PLANILHA POR CONTA DA ALTA DEMANDA;CARTA ENVIADA;11/08/2026;NÃO LOCALIZADO;FINALIZADO;FINALIZADO;;;-;Sudeste;BACKLOG 22.06_23.07
03/08/2026;04/08/2026;260804-000320;EXTRAVIO ;JORLAN (BARAO H. DE MELO);J66;BELO HORIZONTE;MG;722721;SCB01;XD MINAS;14517878;9276775;SIM;NOTIFICAÇÃO ENVIADA VIA PLANILHA POR CONTA DA ALTA DEMANDA;CARTA ENVIADA;11/08/2026;NÃO LOCALIZADO;FINALIZADO;FINALIZADO;;;-;Sudeste;NORMAL
03/08/2026;04/08/2026;260804-000318;EXTRAVIO ;JORLAN (BARAO H. DE MELO);J66;BELO HORIZONTE;MG;722721;SCB01;XD MINAS;14517861;9276774;SIM;NOTIFICAÇÃO ENVIADA VIA PLANILHA POR CONTA DA ALTA DEMANDA;CARTA ENVIADA;11/08/2026;NÃO LOCALIZADO;FINALIZADO;FINALIZADO;;;-;Sudeste;NORMAL
03/08/2026;04/08/2026;260804-000317;EXTRAVIO ;JORLAN (BARAO H. DE MELO);J66;BELO HORIZONTE;MG;722721;SCB01;XD MINAS;14517797;9276773;SIM;NOTIFICAÇÃO ENVIADA VIA PLANILHA POR CONTA DA ALTA DEMANDA;CARTA ENVIADA;11/08/2026;NÃO LOCALIZADO;FINALIZADO;FINALIZADO;;;-;Sudeste;NORMAL
03/08/2026;04/08/2026;260804-000316;EXTRAVIO ;JORLAN (BARAO H. DE MELO);J66;BELO HORIZONTE;MG;722721;SCB01;XD MINAS;14517895;9276772;SIM;NOTIFICAÇÃO ENVIADA VIA PLANILHA POR CONTA DA ALTA DEMANDA;CARTA ENVIADA;11/08/2026;NÃO LOCALIZADO;FINALIZADO;FINALIZADO;;;-;Sudeste;NORMAL
03/08/2026;04/08/2026;260804-000315;EXTRAVIO ;JORLAN (BARAO H. DE MELO);J66;BELO HORIZONTE;MG;722721;SCB01;XD MINAS;14517891;9276771;SIM;NOTIFICAÇÃO ENVIADA VIA PLANILHA POR CONTA DA ALTA DEMANDA;CARTA ENVIADA;11/08/2026;NÃO LOCALIZADO;FINALIZADO;FINALIZADO;;;-;Sudeste;NORMAL
03/08/2026;04/08/2026;260804-000313;EXTRAVIO ;JORLAN (BARAO H. DE MELO);J66;BELO HORIZONTE;MG;722721;SCB01;XD MINAS;14517119;9276745;SIM;NOTIFICAÇÃO ENVIADA VIA PLANILHA POR CONTA DA ALTA DEMANDA;CARTA ENVIADA;11/08/2026;NÃO LOCALIZADO;FINALIZADO;FINALIZADO;;;-;Sudeste;NORMAL
03/08/2026;04/08/2026;260804-000312;EXTRAVIO ;JORLAN (BARAO H. DE MELO);J66;BELO HORIZONTE;MG;722721;SCB01;XD MINAS;14518172;9276566;SIM;NOTIFICAÇÃO ENVIADA VIA PLANILHA POR CONTA DA ALTA DEMANDA;CARTA ENVIADA;11/08/2026;NÃO LOCALIZADO;FINALIZADO;FINALIZADO;;;-;Sudeste;NORMAL
03/08/2026;04/08/2026;260804-000309;EXTRAVIO ;JORLAN (BARAO H. DE MELO);J66;BELO HORIZONTE;MG;722721;SCB01;XD MINAS;14516826;9275833;SIM;NOTIFICAÇÃO ENVIADA VIA PLANILHA POR CONTA DA ALTA DEMANDA;CARTA ENVIADA;11/08/2026;NÃO LOCALIZADO;FINALIZADO;FINALIZADO;;;-;Sudeste;NORMAL
31/07/2026;04/08/2026;260804-000308;EXTRAVIO ;GMAIS (BARRA DA TIJUCA);G40;RIO DE JANEIRO;RJ;722812;SCB01;XD DIADEMA;14405179;/8631271/8631272/8631273/8631274/8631275/8631276/8631277/8631278/8631279/8631280/8631281/8631282;SIM;NOTIFICAÇÃO ENVIADA VIA PLANILHA POR CONTA DA ALTA DEMANDA;CARTA ENVIADA;11/08/2026;NÃO LOCALIZADO;FINALIZADO;FINALIZADO;;;-;Sudeste;NORMAL
03/08/2026;04/08/2026;260804-000307;EXTRAVIO ;JORLAN (BARAO H. DE MELO);J66;BELO HORIZONTE;MG;722721;SCB01;XD MINAS;14516825;9275833;SIM;NOTIFICAÇÃO ENVIADA VIA PLANILHA POR CONTA DA ALTA DEMANDA;CARTA ENVIADA;11/08/2026;NÃO LOCALIZADO;FINALIZADO;FINALIZADO;;;-;Sudeste;NORMAL
03/08/2026;04/08/2026;260804-000306;EXTRAVIO ;JORLAN (BARAO H. DE MELO);J66;BELO HORIZONTE;MG;722721;SCB01;XD MINAS;14516824;9275833;SIM;NOTIFICAÇÃO ENVIADA VIA PLANILHA POR CONTA DA ALTA DEMANDA;CARTA ENVIADA;11/08/2026;NÃO LOCALIZADO;FINALIZADO;FINALIZADO;;;-;Sudeste;NORMAL
03/08/2026;04/08/2026;260804-000305;EXTRAVIO ;JORLAN (BARAO H. DE MELO);J66;BELO HORIZONTE;MG;722721;SCB01;XD MINAS;14517112;9276735;SIM;NOTIFICAÇÃO ENVIADA VIA PLANILHA POR CONTA DA ALTA DEMANDA;CARTA ENVIADA;11/08/2026;NÃO LOCALIZADO;FINALIZADO;FINALIZADO;;;-;Sudeste;NORMAL
03/08/2026;04/08/2026;260804-000302;EXTRAVIO ;JORLAN (BARAO H. DE MELO);J66;BELO HORIZONTE;MG;722721;SCB01;XD MINAS;14517436;9276235;SIM;NOTIFICAÇÃO ENVIADA VIA PLANILHA POR CONTA DA ALTA DEMANDA;CARTA ENVIADA;11/08/2026;NÃO LOCALIZADO;FINALIZADO;FINALIZADO;;;-;Sudeste;NORMAL
03/08/2026;04/08/2026;260804-000301;EXTRAVIO ;JORLAN (BARAO H. DE MELO);J66;BELO HORIZONTE;MG;722721;SCB01;XD MINAS;14517311;9275638;SIM;NOTIFICAÇÃO ENVIADA VIA PLANILHA POR CONTA DA ALTA DEMANDA;CARTA ENVIADA;11/08/2026;NÃO LOCALIZADO;FINALIZADO;FINALIZADO;;;-;Sudeste;NORMAL
31/07/2026;04/08/2026;260804-000299;EXTRAVIO ;GMAIS (BARRA DA TIJUCA);G40;RIO DE JANEIRO;RJ;722976;SCB01;XD DIADEMA;14519824;9284384;SIM;NOTIFICAÇÃO ENVIADA VIA PLANILHA POR CONTA DA ALTA DEMANDA;CARTA ENVIADA;11/08/2026;NÃO LOCALIZADO;FINALIZADO;FINALIZADO;;;-;Sudeste;NORMAL
03/08/2026;04/08/2026;260804-000297;EXTRAVIO ;JORLAN (BARAO H. DE MELO);J66;BELO HORIZONTE;MG;722484;SCB01;XD MINAS;14511978;8809101;SIM;NOTIFICAÇÃO ENVIADA VIA PLANILHA POR CONTA DA ALTA DEMANDA;CARTA ENVIADA;11/08/2026;NÃO LOCALIZADO;FINALIZADO;FINALIZADO;;;-;Sudeste;NORMAL
03/08/2026;04/08/2026;260804-000296;EXTRAVIO ;JORLAN (BARAO H. DE MELO);J66;BELO HORIZONTE;MG;722484;SCB01;XD MINAS;14515502;9266351;SIM;NOTIFICAÇÃO ENVIADA VIA PLANILHA POR CONTA DA ALTA DEMANDA;CARTA ENVIADA;11/08/2026;NÃO LOCALIZADO;FINALIZADO;FINALIZADO;;;-;Sudeste;NORMAL
03/08/2026;04/08/2026;260804-000293;EXTRAVIO ;JORLAN (BARAO H. DE MELO);J66;BELO HORIZONTE;MG;722484;SCB01;XD MINAS;14516046;9271576;SIM;NOTIFICAÇÃO ENVIADA VIA PLANILHA POR CONTA DA ALTA DEMANDA;CARTA ENVIADA;11/08/2026;NÃO LOCALIZADO;FINALIZADO;FINALIZADO;;;-;Sudeste;NORMAL
29/07/2026;04/08/2026;260804-000288;EXTRAVIO ;GMAIS (BARRA DA TIJUCA);G40;RIO DE JANEIRO;RJ;721725;SCB01;XD DIADEMA;/14506648/14506645/14506695/14506316;/9223688/9231348/9231349/9224465/9231844;SIM;NOTIFICAÇÃO ENVIADA VIA PLANILHA POR CONTA DA ALTA DEMANDA;CARTA ENVIADA;11/08/2026;NÃO LOCALIZADO;FINALIZADO;FINALIZADO;;;-;Sudeste;BACKLOG 22.06_23.07
03/08/2026;04/08/2026;260804-000287;EXTRAVIO ;JORLAN (GOIANIA);J23;GOIANIA;GO;722886;SCB01;XD DIADEMA;14516677;9273535;SIM;NOTIFICAÇÃO ENVIADA VIA PLANILHA POR CONTA DA ALTA DEMANDA;CARTA ENVIADA;11/08/2026;NÃO LOCALIZADO;FINALIZADO;FINALIZADO;;;-;CO;NORMAL
29/07/2026;04/08/2026;260804-000275;EXTRAVIO ;GMAIS (BARRA DA TIJUCA);G40;RIO DE JANEIRO;RJ;721835;SCB01;XD DIADEMA;14507684;9232007;SIM;NOTIFICAÇÃO ENVIADA VIA PLANILHA POR CONTA DA ALTA DEMANDA;CARTA ENVIADA;11/08/2026;NÃO LOCALIZADO;FINALIZADO;FINALIZADO;;;-;Sudeste;BACKLOG 22.06_23.07
05/08/2026;04/08/2026;260804-000272;EXTRAVIO ;ACCIOLY BARAO DE LIMEIRA;A50;SAO PAULO;SP;715659;SCB01;XD DIADEMA;14437588;8990665;SIM;NOTIFICAÇÃO ENVIADA VIA PLANILHA POR CONTA DA ALTA DEMANDA;CARTA ENVIADA;11/08/2026;NÃO LOCALIZADO;FINALIZADO;FINALIZADO;;;-;Sudeste;BACKLOG 22.06_23.07
20/07/2026;04/08/2026;260804-000268;EXTRAVIO ;ACCIOLY BARAO DE LIMEIRA;A50;SAO PAULO;SP;719833;SCB01;XD DIADEMA;14483486;9144362;SIM;NOTIFICAÇÃO ENVIADA VIA PLANILHA POR CONTA DA ALTA DEMANDA;CARTA ENVIADA;11/08/2026;NÃO LOCALIZADO;FINALIZADO;FINALIZADO;;;-;Sudeste;BACKLOG 22.06_23.07
16/07/2026;04/08/2026;260804-000266;EXTRAVIO ;ACCIOLY BARAO DE LIMEIRA;A50;SAO PAULO;SP;719283;SCB01;XD DIADEMA;14476096;87008062;SIM;NOTIFICAÇÃO ENVIADA VIA PLANILHA POR CONTA DA ALTA DEMANDA;CARTA ENVIADA;11/08/2026;NÃO LOCALIZADO;FINALIZADO;FINALIZADO;;;-;Sudeste;BACKLOG 22.06_23.07
16/07/2026;04/08/2026;260804-000265;EXTRAVIO ;ACCIOLY BARAO DE LIMEIRA;A50;SAO PAULO;SP;719283;SCB01;XD DIADEMA;14475029;9118803;SIM;NOTIFICAÇÃO ENVIADA VIA PLANILHA POR CONTA DA ALTA DEMANDA;CARTA ENVIADA;11/08/2026;NÃO LOCALIZADO;FINALIZADO;FINALIZADO;;;-;Sudeste;BACKLOG 22.06_23.07
20/07/2026;04/08/2026;260804-000264;EXTRAVIO ;ACCIOLY BARAO DE LIMEIRA;A50;SAO PAULO;SP;717802;SCB01;XD DIADEMA;14456886;0009024301/0009024302/0009064287;SIM;NOTIFICAÇÃO ENVIADA VIA PLANILHA POR CONTA DA ALTA DEMANDA;CARTA ENVIADA;11/08/2026;NÃO LOCALIZADO;FINALIZADO;FINALIZADO;;;-;Sudeste;BACKLOG 22.06_23.07
29/07/2026;04/08/2026;260804-000263;EXTRAVIO ;GMAIS (BARRA DA TIJUCA);G40;RIO DE JANEIRO;RJ;722099;SCB01;XD DIADEMA;/14509124/14510484/14510480/14509170/14511718/14509779/14509778/14508694/;/9242654/9242614/9242618/9247456/9242582/9231903;SIM;NOTIFICAÇÃO ENVIADA VIA PLANILHA POR CONTA DA ALTA DEMANDA;CARTA ENVIADA;11/08/2026;NÃO LOCALIZADO;FINALIZADO;FINALIZADO;;;-;Sudeste;BACKLOG 22.06_23.07
20/07/2026;04/08/2026;260804-000262;EXTRAVIO ;ACCIOLY BARAO DE LIMEIRA;A50;SAO PAULO;SP;719591;SCB01;XD DIADEMA;14478788;9114654;SIM;NOTIFICAÇÃO ENVIADA VIA PLANILHA POR CONTA DA ALTA DEMANDA;CARTA ENVIADA;11/08/2026;NÃO LOCALIZADO;FINALIZADO;FINALIZADO;;;-;Sudeste;BACKLOG 22.06_23.07
20/07/2026;04/08/2026;260804-000261;EXTRAVIO ;ACCIOLY BARAO DE LIMEIRA;A50;SAO PAULO;SP;718450;SCB01;XD DIADEMA;14467363;9090517;SIM;NOTIFICAÇÃO ENVIADA VIA PLANILHA POR CONTA DA ALTA DEMANDA;CARTA ENVIADA;11/08/2026;NÃO LOCALIZADO;FINALIZADO;FINALIZADO;;;-;Sudeste;BACKLOG 22.06_23.07
20/07/2026;04/08/2026;260804-000256;EXTRAVIO ;ACCIOLY BARAO DE LIMEIRA;A50;SAO PAULO;SP;716433;SCB01;XD DIADEMA;14443635;0009008981/0009010527;SIM;NOTIFICAÇÃO ENVIADA VIA PLANILHA POR CONTA DA ALTA DEMANDA;CARTA ENVIADA;11/08/2026;NÃO LOCALIZADO;FINALIZADO;FINALIZADO;;;-;Sudeste;BACKLOG 22.06_23.07
20/07/2026;04/08/2026;260804-000253;EXTRAVIO ;ACCIOLY BARAO DE LIMEIRA;A50;SAO PAULO;SP;717511;SCB01;XD DIADEMA;14455946;9052347;SIM;NOTIFICAÇÃO ENVIADA VIA PLANILHA POR CONTA DA ALTA DEMANDA;CARTA ENVIADA;11/08/2026;NÃO LOCALIZADO;FINALIZADO;FINALIZADO;;;-;Sudeste;BACKLOG 22.06_23.07
20/07/2026;04/08/2026;260804-000252;EXTRAVIO ;ACCIOLY BARAO DE LIMEIRA;A50;SAO PAULO;SP;718694;SCB01;XD DIADEMA;14470845;9064203;SIM;NOTIFICAÇÃO ENVIADA VIA PLANILHA POR CONTA DA ALTA DEMANDA;CARTA ENVIADA;11/08/2026;NÃO LOCALIZADO;FINALIZADO;FINALIZADO;;;-;Sudeste;BACKLOG 22.06_23.07
03/07/2026;04/08/2026;260804-000251;EXTRAVIO ;ACCIOLY BARAO DE LIMEIRA;A50;SAO PAULO;SP;714503;SCB01;XD DIADEMA;14429906;8921012;SIM;NOTIFICAÇÃO ENVIADA VIA PLANILHA POR CONTA DA ALTA DEMANDA;CARTA ENVIADA;11/08/2026;NÃO LOCALIZADO;FINALIZADO;FINALIZADO;;;-;Sudeste;BACKLOG 22.06_23.07
07/07/2026;04/08/2026;260804-000249;EXTRAVIO ;ACCIOLY BARAO DE LIMEIRA;A50;SAO PAULO;SP;715439;SCB01;XD DIADEMA;14437411;8989772;SIM;NOTIFICAÇÃO ENVIADA VIA PLANILHA POR CONTA DA ALTA DEMANDA;CARTA ENVIADA;11/08/2026;NÃO LOCALIZADO;FINALIZADO;FINALIZADO;;;-;Sudeste;BACKLOG 22.06_23.07
30/06/2026;04/08/2026;260804-000247;EXTRAVIO ;ACCIOLY BARAO DE LIMEIRA;A50;SAO PAULO;SP;713964;SCB01;XD DIADEMA;14423017;8654283;SIM;NOTIFICAÇÃO ENVIADA VIA PLANILHA POR CONTA DA ALTA DEMANDA;CARTA ENVIADA;11/08/2026;NÃO LOCALIZADO;FINALIZADO;FINALIZADO;;;-;Sudeste;BACKLOG 22.06_23.07
05/08/2026;04/08/2026;260804-000243;EXTRAVIO ;WEST MOTORS (PIRACICABA);W25;PIRACICABA;SP;723318;SCB01;ALFA;14520682;26248153;SIM;NOTIFICAÇÃO ENVIADA VIA PLANILHA POR CONTA DA ALTA DEMANDA;CARTA ENVIADA;11/08/2026;NÃO LOCALIZADO;FINALIZADO;FINALIZADO;;;-;Sudeste;NORMAL
03/08/2026;04/08/2026;260804-000199;EXTRAVIO ;NOVA (BELEM) - PECAS;N43;SAO BERNARDO DO CAMPO;SP;723003;SCB01;XD DIADEMA;14519814;9276629./9276630./928472.;SIM;NOTIFICAÇÃO ENVIADA VIA PLANILHA POR CONTA DA ALTA DEMANDA;CARTA ENVIADA;11/08/2026;NÃO LOCALIZADO;FINALIZADO;FINALIZADO;;;-;Sudeste;NORMAL
31/07/2026;04/08/2026;260804-000188;EXTRAVIO ;PLANETA (BRASILIA);S28;BRASILIA;DF;720480;SCB01;RIO VERMELHO;14493975;9187420;SIM;NOTIFICAÇÃO ENVIADA VIA PLANILHA POR CONTA DA ALTA DEMANDA;CARTA ENVIADA;11/08/2026;NÃO LOCALIZADO;FINALIZADO;FINALIZADO;;;-;CO;BACKLOG 22.06_23.07
03/08/2026;04/08/2026;260804-000186;EXTRAVIO ;PLANETA (BRASILIA);S28;BRASILIA;DF;722933;SCB01;XD DIADEMA;14521513;9289471;SIM;NOTIFICAÇÃO ENVIADA VIA PLANILHA POR CONTA DA ALTA DEMANDA;CARTA ENVIADA;11/08/2026;NÃO LOCALIZADO;FINALIZADO;FINALIZADO;;;-;CO;NORMAL
22/07/2026;04/08/2026;260804-000184;EXTRAVIO ;PLANETA (BRASILIA);S28;BELEM;PA;719217;SCB01;CARVALIMA;14478601/14490395/14480946/14484500/14480642/14480654/14480655/14480932/14477724/14478610;90533093/9133023/9140851/9140888/9141160/9141160/9140941/9153893/9141083/9141084/9141085/9141086/9167541/;SIM;NOTIFICAÇÃO ENVIADA VIA PLANILHA POR CONTA DA ALTA DEMANDA;CARTA ENVIADA;11/08/2026;NÃO LOCALIZADO;FINALIZADO;FINALIZADO;;;-;Norte;BACKLOG 22.06_23.07
27/07/2026;04/08/2026;260804-000177;EXTRAVIO ;SABENAUTO (DPEC CUIABA);C93;CUIABA;MT;716284;SCB01;CARVALIMA;14438814/14440843/14419669/;/8993629/8993630/8993632/8774734/8904914;SIM;NOTIFICAÇÃO ENVIADA VIA PLANILHA POR CONTA DA ALTA DEMANDA;CARTA ENVIADA;11/08/2026;NÃO LOCALIZADO;FINALIZADO;FINALIZADO;;;-;CO;BACKLOG 22.06_23.07
30/07/2026;04/08/2026;260804-000158;EXTRAVIO ;AUTUS (AFONSO PENA);X44;UBERABA;MG;714962;SCB01;CAMILO;14430247;8922340/8922341;SIM;NOTIFICAÇÃO ENVIADA VIA PLANILHA POR CONTA DA ALTA DEMANDA;CARTA ENVIADA;11/08/2026;NÃO LOCALIZADO;FINALIZADO;FINALIZADO;;;-;Sudeste;BACKLOG 22.06_23.07
16/07/2026;04/08/2026;260804-000140;EXTRAVIO ;VESSA (VILA VELHA);B15;VILA VELHA;ES;714823;SCB01;CAMILO;14427561;8918542;SIM;NOTIFICAÇÃO ENVIADA VIA PLANILHA POR CONTA DA ALTA DEMANDA;CARTA ENVIADA;11/08/2026;NÃO LOCALIZADO;FINALIZADO;FINALIZADO;;;-;Sudeste;BACKLOG 22.06_23.07
03/08/2026;04/08/2026;260804-000138;EXTRAVIO ;AUTUS (AFONSO PENA);X44;UBERABA;MG;713256;SCB01;XD MINAS;14414226/14414731/14414373/14414372/14414227/14414228;8871805/8875502/8875399/8875458/8871063;SIM;NOTIFICAÇÃO ENVIADA VIA PLANILHA POR CONTA DA ALTA DEMANDA;CARTA ENVIADA;11/08/2026;NÃO LOCALIZADO;FINALIZADO;FINALIZADO;;;-;Sudeste;BACKLOG 22.06_23.07
16/07/2026;04/08/2026;260804-000132;EXTRAVIO ;VESSA (VILA VELHA);B15;VILA VELHA;ES;714823;SCB01;CAMILO;14429063;8919069;SIM;NOTIFICAÇÃO ENVIADA VIA PLANILHA POR CONTA DA ALTA DEMANDA;CARTA ENVIADA;11/08/2026;NÃO LOCALIZADO;FINALIZADO;FINALIZADO;;;-;Sudeste;BACKLOG 22.06_23.07
16/07/2026;04/08/2026;260804-000131;EXTRAVIO ;VESSA (VILA VELHA);B15;VILA VELHA;ES;714823;SCB01;CAMILO;14427206;8918513;SIM;NOTIFICAÇÃO ENVIADA VIA PLANILHA POR CONTA DA ALTA DEMANDA;CARTA ENVIADA;11/08/2026;NÃO LOCALIZADO;FINALIZADO;FINALIZADO;;;-;Sudeste;BACKLOG 22.06_23.07
05/08/2026;04/08/2026;260804-000059;EXTRAVIO ;GRAMARCA (VARZEA GRANDE);G22;VARZEA GRANDE;MT;722623;SCB01;CARVALIMA;14477872;9132885;SIM;NOTIFICAÇÃO ENVIADA VIA PLANILHA POR CONTA DA ALTA DEMANDA;CARTA ENVIADA;11/08/2026;NÃO LOCALIZADO;FINALIZADO;FINALIZADO;;;-;CO;BACKLOG 22.06_23.07
05/08/2026;04/08/2026;260804-000052;EXTRAVIO ;GRAMARCA (VARZEA GRANDE);G22;VARZEA GRANDE;MT;722623;SCB01;CARVALIMA;14477870;9132885;SIM;NOTIFICAÇÃO ENVIADA VIA PLANILHA POR CONTA DA ALTA DEMANDA;CARTA ENVIADA;11/08/2026;NÃO LOCALIZADO;FINALIZADO;FINALIZADO;;;-;CO;BACKLOG 22.06_23.07
05/08/2026;04/08/2026;260804-000049;EXTRAVIO ;GRAMARCA (VARZEA GRANDE);G22;VARZEA GRANDE;MT;722623;SCB01;CARVALIMA;14463054;9082053;SIM;NOTIFICAÇÃO ENVIADA VIA PLANILHA POR CONTA DA ALTA DEMANDA;CARTA ENVIADA;11/08/2026;NÃO LOCALIZADO;FINALIZADO;FINALIZADO;;;-;CO;BACKLOG 22.06_23.07
19/06/2026;04/08/2026;260804-000047;EXTRAVIO ;VESSA (VILA VELHA);B15;VILA VELHA;ES;710804;SCB01;CAMILO;14383766;8754711;SIM;NOTIFICAÇÃO ENVIADA VIA PLANILHA POR CONTA DA ALTA DEMANDA;CARTA ENVIADA;11/08/2026;NÃO LOCALIZADO;FINALIZADO;FINALIZADO;;;-;Sudeste;NORMAL
03/08/2026;04/08/2026;260804-000022;EXTRAVIO ;JORLAN (BARAO H. DE MELO);J66;BELO HORIZONTE;MG;722824;SCB01;XD MINAS;14518158;9281615/--/9281616;SIM;NOTIFICAÇÃO ENVIADA VIA PLANILHA POR CONTA DA ALTA DEMANDA;CARTA ENVIADA;11/08/2026;NÃO LOCALIZADO;FINALIZADO;FINALIZADO;;;-;Sudeste;NORMAL
03/08/2026;04/08/2026;260804-000021;EXTRAVIO ;JORLAN (BARAO H. DE MELO);J66;BELO HORIZONTE;MG;722824;SCB01;XD MINAS;14518218;9276789;SIM;NOTIFICAÇÃO ENVIADA VIA PLANILHA POR CONTA DA ALTA DEMANDA;CARTA ENVIADA;11/08/2026;NÃO LOCALIZADO;FINALIZADO;FINALIZADO;;;-;Sudeste;NORMAL
03/08/2026;04/08/2026;260804-000020;EXTRAVIO ;JORLAN (BARAO H. DE MELO);J66;BELO HORIZONTE;MG;722824;SCB01;XD MINAS;14518277;9276788;SIM;NOTIFICAÇÃO ENVIADA VIA PLANILHA POR CONTA DA ALTA DEMANDA;CARTA ENVIADA;11/08/2026;NÃO LOCALIZADO;FINALIZADO;FINALIZADO;;;-;Sudeste;NORMAL
03/08/2026;04/08/2026;260804-000019;EXTRAVIO ;JORLAN (BARAO H. DE MELO);J66;BELO HORIZONTE;MG;722824;SCB01;XD MINAS;14518204;9276787;SIM;NOTIFICAÇÃO ENVIADA VIA PLANILHA POR CONTA DA ALTA DEMANDA;CARTA ENVIADA;11/08/2026;NÃO LOCALIZADO;FINALIZADO;FINALIZADO;;;-;Sudeste;NORMAL
03/08/2026;04/08/2026;260804-000018;EXTRAVIO ;JORLAN (BARAO H. DE MELO);J66;BELO HORIZONTE;MG;722824;SCB01;XD MINAS;14518893;9276620;SIM;NOTIFICAÇÃO ENVIADA VIA PLANILHA POR CONTA DA ALTA DEMANDA;CARTA ENVIADA;11/08/2026;NÃO LOCALIZADO;FINALIZADO;FINALIZADO;;;-;Sudeste;NORMAL
05/08/2026;05/08/2026;260805-000477;EXTRAVIO ;ACCIOLY BARAO DE LIMEIRA;A50;BELO HORIZONTE;MG;724050;SCB01;XD MINAS;14532072;9334616;SIM;NOTIFICAÇÃO ENVIADA VIA PLANILHA POR CONTA DA ALTA DEMANDA;CARTA ENVIADA;12/08/2026;NÃO LOCALIZADO;FINALIZADO;FINALIZADO;;;-;Sudeste;NORMAL
05/08/2026;05/08/2026;260805-000476;EXTRAVIO ;ACCIOLY BARAO DE LIMEIRA;A50;BELO HORIZONTE;MG;723750;SCB01;XD MINAS;14526519/14530900/14524829/14526517;9304193/-/9307794/-/9307799/-/9308944/-/9327456/-/9327457/-/9327459/-/9327460/-/9327480;SIM;NOTIFICAÇÃO ENVIADA VIA PLANILHA POR CONTA DA ALTA DEMANDA;CARTA ENVIADA;12/08/2026;NÃO LOCALIZADO;FINALIZADO;FINALIZADO;;;-;Sudeste;NORMAL
05/08/2026;05/08/2026;260805-000475;EXTRAVIO ;ACCIOLY BARAO DE LIMEIRA;A50;BELO HORIZONTE;MG;723232;SCB01;XD MINAS;14519538;9284578;SIM;NOTIFICAÇÃO ENVIADA VIA PLANILHA POR CONTA DA ALTA DEMANDA;CARTA ENVIADA;12/08/2026;NÃO LOCALIZADO;FINALIZADO;FINALIZADO;;;-;Sudeste;NORMAL
03/08/2026;05/08/2026;260805-000474;EXTRAVIO ;ACCIOLY BARAO DE LIMEIRA;A50;BELO HORIZONTE;MG;722682;SCB01;XD MINAS;14518160/14517074;9276281/-/9276565;SIM;NOTIFICAÇÃO ENVIADA VIA PLANILHA POR CONTA DA ALTA DEMANDA;CARTA ENVIADA;12/08/2026;NÃO LOCALIZADO;FINALIZADO;FINALIZADO;;;-;Sudeste;NORMAL
30/07/2026;05/08/2026;260805-000473;EXTRAVIO ;ACCIOLY BARAO DE LIMEIRA;A50;BELO HORIZONTE;MG;722066;SCB01;XD MINAS;14511159;9247083;SIM;NOTIFICAÇÃO ENVIADA VIA PLANILHA POR CONTA DA ALTA DEMANDA;CARTA ENVIADA;12/08/2026;NÃO LOCALIZADO;FINALIZADO;FINALIZADO;;;-;Sudeste;BACKLOG 22.06_23.07
30/07/2026;05/08/2026;260805-000470;EXTRAVIO ;ACCIOLY BARAO DE LIMEIRA;A50;BELO HORIZONTE;MG;721805;SCB01;XD MINAS;14507928/14507405;9231983/-/9231515;SIM;NOTIFICAÇÃO ENVIADA VIA PLANILHA POR CONTA DA ALTA DEMANDA;CARTA ENVIADA;12/08/2026;NÃO LOCALIZADO;FINALIZADO;FINALIZADO;;;-;Sudeste;BACKLOG 22.06_23.07
05/08/2026;05/08/2026;260805-000464;EXTRAVIO ;SABENAUTO (DPEC MANAUS);W93;MANAUS;AM;721647;SCB01;CARVALIMA;14487122/14487126;9161228/0009161212;SIM;NOTIFICAÇÃO ENVIADA VIA PLANILHA POR CONTA DA ALTA DEMANDA;CARTA ENVIADA;12/08/2026;NÃO LOCALIZADO;FINALIZADO;FINALIZADO;;;-;Norte;BACKLOG 22.06_23.07
05/08/2026;05/08/2026;260805-000421;EXTRAVIO ;SULPAVE;S54;REGISTRO;SP;722842;SCB01;XD DIADEMA;14519194;9279542;SIM;NOTIFICAÇÃO ENVIADA VIA PLANILHA POR CONTA DA ALTA DEMANDA;CARTA ENVIADA;12/08/2026;NÃO LOCALIZADO;FINALIZADO;FINALIZADO;;;-;Sudeste;NORMAL
;05/08/2026;260805-000413;EXTRAVIO ;NOVA (RIBEIRAO PRETO);N17;RIBEIRAO PRETO;SP;Sem embarque;SCB01;OPERAÇÃO SOR;1442990;8653264/8653265/87009691;SIM;NOTIFICAÇÃO ENVIADA VIA PLANILHA POR CONTA DA ALTA DEMANDA;CARTA ENVIADA;12/08/2026;NÃO LOCALIZADO;FINALIZADO;FINALIZADO;;;-;Sudeste;NORMAL
17/07/2026;05/08/2026;260805-000405;EXTRAVIO ;NOVA (RIBEIRAO PRETO);N17;RIBEIRAO PRETO;SP;715375;SCB01;ALFA;14437314;8653264/8653265/87009691;SIM;NOTIFICAÇÃO ENVIADA VIA PLANILHA POR CONTA DA ALTA DEMANDA;CARTA ENVIADA;12/08/2026;NÃO LOCALIZADO;FINALIZADO;FINALIZADO;;;-;Sudeste;BACKLOG 22.06_23.07
29/07/2026;05/08/2026;260805-000396;EXTRAVIO ;LIDER BH (ANDRADAS);L99;BELO HORIZONTE;MG;721097;SCB01;XD MINAS;14501089;9164918;SIM;NOTIFICAÇÃO ENVIADA VIA PLANILHA POR CONTA DA ALTA DEMANDA;FINALIZADO COMO RESOLVIDO;12/08/2026;LOCALIZADO;FINALIZADO;FINALIZADO;;;-;Sudeste;BACKLOG 22.06_23.07
27/07/2026;05/08/2026;260805-000394;EXTRAVIO ;LIDER BH (ANDRADAS);L99;BELO HORIZONTE;MG;720798;SCB01;XD MINAS;14495976;9190785;SIM;NOTIFICAÇÃO ENVIADA VIA PLANILHA POR CONTA DA ALTA DEMANDA;FINALIZADO COMO RESOLVIDO;12/08/2026;LOCALIZADO;FINALIZADO;FINALIZADO;;;-;Sudeste;BACKLOG 22.06_23.07
03/08/2026;05/08/2026;260805-000392;EXTRAVIO ;ARTVEL (POUSO ALEGRE);P63;POUSO ALEGRE;MG;715306;SCB01;XD MINAS;14436651/14436483;Aguardando retorno da concessionaria;SIM;NOTIFICAÇÃO ENVIADA VIA PLANILHA POR CONTA DA ALTA DEMANDA;Aguardando retorno;12/08/2026;EM ANDAMENTO;PENDENTE;FORA DO PRAZO;;;21 - 25 Dias;Sudeste;BACKLOG 22.06_23.07
03/08/2026;05/08/2026;260805-000367;EXTRAVIO ;ARTVEL (POUSO ALEGRE);P63;POUSO ALEGRE;MG;714418;SCB01;XD MINAS;14429533;Aguardando retorno da concessionaria;SIM;NOTIFICAÇÃO ENVIADA VIA PLANILHA POR CONTA DA ALTA DEMANDA;Aguardando retorno;12/08/2026;EM ANDAMENTO;PENDENTE;FORA DO PRAZO;;;21 - 25 Dias;Sudeste;BACKLOG 22.06_23.07
;05/08/2026;260805-000346;EXTRAVIO ;NOVA (RIBEIRAO PRETO);N17;RIBEIRAO PRETO;SP;Sem embarque;SCB01;OPERAÇÃO SOR;14430908;8943074;SIM;NOTIFICAÇÃO ENVIADA VIA PLANILHA POR CONTA DA ALTA DEMANDA;CARTA ENVIADA;12/08/2026;NÃO LOCALIZADO;FINALIZADO;FINALIZADO;;;-;Sudeste;NORMAL
16/07/2026;05/08/2026;260805-000331;EXTRAVIO ;NOVA (RIBEIRAO PRETO);N17;RIBEIRAO PRETO;SP;716042;SCB01;ALFA;14426889;8925087;SIM;NOTIFICAÇÃO ENVIADA VIA PLANILHA POR CONTA DA ALTA DEMANDA;CARTA ENVIADA;12/08/2026;NÃO LOCALIZADO;FINALIZADO;FINALIZADO;;;-;Sudeste;BACKLOG 22.06_23.07
03/08/2026;05/08/2026;260805-000315;EXTRAVIO ;ARTVEL (POUSO ALEGRE);P63;POUSO ALEGRE;MG;714958;SCB01;XD MINAS;14424105/14428299/1442830/14428286/14429674/14429677/14429678;Aguardando retorno da concessionaria;SIM;NOTIFICAÇÃO ENVIADA VIA PLANILHA POR CONTA DA ALTA DEMANDA;Aguardando retorno;12/08/2026;EM ANDAMENTO;PENDENTE;FORA DO PRAZO;;;21 - 25 Dias;Sudeste;BACKLOG 22.06_23.07
16/07/2026;05/08/2026;260805-000304;EXTRAVIO ;NOVA (RIBEIRAO PRETO);N17;RIBEIRAO PRETO;SP;714994;SCB01;XD DIADEMA;14432145;8942416/8942423;SIM;NOTIFICAÇÃO ENVIADA VIA PLANILHA POR CONTA DA ALTA DEMANDA;CARTA ENVIADA;12/08/2026;NÃO LOCALIZADO;FINALIZADO;FINALIZADO;;;-;Sudeste;BACKLOG 22.06_23.07
05/08/2026;05/08/2026;260805-000301;EXTRAVIO ;NOVA (BELEM) - PECAS;N43;SAO PAULO;SP;721030;SCB01;XD DIADEMA;14467145;9076994;SIM;NOTIFICAÇÃO ENVIADA VIA PLANILHA POR CONTA DA ALTA DEMANDA;CARTA ENVIADA;12/08/2026;NÃO LOCALIZADO;FINALIZADO;FINALIZADO;;;-;Sudeste;BACKLOG 22.06_23.07
16/07/2026;05/08/2026;260805-000297;EXTRAVIO ;NOVA (RIBEIRAO PRETO);N17;RIBEIRAO PRETO;SP;714994;SCB01;XD DIADEMA;14432208;8942743;SIM;NOTIFICAÇÃO ENVIADA VIA PLANILHA POR CONTA DA ALTA DEMANDA;CARTA ENVIADA;12/08/2026;NÃO LOCALIZADO;FINALIZADO;FINALIZADO;;;-;Sudeste;BACKLOG 22.06_23.07
05/08/2026;05/08/2026;260805-000294;EXTRAVIO ;NOVA (BELEM) - PECAS;N43;SAO PAULO;SP;721030;SCB01;XD DIADEMA;14487001;9118581;SIM;NOTIFICAÇÃO ENVIADA VIA PLANILHA POR CONTA DA ALTA DEMANDA;CARTA ENVIADA;12/08/2026;NÃO LOCALIZADO;FINALIZADO;FINALIZADO;;;-;Sudeste;BACKLOG 22.06_23.07
03/08/2026;05/08/2026;260805-000262;EXTRAVIO ;GUIAUTO (IPATINGA);D03;ITABIRA;MG;717100;SCB01;XD MINAS;14446682;90280062;SIM;NOTIFICAÇÃO ENVIADA VIA PLANILHA POR CONTA DA ALTA DEMANDA;CARTA ENVIADA;12/08/2026;NÃO LOCALIZADO;FINALIZADO;FINALIZADO;;;-;Sudeste;BACKLOG 22.06_23.07
03/08/2026;05/08/2026;260805-000260;EXTRAVIO ;GUIAUTO (IPATINGA);D03;ITABIRA;MG;719876;SCB01;XD MINAS;14419194;8892626;SIM;NOTIFICAÇÃO ENVIADA VIA PLANILHA POR CONTA DA ALTA DEMANDA;CARTA ENVIADA;12/08/2026;NÃO LOCALIZADO;FINALIZADO;FINALIZADO;;;-;Sudeste;BACKLOG 22.06_23.07
03/08/2026;05/08/2026;260805-000256;EXTRAVIO ;GUIAUTO (IPATINGA);D03;ITABIRA;MG;714003;SCB01;XD MINAS;14418148/14422994/NF1442299/14423085/14423510;8890370/8901917/8902276/;SIM;NOTIFICAÇÃO ENVIADA VIA PLANILHA POR CONTA DA ALTA DEMANDA;CARTA ENVIADA;12/08/2026;NÃO LOCALIZADO;FINALIZADO;FINALIZADO;;;-;Sudeste;BACKLOG 22.06_23.07
16/07/2026;05/08/2026;260805-000252;EXTRAVIO ;VIGORITO (ABC);E92;SAO PAULO;SP;718726;SCB01;XD DIADEMA;14468310;9091152;SIM;NOTIFICAÇÃO ENVIADA VIA PLANILHA POR CONTA DA ALTA DEMANDA;CARTA ENVIADA;12/08/2026;NÃO LOCALIZADO;FINALIZADO;FINALIZADO;;;-;Sudeste;BACKLOG 22.06_23.07
20/07/2026;05/08/2026;260805-000250;EXTRAVIO ;VIGORITO (ABC);E92;SAO PAULO;SP;719622;SCB01;XD DIADEMA;14482410;87008338;SIM;NOTIFICAÇÃO ENVIADA VIA PLANILHA POR CONTA DA ALTA DEMANDA;CARTA ENVIADA;12/08/2026;NÃO LOCALIZADO;FINALIZADO;FINALIZADO;;;-;Sudeste;BACKLOG 22.06_23.07
05/08/2026;05/08/2026;260805-000226;EXTRAVIO ;ACCIOLY BARAO DE LIMEIRA;A50;RIO DE JANEIRO;RJ;724019;SCB01;CAMILO;14531168;9325563/-/9325564;SIM;NOTIFICAÇÃO ENVIADA VIA PLANILHA POR CONTA DA ALTA DEMANDA;CARTA ENVIADA;12/08/2026;NÃO LOCALIZADO;FINALIZADO;FINALIZADO;;;-;Sudeste;NORMAL
04/08/2026;05/08/2026;260805-000215;EXTRAVIO ;GRAMARCA (MIGUEL SUTIL);G21;CUIABA;MT;723687;SCB01;XD DIADEMA;14528793;0009323380/.0009323381/.0009323389;SIM;NOTIFICAÇÃO ENVIADA VIA PLANILHA POR CONTA DA ALTA DEMANDA;CARTA ENVIADA;12/08/2026;NÃO LOCALIZADO;FINALIZADO;FINALIZADO;;;-;CO;NORMAL
23/07/2026;05/08/2026;260805-000184;EXTRAVIO ;CAPRICHO (SAO JOSE DOS CAMPOS);C71;CACAPAVA;SP;719300;SCB01;XD DIADEMA;14476294;9123064;SIM;NOTIFICAÇÃO ENVIADA VIA PLANILHA POR CONTA DA ALTA DEMANDA;CARTA ENVIADA;12/08/2026;NÃO LOCALIZADO;FINALIZADO;FINALIZADO;;;-;Sudeste;BACKLOG 22.06_23.07
16/07/2026;05/08/2026;260805-000176;EXTRAVIO ;CAPRICHO (SAO JOSE DOS CAMPOS);C71;CACAPAVA;SP;717530;SCB01;XD DIADEMA;14454913;9052075;SIM;NOTIFICAÇÃO ENVIADA VIA PLANILHA POR CONTA DA ALTA DEMANDA;CARTA ENVIADA;12/08/2026;NÃO LOCALIZADO;FINALIZADO;FINALIZADO;;;-;Sudeste;BACKLOG 22.06_23.07
06/07/2026;05/08/2026;260805-000106;EXTRAVIO ;VIGORITO (ABC);E92;SAO PAULO;SP;716884;SCB01;XD DIADEMA;14446577/14446857/14446089/14446863/;9024240/-/9024115/-/9024152/-/9023604;SIM;NOTIFICAÇÃO ENVIADA VIA PLANILHA POR CONTA DA ALTA DEMANDA;CARTA ENVIADA;12/08/2026;NÃO LOCALIZADO;FINALIZADO;FINALIZADO;;;-;Sudeste;BACKLOG 22.06_23.07
20/07/2026;05/08/2026;260805-000104;EXTRAVIO ;VIGORITO (ABC);E92;SAO PAULO;SP;719867;SCB01;XD DIADEMA;14486175/14483491;87003877/9123149/9123151/9123152/9123153/9123154/9123155.;SIM;NOTIFICAÇÃO ENVIADA VIA PLANILHA POR CONTA DA ALTA DEMANDA;CARTA ENVIADA;12/08/2026;NÃO LOCALIZADO;FINALIZADO;FINALIZADO;;;-;Sudeste;BACKLOG 22.06_23.07
17/07/2026;05/08/2026;260805-000100;EXTRAVIO ;VIGORITO (ABC);E92;SAO PAULO;SP;718725;SCB01;XD DIADEMA;14462046/14467479/14468736/14471346/14466957/14468735/14468739/14468740;9082038/9082040/9090688/9090703/9090704/9091196/9107899/9095270/9091196/9090855./;SIM;NOTIFICAÇÃO ENVIADA VIA PLANILHA POR CONTA DA ALTA DEMANDA;CARTA ENVIADA;12/08/2026;NÃO LOCALIZADO;FINALIZADO;FINALIZADO;;;-;Sudeste;BACKLOG 22.06_23.07
03/07/2026;05/08/2026;260805-000095;EXTRAVIO ;VIGORITO (ABC);E92;SAO PAULO;SP;716460;SCB01;XD DIADEMA;14443961;8730516;SIM;NOTIFICAÇÃO ENVIADA VIA PLANILHA POR CONTA DA ALTA DEMANDA;CARTA ENVIADA;12/08/2026;NÃO LOCALIZADO;FINALIZADO;FINALIZADO;;;-;Sudeste;BACKLOG 22.06_23.07
21/07/2026;05/08/2026;260805-000089;EXTRAVIO ;VIGORITO (ABC);E92;SAO PAULO;SP;719700;SCB01;XD DIADEMA;14476162;9091178;SIM;NOTIFICAÇÃO ENVIADA VIA PLANILHA POR CONTA DA ALTA DEMANDA;CARTA ENVIADA;12/08/2026;NÃO LOCALIZADO;FINALIZADO;FINALIZADO;;;-;Sudeste;BACKLOG 22.06_23.07
20/07/2026;05/08/2026;260805-000086;EXTRAVIO ;VIGORITO (ABC);E92;SAO PAULO;SP;719621;SCB01;XD DIADEMA;14483194/14481282/14483632;9151049/9151050/9151051/9151052/9151056/9151057/9151058/9151059/9151060/9151061/9151062/9151064/9151065/9151066/9151067/9151068/9151069/9151070/9151071/9151072/9151073/9151074/9151075/9151076/9151077/9151078.;SIM;NOTIFICAÇÃO ENVIADA VIA PLANILHA POR CONTA DA ALTA DEMANDA;CARTA ENVIADA;12/08/2026;NÃO LOCALIZADO;FINALIZADO;FINALIZADO;;;-;Sudeste;BACKLOG 22.06_23.07
;05/08/2026;260805-000085;EXTRAVIO ;CELMAR (ITANHAEM);C90;ITANHAEM;SP;Sem embarque;SCB01;OPERAÇÃO SOR;14422095;25206845;SIM;NOTIFICAÇÃO ENVIADA VIA PLANILHA POR CONTA DA ALTA DEMANDA;CARTA ENVIADA;12/08/2026;NÃO LOCALIZADO;FINALIZADO;FINALIZADO;;;-;Sudeste;NORMAL
15/07/2026;05/08/2026;260805-000073;EXTRAVIO ;VIGORITO (ABC);E92;SAO PAULO;SP;718003;SCB01;XD DIADEMA;14463506/14460270/14463505/14459491/14460860/;9053201/-/9077293/-/9064248/-/9077293/-/9064163/80298956/;SIM;NOTIFICAÇÃO ENVIADA VIA PLANILHA POR CONTA DA ALTA DEMANDA;CARTA ENVIADA;12/08/2026;NÃO LOCALIZADO;FINALIZADO;FINALIZADO;;;-;Sudeste;BACKLOG 22.06_23.07
03/07/2026;05/08/2026;260805-000064;EXTRAVIO ;VIGORITO (ABC);E92;SAO PAULO;SP;716743;SCB01;XD DIADEMA;14446140/14445866/1444008;9024156/9023792/9023793/9023794/9023795/9023796/9023797/9023798/9023812/9023813/9023814/9023815/9023816/9023817/9023818/9024166/9024179/9024180/9024181.;SIM;NOTIFICAÇÃO ENVIADA VIA PLANILHA POR CONTA DA ALTA DEMANDA;CARTA ENVIADA;12/08/2026;NÃO LOCALIZADO;FINALIZADO;FINALIZADO;;;-;Sudeste;BACKLOG 22.06_23.07
30/06/2026;05/08/2026;260805-000054;EXTRAVIO ;VIGORITO (ABC);E92;SAO PAULO;SP;714753;SCB01;XD DIADEMA;14428992/14429065/14429253;8922095/8922100/8922102/8922545/8920585/8920586/8922416/8922419.;SIM;NOTIFICAÇÃO ENVIADA VIA PLANILHA POR CONTA DA ALTA DEMANDA;CARTA ENVIADA;12/08/2026;NÃO LOCALIZADO;FINALIZADO;FINALIZADO;;;-;Sudeste;BACKLOG 22.06_23.07
24/07/2026;05/08/2026;260805-000048;EXTRAVIO ;RR;R08;BELEM;PA;719065;SCB01;CARVALIMA;14474755;9073680;SIM;NOTIFICAÇÃO ENVIADA VIA PLANILHA POR CONTA DA ALTA DEMANDA;CARTA ENVIADA;12/08/2026;NÃO LOCALIZADO;FINALIZADO;FINALIZADO;;;-;Norte;BACKLOG 22.06_23.07
30/06/2026;05/08/2026;260805-000044;EXTRAVIO ;VIGORITO (ABC);E92;SAO PAULO;SP;714445;SCB01;XD DIADEMA;14427340/1449655/14428179/14429129/;8922049/8922050/8920317/8922371/8922521;SIM;NOTIFICAÇÃO ENVIADA VIA PLANILHA POR CONTA DA ALTA DEMANDA;CARTA ENVIADA;12/08/2026;NÃO LOCALIZADO;FINALIZADO;FINALIZADO;;;-;Sudeste;BACKLOG 22.06_23.07
04/08/2026;05/08/2026;260805-000032;EXTRAVIO ;SPASSUS;S66;JUNDIAI;SP;722841;SCB01;XD DIADEMA;14518459;9281982;SIM;NOTIFICAÇÃO ENVIADA VIA PLANILHA POR CONTA DA ALTA DEMANDA;CARTA ENVIADA;12/08/2026;NÃO LOCALIZADO;FINALIZADO;FINALIZADO;;;-;Sudeste;NORMAL
04/08/2026;05/08/2026;260805-000028;EXTRAVIO ;SPASSUS;S66;JUNDIAI;SP;723406;SCB01;XD DIADEMA;14487915;9164350;SIM;NOTIFICAÇÃO ENVIADA VIA PLANILHA POR CONTA DA ALTA DEMANDA;CARTA ENVIADA;12/08/2026;NÃO LOCALIZADO;FINALIZADO;FINALIZADO;;;-;Sudeste;BACKLOG 22.06_23.07
05/08/2026;05/08/2026;260805-000018;EXTRAVIO ;JAVEP (JAU);C14;ARACATUBA;SP;722548;SCB01;ALFA;14502572;/9221350/-/9132883;SIM;NOTIFICAÇÃO ENVIADA VIA PLANILHA POR CONTA DA ALTA DEMANDA;CARTA ENVIADA;12/08/2026;NÃO LOCALIZADO;FINALIZADO;FINALIZADO;;;-;Sudeste;BACKLOG 22.06_23.07
24/07/2026;05/08/2026;260805-000015;EXTRAVIO ;GRACIANO;A32;IBITINGA;SP;720622;SCB01;ALFA;14458272;9067878;SIM;NOTIFICAÇÃO ENVIADA VIA PLANILHA POR CONTA DA ALTA DEMANDA;CARTA ENVIADA;12/08/2026;NÃO LOCALIZADO;FINALIZADO;FINALIZADO;;;-;Sudeste;BACKLOG 22.06_23.07
05/08/2026;06/08/2026;260806-000340;EXTRAVIO ;VIGORITO (ABC);E92;SAO PAULO;SP;722241;SCB01;XD DIADEMA;14512342;9255900;SIM;NOTIFICAÇÃO ENVIADA VIA PLANILHA POR CONTA DA ALTA DEMANDA;FINALIZADO COMO RESOLVIDO;13/08/2026;LOCALIZADO;FINALIZADO;FINALIZADO;;;-;Sudeste;NORMAL
16/07/2026;06/08/2026;260806-000324;EXTRAVIO ;NOVA (RIBEIRAO PRETO);N17;RIBEIRAO PRETO;SP;713809;SCB01;XD DIADEMA;14422423;8898906/8898909/8898910/8898911/8898912/8899026;SIM;NOTIFICAÇÃO ENVIADA VIA PLANILHA POR CONTA DA ALTA DEMANDA;CARTA ENVIADA;13/08/2026;NÃO LOCALIZADO;FINALIZADO;FINALIZADO;;;-;Sudeste;BACKLOG 22.06_23.07
29/07/2026;06/08/2026;260806-000323;EXTRAVIO ;TUDO (GOIANIA);S16;GOIANIA;GO;720484;SCB01;XD DIADEMA;14493448;9186706/9187865;SIM;NOTIFICAÇÃO ENVIADA VIA PLANILHA POR CONTA DA ALTA DEMANDA;CARTA ENVIADA;13/08/2026;NÃO LOCALIZADO;FINALIZADO;FINALIZADO;;;-;CO;BACKLOG 22.06_23.07
27/07/2026;06/08/2026;260806-000318;EXTRAVIO ;TUDO (GOIANIA);S16;GOIANIA;GO;720728;SCB01;XD DIADEMA;14494548;9186991/9187272;SIM;NOTIFICAÇÃO ENVIADA VIA PLANILHA POR CONTA DA ALTA DEMANDA;CARTA ENVIADA;13/08/2026;NÃO LOCALIZADO;FINALIZADO;FINALIZADO;;;-;CO;BACKLOG 22.06_23.07
10/08/2026;06/08/2026;260806-000315;EXTRAVIO ;PERKAL (CAMPO GRANDE);P04;CAMPO GRANDE;MS;723699;SCB01;XD DIADEMA;14529282;9323814;SIM;NOTIFICAÇÃO ENVIADA VIA PLANILHA POR CONTA DA ALTA DEMANDA;CARTA ENVIADA;13/08/2026;NÃO LOCALIZADO;FINALIZADO;FINALIZADO;;;-;CO;NORMAL
05/08/2026;06/08/2026;260806-000314;EXTRAVIO ;VIGORITO (ABC);E92;SAO PAULO;SP;722241;SCB01;XD DIADEMA;14512331;9255235;SIM;NOTIFICAÇÃO ENVIADA VIA PLANILHA POR CONTA DA ALTA DEMANDA;FINALIZADO COMO RESOLVIDO;13/08/2026;LOCALIZADO;FINALIZADO;FINALIZADO;;;-;Sudeste;NORMAL
10/08/2026;06/08/2026;260806-000313;EXTRAVIO ;PERKAL (CAMPO GRANDE);P04;CAMPO GRANDE;MS;723699;SCB01;XD DIADEMA;14522835/14527967;0009295918/0009295919/0009314668/;SIM;NOTIFICAÇÃO ENVIADA VIA PLANILHA POR CONTA DA ALTA DEMANDA;CARTA ENVIADA;13/08/2026;NÃO LOCALIZADO;FINALIZADO;FINALIZADO;;;-;CO;NORMAL
28/07/2026;06/08/2026;260806-000307;EXTRAVIO ;TUDO (GOIANIA);S16;GOIANIA;GO;721680;SCB01;XD DIADEMA;14499450;9210376;SIM;NOTIFICAÇÃO ENVIADA VIA PLANILHA POR CONTA DA ALTA DEMANDA;CARTA ENVIADA;13/08/2026;NÃO LOCALIZADO;FINALIZADO;FINALIZADO;;;-;CO;BACKLOG 22.06_23.07
20/07/2026;06/08/2026;260806-000299;EXTRAVIO ;LUCHINI;L30;JUNDIAI;SP;718494;SCB01;XD DIADEMA;14468094;9091858;SIM;NOTIFICAÇÃO ENVIADA VIA PLANILHA POR CONTA DA ALTA DEMANDA;CARTA ENVIADA;13/08/2026;NÃO LOCALIZADO;FINALIZADO;FINALIZADO;;;-;Sudeste;BACKLOG 22.06_23.07
28/07/2026;06/08/2026;260806-000297;EXTRAVIO ;TUDO (GOIANIA);S16;GOIANIA;GO;720204;SCB01;XD DIADEMA;14480666 / 14480948 / 14480933 /  14480943 /14480963 / 14477535 /14479697 / 14478116 / 14475736 /14480594/14480665 / 14477798;9140997.9141011/9141012/9141013/9141014/9141124/9141010/9033274/9086741/9127419/9127440/9133058/9140840.9140841/9140842/9140843/9140844/9140845/9140846/9140847/91408.9140849/9140850/9140852/9140881/9140882/9140883/9140884/9140943/9140961/9140962/9140992/9140993/9140994/9140995/9140996/9140853/9140854/9140855.9140856/9140857/9140858/9140859/9140860/9140861/9140862/9140863/9140864/9140865/9140866/9140867/9140868/9140869/9140870/9140871/9140872/9140873/9140874/9140875/9140876/9140877/9140878/9140879/9140880;SIM;NOTIFICAÇÃO ENVIADA VIA PLANILHA POR CONTA DA ALTA DEMANDA;CARTA ENVIADA;13/08/2026;NÃO LOCALIZADO;FINALIZADO;FINALIZADO;;;-;CO;BACKLOG 22.06_23.07
04/08/2026;06/08/2026;260806-000281;EXTRAVIO ;MCV (GV);C58;GOVERNADOR VALADARES;MG;714476;SCB01;XD MINAS;14422391/14473152/14468459/14469679/14509157/14491494/-14422391/14428931/14427954/14428932/14479029/14479031/14479032/14479170/14479171/14478923/14451086/14479329/14468459/14469679;9115108/-9090665/-/9104215/-/9241811/-/9169686/-/9129198/-/9129238/-/87008066/-/9037688/-/9129147/-/9090665/-/9104215;SIM;NOTIFICAÇÃO ENVIADA VIA PLANILHA POR CONTA DA ALTA DEMANDA;CARTA ENVIADA;13/08/2026;NÃO LOCALIZADO;FINALIZADO;FINALIZADO;;;-;Sudeste;BACKLOG 22.06_23.07
01/07/2026;06/08/2026;260806-000278;EXTRAVIO ;NOVA (RIBEIRAO PRETO);N17;GOIANIA;GO;714138;SCB01;XD DIADEMA;14422245;8663196/866197/8663198/8677374/8677375/8677376/8677405/8677406;SIM;NOTIFICAÇÃO ENVIADA VIA PLANILHA POR CONTA DA ALTA DEMANDA;CARTA ENVIADA;13/08/2026;NÃO LOCALIZADO;FINALIZADO;FINALIZADO;;;-;CO;BACKLOG 22.06_23.07
16/06/2026;06/08/2026;260806-000273;EXTRAVIO ;PRIMARCA (ENPV BARALDI);P71;SAO CAETANO DO SUL;SP;710601;SCB01;XD DIADEMA;14382863;TOTAL;SIM;NOTIFICAÇÃO ENVIADA VIA PLANILHA POR CONTA DA ALTA DEMANDA;FINALIZADO COMO RESOLVIDO;13/08/2026;LOCALIZADO;FINALIZADO;FINALIZADO;;;-;Sudeste;NORMAL
15/07/2026;06/08/2026;260806-000271;EXTRAVIO ;TUDO (GOIANIA);S16;GOIANIA;GO;715049;SCB01;XD DIADEMA;14434756;8955169;SIM;NOTIFICAÇÃO ENVIADA VIA PLANILHA POR CONTA DA ALTA DEMANDA;CARTA ENVIADA;13/08/2026;NÃO LOCALIZADO;FINALIZADO;FINALIZADO;;;-;CO;BACKLOG 22.06_23.07
30/07/2026;06/08/2026;260806-000262;EXTRAVIO ;MAPI (LAVRAS);C59;LAVRAS;MG;714434;SCB01;CAMILO;14428939;8921863;SIM;NOTIFICAÇÃO ENVIADA VIA PLANILHA POR CONTA DA ALTA DEMANDA;CARTA ENVIADA;13/08/2026;NÃO LOCALIZADO;FINALIZADO;FINALIZADO;;;-;Sudeste;BACKLOG 22.06_23.07
15/07/2026;06/08/2026;260806-000257;EXTRAVIO ;PRIMARCA (ENPV BARALDI);P71;SAO CAETANO DO SUL;SP;716048;SCB01;XD DIADEMA;14440748;8990730;SIM;NOTIFICAÇÃO ENVIADA VIA PLANILHA POR CONTA DA ALTA DEMANDA;CARTA ENVIADA;13/08/2026;NÃO LOCALIZADO;FINALIZADO;FINALIZADO;;;-;Sudeste;BACKLOG 22.06_23.07
13/08/2026;06/08/2026;260806-000250;EXTRAVIO ;CICAL (RIBEIRAO PRETO);D96;RIBEIRAO PRETO;SP;716098;SCB01;ALFA;14436429;8982927;SIM;NOTIFICAÇÃO ENVIADA VIA PLANILHA POR CONTA DA ALTA DEMANDA;CARTA ENVIADA;13/08/2026;NÃO LOCALIZADO;FINALIZADO;FINALIZADO;;;-;Sudeste;BACKLOG 22.06_23.07
16/07/2026;06/08/2026;260806-000245;EXTRAVIO ;NOVA (RIBEIRAO PRETO);N17;RIBEIRAO PRETO;SP;713809;SCB01;XD DIADEMA;14422473;8942416;SIM;NOTIFICAÇÃO ENVIADA VIA PLANILHA POR CONTA DA ALTA DEMANDA;CARTA ENVIADA;13/08/2026;NÃO LOCALIZADO;FINALIZADO;FINALIZADO;;;-;Sudeste;BACKLOG 22.06_23.07
31/07/2026;06/08/2026;260806-000226;EXTRAVIO ;AUTOCLA;I26;ITUIUTABA;MG;714419;SCB01;CAMILO;14428703/14427631/14427949;8920182/8921043;SIM;NOTIFICAÇÃO ENVIADA VIA PLANILHA POR CONTA DA ALTA DEMANDA;CARTA ENVIADA;13/08/2026;NÃO LOCALIZADO;FINALIZADO;FINALIZADO;;;-;Sudeste;BACKLOG 22.06_23.07
31/07/2026;06/08/2026;260806-000223;EXTRAVIO ;AUTOCLA;I26;ITUIUTABA;MG;720756;SCB01;CAMILO;14495668;9190986;SIM;NOTIFICAÇÃO ENVIADA VIA PLANILHA POR CONTA DA ALTA DEMANDA;CARTA ENVIADA;13/08/2026;NÃO LOCALIZADO;FINALIZADO;FINALIZADO;;;-;Sudeste;BACKLOG 22.06_23.07
15/07/2026;06/08/2026;260806-000217;EXTRAVIO ;TUDO (GOIANIA);S16;GOIANIA;GO;718557;SCB01;XD DIADEMA;14469850 / 14470340/14469851/14470333;9102751/9102754/9102755/9102758/9102763/9102764/9102768/9102769/9102770/9102771/9102772/9102773/9102774/9102737/9102765/9102766/9102767/9102729/9102730/9102731/9102732/9102733/9102734/9102735/9102736/9102738/9102739/9102740/9102741/9102742/9102743/9102744/9102745/9102746/9102747/9102748/9102749;SIM;NOTIFICAÇÃO ENVIADA VIA PLANILHA POR CONTA DA ALTA DEMANDA;CARTA ENVIADA;13/08/2026;NÃO LOCALIZADO;FINALIZADO;FINALIZADO;;;-;CO;BACKLOG 22.06_23.07
25/06/2026;06/08/2026;260806-000210;EXTRAVIO ;NOVA (RIBEIRAO PRETO);N17;SAO PAULO;SP;713207;SCB01;XD DIADEMA;14413403;8869672;SIM;NOTIFICAÇÃO ENVIADA VIA PLANILHA POR CONTA DA ALTA DEMANDA;CARTA ENVIADA;13/08/2026;NÃO LOCALIZADO;FINALIZADO;FINALIZADO;;;-;Sudeste;BACKLOG 22.06_23.07
06/08/2026;06/08/2026;260806-000205;EXTRAVIO ;LIDER (RECREIO);L45;RIO DE JANEIRO;RJ;724274;SCB01;CAMILO;14534547;9344859;SIM;NOTIFICAÇÃO ENVIADA VIA PLANILHA POR CONTA DA ALTA DEMANDA;CARTA ENVIADA;13/08/2026;NÃO LOCALIZADO;FINALIZADO;FINALIZADO;;;-;Sudeste;NORMAL
16/07/2026;06/08/2026;260806-000202;EXTRAVIO ;NOVA (RIBEIRAO PRETO);N17;RIBEIRAO PRETO;SP;713809;SCB01;XD DIADEMA;14410410;8855610/8942423;SIM;NOTIFICAÇÃO ENVIADA VIA PLANILHA POR CONTA DA ALTA DEMANDA;CARTA ENVIADA;13/08/2026;NÃO LOCALIZADO;FINALIZADO;FINALIZADO;;;-;Sudeste;BACKLOG 22.06_23.07
16/07/2026;06/08/2026;260806-000197;EXTRAVIO ;NOVA (RIBEIRAO PRETO);N17;RIBEIRAO PRETO;SP;713809;SCB01;XD DIADEMA;14413392;8869672;SIM;NOTIFICAÇÃO ENVIADA VIA PLANILHA POR CONTA DA ALTA DEMANDA;CARTA ENVIADA;13/08/2026;NÃO LOCALIZADO;FINALIZADO;FINALIZADO;;;-;Sudeste;BACKLOG 22.06_23.07
05/08/2026;06/08/2026;260806-000187;EXTRAVIO ;GMAIS (BARRA DA TIJUCA);G40;RIO DE JANEIRO;RJ;720779;SCB01;XD DIADEMA;/14495983/14495676/14497003/14497651/14496062/14496222/14496686/14497637/;/9190781/9190782/9190960/9191598/9191599/9191600/9191601/9191602/9191700/9191715/9191716/9198656/9198738/9199073/9201740/9201747;SIM;NOTIFICAÇÃO ENVIADA VIA PLANILHA POR CONTA DA ALTA DEMANDA;CARTA ENVIADA;13/08/2026;NÃO LOCALIZADO;FINALIZADO;FINALIZADO;;;-;Sudeste;BACKLOG 22.06_23.07
27/07/2026;06/08/2026;260806-000184;EXTRAVIO ;NOVA (SANTO AMARO);N09;SAO PAULO;SP;722132;SCB01;XD DIADEMA;14451360;/0009036741/0009036742/0009036743/0009036744/0009036757/;SIM;NOTIFICAÇÃO ENVIADA VIA PLANILHA POR CONTA DA ALTA DEMANDA;CARTA ENVIADA;13/08/2026;NÃO LOCALIZADO;FINALIZADO;FINALIZADO;;;-;Sudeste;BACKLOG 22.06_23.07
05/08/2026;06/08/2026;260806-000182;EXTRAVIO ;GMAIS (BARRA DA TIJUCA);G40;RIO DE JANEIRO;RJ;723776;SCB01;XD DIADEMA;14530635/14527571;/9315032/9327628/9327629;SIM;NOTIFICAÇÃO ENVIADA VIA PLANILHA POR CONTA DA ALTA DEMANDA;CARTA ENVIADA;13/08/2026;NÃO LOCALIZADO;FINALIZADO;FINALIZADO;;;-;Sudeste;NORMAL
03/08/2026;06/08/2026;260806-000181;EXTRAVIO ;NOVA (RIO PRETO);R07;SAO JOSE DO RIO PRETO;SP;724367;SCB01;XD DIADEMA;14534170;9342593;SIM;NOTIFICAÇÃO ENVIADA VIA PLANILHA POR CONTA DA ALTA DEMANDA;CARTA ENVIADA;13/08/2026;NÃO LOCALIZADO;FINALIZADO;FINALIZADO;;;-;Sudeste;NORMAL
05/08/2026;06/08/2026;260806-000180;EXTRAVIO ;GMAIS (BARRA DA TIJUCA);G40;RIO DE JANEIRO;RJ;723535;SCB01;XD DIADEMA;/14526883/14526016;/9315079/9308567;SIM;NOTIFICAÇÃO ENVIADA VIA PLANILHA POR CONTA DA ALTA DEMANDA;CARTA ENVIADA;13/08/2026;NÃO LOCALIZADO;FINALIZADO;FINALIZADO;;;-;Sudeste;NORMAL
05/08/2026;06/08/2026;260806-000178;EXTRAVIO ;GMAIS (BARRA DA TIJUCA);G40;RIO DE JANEIRO;RJ;724400;SCB01;XD DIADEMA;14531967;9327238;SIM;NOTIFICAÇÃO ENVIADA VIA PLANILHA POR CONTA DA ALTA DEMANDA;CARTA ENVIADA;13/08/2026;NÃO LOCALIZADO;FINALIZADO;FINALIZADO;;;-;Sudeste;NORMAL
16/07/2026;06/08/2026;260806-000170;EXTRAVIO ;NOVA (RIBEIRAO PRETO);N17;RIBEIRAO PRETO;SP;714640;SCB01;XD DIADEMA;14427178;8918024;SIM;NOTIFICAÇÃO ENVIADA VIA PLANILHA POR CONTA DA ALTA DEMANDA;CARTA ENVIADA;13/08/2026;NÃO LOCALIZADO;FINALIZADO;FINALIZADO;;;-;Sudeste;BACKLOG 22.06_23.07
16/07/2026;06/08/2026;260806-000168;EXTRAVIO ;NOVA (RIBEIRAO PRETO);N17;RIBEIRAO PRETO;SP;714640;SCB01;XD DIADEMA;14427177;8918024;SIM;NOTIFICAÇÃO ENVIADA VIA PLANILHA POR CONTA DA ALTA DEMANDA;CARTA ENVIADA;13/08/2026;NÃO LOCALIZADO;FINALIZADO;FINALIZADO;;;-;Sudeste;BACKLOG 22.06_23.07
16/07/2026;06/08/2026;260806-000156;EXTRAVIO ;NOVA (RIBEIRAO PRETO);N17;RIBEIRAO PRETO;SP;714640;SCB01;XD DIADEMA;14427451;8918386;SIM;NOTIFICAÇÃO ENVIADA VIA PLANILHA POR CONTA DA ALTA DEMANDA;CARTA ENVIADA;13/08/2026;NÃO LOCALIZADO;FINALIZADO;FINALIZADO;;;-;Sudeste;BACKLOG 22.06_23.07
16/07/2026;06/08/2026;260806-000146;EXTRAVIO ;NOVA (RIBEIRAO PRETO);N17;RIBEIRAO PRETO;SP;715194;SCB01;XD DIADEMA;14435326;8942172;SIM;NOTIFICAÇÃO ENVIADA VIA PLANILHA POR CONTA DA ALTA DEMANDA;CARTA ENVIADA;13/08/2026;NÃO LOCALIZADO;FINALIZADO;FINALIZADO;;;-;Sudeste;BACKLOG 22.06_23.07
16/07/2026;06/08/2026;260806-000137;EXTRAVIO ;NOVA (RIBEIRAO PRETO);N17;RIBEIRAO PRETO;SP;715194;SCB01;XD DIADEMA;14435326;8942596;SIM;NOTIFICAÇÃO ENVIADA VIA PLANILHA POR CONTA DA ALTA DEMANDA;CARTA ENVIADA;13/08/2026;NÃO LOCALIZADO;FINALIZADO;FINALIZADO;;;-;Sudeste;BACKLOG 22.06_23.07
15/07/2026;06/08/2026;260806-000122;EXTRAVIO ;NOVA (SANTO AMARO);N09;SAO PAULO;SP;715109;SCB01;XD DIADEMA;14429738;87006788/0008938611;SIM;NOTIFICAÇÃO ENVIADA VIA PLANILHA POR CONTA DA ALTA DEMANDA;CARTA ENVIADA;13/08/2026;NÃO LOCALIZADO;FINALIZADO;FINALIZADO;;;-;Sudeste;BACKLOG 22.06_23.07
05/08/2026;06/08/2026;260806-000108;EXTRAVIO ;ABSOLUTA (DIREITOS HUMANOS);D97;SAO PAULO;SP;723914;SCB01;XD DIADEMA;14531739;9334351;SIM;NOTIFICAÇÃO ENVIADA VIA PLANILHA POR CONTA DA ALTA DEMANDA;CARTA ENVIADA;13/08/2026;NÃO LOCALIZADO;FINALIZADO;FINALIZADO;;;-;Sudeste;NORMAL
10/07/2026;06/08/2026;260806-000099;EXTRAVIO ;NOVA (SANTO AMARO);N09;SAO PAULO;SP;718036;SCB01;XD DIADEMA;14456147;90512242;SIM;NOTIFICAÇÃO ENVIADA VIA PLANILHA POR CONTA DA ALTA DEMANDA;CARTA ENVIADA;13/08/2026;NÃO LOCALIZADO;FINALIZADO;FINALIZADO;;;-;Sudeste;BACKLOG 22.06_23.07
16/07/2026;06/08/2026;260806-000087;EXTRAVIO ;NOVA (RIBEIRAO PRETO);N17;RIBEIRAO PRETO;SP;715027;SCB01;XD DIADEMA;14432153;8942478;SIM;NOTIFICAÇÃO ENVIADA VIA PLANILHA POR CONTA DA ALTA DEMANDA;CARTA ENVIADA;13/08/2026;NÃO LOCALIZADO;FINALIZADO;FINALIZADO;;;-;Sudeste;BACKLOG 22.06_23.07
;06/08/2026;260806-000070;EXTRAVIO ;JAVEP (S.J. RIO PRETO);J57;SAO JOSE DO RIO PRETO;SP;723302;SCB01;ALFA;14525134;9305288;SIM;NOTIFICAÇÃO ENVIADA VIA PLANILHA POR CONTA DA ALTA DEMANDA;CARTA ENVIADA;13/08/2026;NÃO LOCALIZADO;FINALIZADO;FINALIZADO;;;-;Sudeste;NORMAL
;06/08/2026;260806-000067;EXTRAVIO ;JAVEP (S.J. RIO PRETO);J57;SAO JOSE DO RIO PRETO;SP;723302;SCB01;ALFA;14520737;9289886;SIM;NOTIFICAÇÃO ENVIADA VIA PLANILHA POR CONTA DA ALTA DEMANDA;CARTA ENVIADA;13/08/2026;NÃO LOCALIZADO;FINALIZADO;FINALIZADO;;;-;Sudeste;NORMAL
16/07/2026;06/08/2026;260806-000051;EXTRAVIO ;NOVA (RIBEIRAO PRETO);N17;RIBEIRAO PRETO;SP;715501;SCB01;XD DIADEMA;14437139;87006990/87007138;SIM;NOTIFICAÇÃO ENVIADA VIA PLANILHA POR CONTA DA ALTA DEMANDA;CARTA ENVIADA;13/08/2026;NÃO LOCALIZADO;FINALIZADO;FINALIZADO;;;-;Sudeste;BACKLOG 22.06_23.07
16/07/2026;06/08/2026;260806-000040;EXTRAVIO ;NOVA (RIBEIRAO PRETO);N17;RIBEIRAO PRETO;SP;716497;SCB01;XD DIADEMA;14443427;8707622;SIM;NOTIFICAÇÃO ENVIADA VIA PLANILHA POR CONTA DA ALTA DEMANDA;CARTA ENVIADA;13/08/2026;NÃO LOCALIZADO;FINALIZADO;FINALIZADO;;;-;Sudeste;BACKLOG 22.06_23.07
21/07/2026;06/08/2026;260806-000037;EXTRAVIO ;LIDER BH (ANDRADAS);L99;BELO HORIZONTE;MG;717853;SCB01;XD MINAS;14459369;9052228;SIM;NOTIFICAÇÃO ENVIADA VIA PLANILHA POR CONTA DA ALTA DEMANDA;FINALIZADO COMO RESOLVIDO;13/08/2026;LOCALIZADO;FINALIZADO;FINALIZADO;;;-;Sudeste;BACKLOG 22.06_23.07
;06/08/2026;260806-000366;EXTRAVIO ;RR;R08;ANANINDEUA;PA;716260;SCB01;CARVALIMA;14428481;8925253;SIM;NOTIFICAÇÃO ENVIADA VIA PLANILHA POR CONTA DA ALTA DEMANDA;CARTA ENVIADA;13/08/2026;NÃO LOCALIZADO;FINALIZADO;FINALIZADO;;;-;Norte;BACKLOG 22.06_23.07
31/07/2026;07/08/2026;260807-000002;EXTRAVIO ;NOVA (SANTO AMARO);N09;SAO PAULO;SP;723395;SCB01;XD DIADEMA;14521654;9291651;SIM;NOTIFICAÇÃO ENVIADA VIA PLANILHA POR CONTA DA ALTA DEMANDA;CARTA ENVIADA;14/08/2026;NÃO LOCALIZADO;FINALIZADO;FINALIZADO;;;-;Sudeste;BACKLOG 22.06_23.07
03/08/2026;07/08/2026;260807-000013;EXTRAVIO ;TUDO (GOIANIA);S16;GOIANIA;GO;722897;SCB01;XD DIADEMA;14519075;9273870/9281284/9281286/9281289/9281290/9281292/9281298/9281299/9281304;SIM;NOTIFICAÇÃO ENVIADA VIA PLANILHA POR CONTA DA ALTA DEMANDA;CARTA ENVIADA;14/08/2026;NÃO LOCALIZADO;FINALIZADO;FINALIZADO;;;-;CO;NORMAL
03/08/2026;07/08/2026;260807-000036;EXTRAVIO ;TUDO (GOIANIA);S16;GOIANIA;GO;722938;SCB01;XD DIADEMA;14520931;9281064/9281065/9281066/9281067/9281068/9281069/9281070/9281071/9281072/9281073/9281074/9281075/9281076/9281077/9281078/9288519/9289165/9288455;SIM;NOTIFICAÇÃO ENVIADA VIA PLANILHA POR CONTA DA ALTA DEMANDA;CARTA ENVIADA;14/08/2026;NÃO LOCALIZADO;FINALIZADO;FINALIZADO;;;-;CO;NORMAL
04/08/2026;07/08/2026;260807-000062;EXTRAVIO ;JORLAN (BARAO H. DE MELO);J66;BELO HORIZONTE;MG;723160;SCB01;XD MINAS;14522756;9297469;SIM;NOTIFICAÇÃO ENVIADA VIA PLANILHA POR CONTA DA ALTA DEMANDA;CARTA ENVIADA;14/08/2026;NÃO LOCALIZADO;FINALIZADO;FINALIZADO;;;-;Sudeste;NORMAL
04/08/2026;07/08/2026;260807-000063;EXTRAVIO ;JORLAN (BARAO H. DE MELO);J66;BELO HORIZONTE;MG;723160;SCB01;XD MINAS;14522172;9291619;SIM;NOTIFICAÇÃO ENVIADA VIA PLANILHA POR CONTA DA ALTA DEMANDA;CARTA ENVIADA;14/08/2026;NÃO LOCALIZADO;FINALIZADO;FINALIZADO;;;-;Sudeste;NORMAL
04/08/2026;07/08/2026;260807-000064;EXTRAVIO ;JORLAN (BARAO H. DE MELO);J66;BELO HORIZONTE;MG;723160;SCB01;XD MINAS;14522447;9292251;SIM;NOTIFICAÇÃO ENVIADA VIA PLANILHA POR CONTA DA ALTA DEMANDA;CARTA ENVIADA;14/08/2026;NÃO LOCALIZADO;FINALIZADO;FINALIZADO;;;-;Sudeste;NORMAL
04/08/2026;07/08/2026;260807-000067;EXTRAVIO ;JORLAN (BARAO H. DE MELO);J66;BELO HORIZONTE;MG;723160;SCB01;XD MINAS;14521915;9292095/-/9292096/-/9292097/-/9292098;SIM;NOTIFICAÇÃO ENVIADA VIA PLANILHA POR CONTA DA ALTA DEMANDA;CARTA ENVIADA;14/08/2026;NÃO LOCALIZADO;FINALIZADO;FINALIZADO;;;-;Sudeste;NORMAL
04/08/2026;07/08/2026;260807-000069;EXTRAVIO ;JORLAN (BARAO H. DE MELO);J66;BELO HORIZONTE;MG;723160;SCB01;XD MINAS;14522101;9291770;SIM;NOTIFICAÇÃO ENVIADA VIA PLANILHA POR CONTA DA ALTA DEMANDA;CARTA ENVIADA;14/08/2026;NÃO LOCALIZADO;FINALIZADO;FINALIZADO;;;-;Sudeste;NORMAL
31/07/2026;07/08/2026;260807-000073;EXTRAVIO ;JORLAN (BARAO H. DE MELO);J66;BELO HORIZONTE;MG;722988;SCB01;XD MINAS;14520532;9281613;SIM;NOTIFICAÇÃO ENVIADA VIA PLANILHA POR CONTA DA ALTA DEMANDA;CARTA ENVIADA;14/08/2026;NÃO LOCALIZADO;FINALIZADO;FINALIZADO;;;-;Sudeste;NORMAL
31/07/2026;07/08/2026;260807-000077;EXTRAVIO ;JORLAN (BARAO H. DE MELO);J66;BELO HORIZONTE;MG;722988;SCB01;XD MINAS;14518891;9275915-/9275930/-/9275933/-/9275934/-/9275935;SIM;NOTIFICAÇÃO ENVIADA VIA PLANILHA POR CONTA DA ALTA DEMANDA;CARTA ENVIADA;14/08/2026;NÃO LOCALIZADO;FINALIZADO;FINALIZADO;;;-;Sudeste;NORMAL
31/07/2026;07/08/2026;260807-000078;EXTRAVIO ;JORLAN (BARAO H. DE MELO);J66;BELO HORIZONTE;MG;722988;SCB01;XD MINAS;14518877;9275956;SIM;NOTIFICAÇÃO ENVIADA VIA PLANILHA POR CONTA DA ALTA DEMANDA;CARTA ENVIADA;14/08/2026;NÃO LOCALIZADO;FINALIZADO;FINALIZADO;;;-;Sudeste;NORMAL
04/08/2026;07/08/2026;260807-000081;EXTRAVIO ;JORLAN (BARAO H. DE MELO);J66;BELO HORIZONTE;MG;723664;SCB01;XD MINAS;14526722;9309103;SIM;NOTIFICAÇÃO ENVIADA VIA PLANILHA POR CONTA DA ALTA DEMANDA;CARTA ENVIADA;14/08/2026;NÃO LOCALIZADO;FINALIZADO;FINALIZADO;;;-;Sudeste;NORMAL
05/08/2026;07/08/2026;260807-000082;EXTRAVIO ;NOVA (SANTO AMARO);N09;SAO PAULO;SP;724220;SCB01;XD DIADEMA;14532483;86036548;SIM;NOTIFICAÇÃO ENVIADA VIA PLANILHA POR CONTA DA ALTA DEMANDA;CARTA ENVIADA;14/08/2026;NÃO LOCALIZADO;FINALIZADO;FINALIZADO;;;-;Sudeste;NORMAL
31/07/2026;07/08/2026;260807-000085;EXTRAVIO ;JORLAN (BARAO H. DE MELO);J66;BELO HORIZONTE;MG;723382;SCB01;XD MINAS;14523009;9291897/-/9291898/-/9291899/-/9291900/-/9291901/-/9291902/-/9291903;SIM;NOTIFICAÇÃO ENVIADA VIA PLANILHA POR CONTA DA ALTA DEMANDA;CARTA ENVIADA;14/08/2026;NÃO LOCALIZADO;FINALIZADO;FINALIZADO;;;-;Sudeste;NORMAL
16/07/2026;07/08/2026;260807-000092;EXTRAVIO ;NOVA (RIBEIRAO PRETO);N17;RIBEIRAO PRETO;SP;713809;SCB01;XD DIADEMA;14419913;8898957/8899174;SIM;NOTIFICAÇÃO ENVIADA VIA PLANILHA POR CONTA DA ALTA DEMANDA;CARTA ENVIADA;14/08/2026;NÃO LOCALIZADO;FINALIZADO;FINALIZADO;;;-;Sudeste;BACKLOG 22.06_23.07
14/07/2026;07/08/2026;260807-000093;EXTRAVIO ;GRANDE MINAS (PAMPULHA);F51;CONTAGEM;MG;717097;SCB01;XD MINAS;14451177 / 1445788 /14455176 ;9037530 /9037139 ;SIM;NOTIFICAÇÃO ENVIADA VIA PLANILHA POR CONTA DA ALTA DEMANDA;CARTA ENVIADA;14/08/2026;NÃO LOCALIZADO;FINALIZADO;FINALIZADO;;;-;Sudeste;BACKLOG 22.06_23.07
16/07/2026;07/08/2026;260807-000114;EXTRAVIO ;NOVA (RIBEIRAO PRETO);N17;RIBEIRAO PRETO;SP;713809;SCB01;XD DIADEMA;14418690;8883640/88838884;SIM;NOTIFICAÇÃO ENVIADA VIA PLANILHA POR CONTA DA ALTA DEMANDA;CARTA ENVIADA;14/08/2026;NÃO LOCALIZADO;FINALIZADO;FINALIZADO;;;-;Sudeste;BACKLOG 22.06_23.07
05/08/2026;07/08/2026;260807-000127;EXTRAVIO ;NOVA (SANTO AMARO);N09;SAO PAULO;SP;723988;SCB01;XD DIADEMA;14532126;9292322;SIM;NOTIFICAÇÃO ENVIADA VIA PLANILHA POR CONTA DA ALTA DEMANDA;CARTA ENVIADA;14/08/2026;NÃO LOCALIZADO;FINALIZADO;FINALIZADO;;;-;Sudeste;NORMAL
04/08/2026;07/08/2026;260807-000130;EXTRAVIO ;JORLAN (BARAO H. DE MELO);J66;BELO HORIZONTE;MG;723160;SCB01;XD MINAS;14522180;9291878;SIM;NOTIFICAÇÃO ENVIADA VIA PLANILHA POR CONTA DA ALTA DEMANDA;CARTA ENVIADA;14/08/2026;NÃO LOCALIZADO;FINALIZADO;FINALIZADO;;;-;Sudeste;NORMAL
;07/08/2026;260807-000142;EXTRAVIO ;NOVA (RIBEIRAO PRETO);N17;RIBEIRAO PRETO;SP;Sem embarque;SCB01;OPERAÇÃO SOR;14441098;87001643;SIM;NOTIFICAÇÃO ENVIADA VIA PLANILHA POR CONTA DA ALTA DEMANDA;CARTA ENVIADA;14/08/2026;NÃO LOCALIZADO;FINALIZADO;FINALIZADO;;;-;Sudeste;NORMAL
05/08/2026;07/08/2026;260807-000145;EXTRAVIO ;NOVA (SANTO AMARO);N09;SAO PAULO;SP;723672;SCB01;XD DIADEMA;14528357;9314977;SIM;NOTIFICAÇÃO ENVIADA VIA PLANILHA POR CONTA DA ALTA DEMANDA;CARTA ENVIADA;14/08/2026;NÃO LOCALIZADO;FINALIZADO;FINALIZADO;;;-;Sudeste;NORMAL
16/07/2026;07/08/2026;260807-000153;EXTRAVIO ;NOVA (RIBEIRAO PRETO);N17;RIBEIRAO PRETO;SP;713809;SCB01;XD DIADEMA;14413398;8868672;SIM;NOTIFICAÇÃO ENVIADA VIA PLANILHA POR CONTA DA ALTA DEMANDA;CARTA ENVIADA;14/08/2026;NÃO LOCALIZADO;FINALIZADO;FINALIZADO;;;-;Sudeste;BACKLOG 22.06_23.07
13/08/2026;07/08/2026;260807-000156;EXTRAVIO ;NOVA (RIBEIRAO PRETO);N17;RIBEIRAO PRETO;SP;715688;SCB01;XD DIADEMA;14435066;8942354/8942875;SIM;NOTIFICAÇÃO ENVIADA VIA PLANILHA POR CONTA DA ALTA DEMANDA;CARTA ENVIADA;14/08/2026;NÃO LOCALIZADO;FINALIZADO;FINALIZADO;;;-;Sudeste;BACKLOG 22.06_23.07
06/08/2026;07/08/2026;260807-000189;EXTRAVIO ;NOVA (BELEM) - PECAS;N43;SÃO PAULO;SP;724422;SCB01;XD DIADEMA;14532673;0009337666./0009337675./0009337676./0009337678./0009337680.;SIM;NOTIFICAÇÃO ENVIADA VIA PLANILHA POR CONTA DA ALTA DEMANDA;CARTA ENVIADA;14/08/2026;NÃO LOCALIZADO;FINALIZADO;FINALIZADO;;;-;Sudeste;NORMAL
06/08/2026;07/08/2026;260807-000191;EXTRAVIO ;NOVA (BELEM) - PECAS;N43;SAO PAULO;SP;724422;SCB01;XD DIADEMA;14532540;9337789;SIM;NOTIFICAÇÃO ENVIADA VIA PLANILHA POR CONTA DA ALTA DEMANDA;CARTA ENVIADA;14/08/2026;NÃO LOCALIZADO;FINALIZADO;FINALIZADO;;;-;Sudeste;NORMAL
06/08/2026;07/08/2026;260807-000192;EXTRAVIO ;NOVA (BELEM) - PECAS;N43;SAO PAULO;SP;724422;SCB01;XD DIADEMA;14532589;9336732;SIM;NOTIFICAÇÃO ENVIADA VIA PLANILHA POR CONTA DA ALTA DEMANDA;CARTA ENVIADA;14/08/2026;NÃO LOCALIZADO;FINALIZADO;FINALIZADO;;;-;Sudeste;NORMAL
06/08/2026;07/08/2026;260807-000193;EXTRAVIO ;NOVA (BELEM) - PECAS;N43;SAO PAULO;SP;724422;SCB01;XD DIADEMA;14534781;9337517;SIM;NOTIFICAÇÃO ENVIADA VIA PLANILHA POR CONTA DA ALTA DEMANDA;CARTA ENVIADA;14/08/2026;NÃO LOCALIZADO;FINALIZADO;FINALIZADO;;;-;Sudeste;NORMAL
05/08/2026;07/08/2026;260807-000195;EXTRAVIO ;JORLAN (BARAO H. DE MELO);J66;BELO HORIZONTE;MG;723793;SCB01;XD MINAS;14526523;9307840;SIM;NOTIFICAÇÃO ENVIADA VIA PLANILHA POR CONTA DA ALTA DEMANDA;CARTA ENVIADA;14/08/2026;NÃO LOCALIZADO;FINALIZADO;FINALIZADO;;;-;Sudeste;NORMAL
06/08/2026;07/08/2026;260807-000196;EXTRAVIO ;NOVA (BELEM) - PECAS;N43;SAO PAULO;SP;724070;SCB01;XD DIADEMA;14532388;933902;SIM;NOTIFICAÇÃO ENVIADA VIA PLANILHA POR CONTA DA ALTA DEMANDA;CARTA ENVIADA;14/08/2026;NÃO LOCALIZADO;FINALIZADO;FINALIZADO;;;-;Sudeste;NORMAL
07/08/2026;07/08/2026;260807-000198;EXTRAVIO ;ABSOLUTA (DIREITOS HUMANOS);D97;SAO PAULO;SP;724619;SCB01;XD DIADEMA;207352;4341294;SIM;NOTIFICAÇÃO ENVIADA VIA PLANILHA POR CONTA DA ALTA DEMANDA;CARTA ENVIADA;14/08/2026;NÃO LOCALIZADO;FINALIZADO;FINALIZADO;;;-;Sudeste;NORMAL
06/08/2026;07/08/2026;260807-000218;EXTRAVIO ;JORLAN (BARAO H. DE MELO);J66;BELO HORIZONTE;MG;724204;SCB01;XD MINAS;14534241;9346406/-/9346424/-/9346435;SIM;NOTIFICAÇÃO ENVIADA VIA PLANILHA POR CONTA DA ALTA DEMANDA;CARTA ENVIADA;14/08/2026;NÃO LOCALIZADO;FINALIZADO;FINALIZADO;;;-;Sudeste;NORMAL
06/08/2026;07/08/2026;260807-000220;EXTRAVIO ;JORLAN (BARAO H. DE MELO);J66;BELO HORIZONTE;MG;724204;SCB01;XD MINAS;14534353;9346171;SIM;NOTIFICAÇÃO ENVIADA VIA PLANILHA POR CONTA DA ALTA DEMANDA;CARTA ENVIADA;14/08/2026;NÃO LOCALIZADO;FINALIZADO;FINALIZADO;;;-;Sudeste;NORMAL
06/08/2026;07/08/2026;260807-000219;EXTRAVIO ;JORLAN (BARAO H. DE MELO);J66;BELO HORIZONTE;MG;724204;SCB01;XD MINAS;14532218;9334319;SIM;NOTIFICAÇÃO ENVIADA VIA PLANILHA POR CONTA DA ALTA DEMANDA;CARTA ENVIADA;14/08/2026;NÃO LOCALIZADO;FINALIZADO;FINALIZADO;;;-;Sudeste;NORMAL
;07/08/2026;260807-000229;EXTRAVIO ;JORLAN (BARAO H. DE MELO);J66;BELO HORIZONTE;MG;Sem embarque;SCB01;OPERAÇÃO SOR;1435366;9334337;SIM;NOTIFICAÇÃO ENVIADA VIA PLANILHA POR CONTA DA ALTA DEMANDA;CARTA ENVIADA;14/08/2026;NÃO LOCALIZADO;FINALIZADO;FINALIZADO;;;-;Sudeste;NORMAL
07/08/2026;07/08/2026;260807-000231;EXTRAVIO ;JORLAN (BARAO H. DE MELO);J66;BELO HORIZONTE;MG;724411;SCB01;XD MINAS;14531662;9334466;SIM;NOTIFICAÇÃO ENVIADA VIA PLANILHA POR CONTA DA ALTA DEMANDA;CARTA ENVIADA;14/08/2026;NÃO LOCALIZADO;FINALIZADO;FINALIZADO;;;-;Sudeste;NORMAL
03/08/2026;07/08/2026;260807-000235;EXTRAVIO ;VIGORITO (ABC);E92;SAO PAULO;SP;723532;SCB01;XD DIADEMA;14526073/14526003;9308123/9308157/9308057;SIM;NOTIFICAÇÃO ENVIADA VIA PLANILHA POR CONTA DA ALTA DEMANDA;CARTA ENVIADA;14/08/2026;NÃO LOCALIZADO;FINALIZADO;FINALIZADO;;;-;Sudeste;NORMAL
05/08/2026;07/08/2026;260807-000250;EXTRAVIO ;VIGORITO (ABC);E92;SÃO PAULO;SP;722973;SCB01;XD DIADEMA;14519687/14519807/14518227/;9284690/9284399/9279537/;SIM;NOTIFICAÇÃO ENVIADA VIA PLANILHA POR CONTA DA ALTA DEMANDA;CARTA ENVIADA;14/08/2026;NÃO LOCALIZADO;FINALIZADO;FINALIZADO;;;-;Sudeste;NORMAL
05/08/2026;07/08/2026;260807-000256;EXTRAVIO ;VIGORITO (ABC);E92;SAO PAULO;SP;722705;SCB01;XD DIADEMA;14517306;9279455;SIM;NOTIFICAÇÃO ENVIADA VIA PLANILHA POR CONTA DA ALTA DEMANDA;CARTA ENVIADA;14/08/2026;NÃO LOCALIZADO;FINALIZADO;FINALIZADO;;;-;Sudeste;NORMAL
07/08/2026;07/08/2026;260807-000257;EXTRAVIO ;ABSOLUTA (DIREITOS HUMANOS);D97;SAO PAULO;SP;724955;SCB01;XD DIADEMA;14543381;9373745;SIM;NOTIFICAÇÃO ENVIADA VIA PLANILHA POR CONTA DA ALTA DEMANDA;CARTA ENVIADA;14/08/2026;NÃO LOCALIZADO;FINALIZADO;FINALIZADO;;;-;Sudeste;NORMAL
03/08/2026;07/08/2026;260807-000262;EXTRAVIO ;VIGORITO (ABC);E92;SAO PAULO;SP;723239;SCB01;XD DIADEMA;14525008;9308929;SIM;NOTIFICAÇÃO ENVIADA VIA PLANILHA POR CONTA DA ALTA DEMANDA;CARTA ENVIADA;14/08/2026;NÃO LOCALIZADO;FINALIZADO;FINALIZADO;;;-;Sudeste;NORMAL
29/07/2026;07/08/2026;260807-000272;EXTRAVIO ;VIGORITO (ABC);E92;SÃO PAULO;SP;722409;SCB01;XD DIADEMA;14515742;:/9265764;SIM;NOTIFICAÇÃO ENVIADA VIA PLANILHA POR CONTA DA ALTA DEMANDA;CARTA ENVIADA;14/08/2026;NÃO LOCALIZADO;FINALIZADO;FINALIZADO;;;-;Sudeste;NORMAL
28/07/2026;07/08/2026;260807-000273;EXTRAVIO ;VIGORITO (ABC);E92;SAO PAULO;SP;721505;SCB01;XD DIADEMA;14446680;9028063;SIM;NOTIFICAÇÃO ENVIADA VIA PLANILHA POR CONTA DA ALTA DEMANDA;CARTA ENVIADA;14/08/2026;NÃO LOCALIZADO;FINALIZADO;FINALIZADO;;;-;Sudeste;BACKLOG 22.06_23.07
03/08/2026;07/08/2026;260807-000291;EXTRAVIO ;CARRERA (OSASCO);J63;OSASCO;SP;723550;SCB01;XD DIADEMA;14523265;9298178/9305611/9305612/9305613/9305614/9305615/9305620/9305621/9305623/9305624/9305766/9305767/9305768/9305772/9305773/9305774/9305891/9305892/930589/9305895/9305896/9305897/9305898/9305899/9305900/9305616/9305617/9305818/9305619.;SIM;NOTIFICAÇÃO ENVIADA VIA PLANILHA POR CONTA DA ALTA DEMANDA;CARTA ENVIADA;14/08/2026;NÃO LOCALIZADO;FINALIZADO;FINALIZADO;;;-;Sudeste;NORMAL
05/08/2026;07/08/2026;260807-000293;EXTRAVIO ;JORLAN (GOIANIA);J23;GOIANIA;GO;722929;SCB01;XD DIADEMA;14521019;9259295;SIM;NOTIFICAÇÃO ENVIADA VIA PLANILHA POR CONTA DA ALTA DEMANDA;CARTA ENVIADA;14/08/2026;NÃO LOCALIZADO;FINALIZADO;FINALIZADO;;;-;CO;NORMAL
;07/08/2026;260807-000298;EXTRAVIO ;CARRERA (OSASCO);J63;SÃO PAULO;SP;Sem embarque;SCB01;OPERAÇÃO SOR;14432072/14432248;8943308;SIM;NOTIFICAÇÃO ENVIADA VIA PLANILHA POR CONTA DA ALTA DEMANDA;CARTA ENVIADA;14/08/2026;NÃO LOCALIZADO;FINALIZADO;FINALIZADO;;;-;Sudeste;NORMAL
05/08/2026;07/08/2026;260807-000297;EXTRAVIO ;JORLAN (GOIANIA);J23;GOIANIA;GO;724453;SCB01;XD DIADEMA;14535565;9303948;SIM;NOTIFICAÇÃO ENVIADA VIA PLANILHA POR CONTA DA ALTA DEMANDA;FINALIZADO COMO RESOLVIDO;14/08/2026;LOCALIZADO;FINALIZADO;FINALIZADO;;;-;CO;NORMAL
06/08/2026;07/08/2026;260807-000300;EXTRAVIO ;JORLAN (GOIANIA);J23;GOIANIA;GO;724251;SCB01;XD DIADEMA;14534434;0009344372/0009344373/0009344349/0009344393/0009344362/0009344363;SIM;NOTIFICAÇÃO ENVIADA VIA PLANILHA POR CONTA DA ALTA DEMANDA;CARTA ENVIADA;14/08/2026;NÃO LOCALIZADO;FINALIZADO;FINALIZADO;;;-;CO;NORMAL
24/07/2026;07/08/2026;260807-000301;EXTRAVIO ;CARRERA (OSASCO);J63;OSASCO;SP;721451;SCB01;XD DIADEMA;14499481/14499467/14498788/14498975;9205271/9205272/9205468/9205529;SIM;NOTIFICAÇÃO ENVIADA VIA PLANILHA POR CONTA DA ALTA DEMANDA;CARTA ENVIADA;14/08/2026;NÃO LOCALIZADO;FINALIZADO;FINALIZADO;;;-;Sudeste;BACKLOG 22.06_23.07
07/08/2026;07/08/2026;260807-000311;EXTRAVIO ;GUIAUTO (IPATINGA);D03;CORONEL FABRICIANO;MG;724196;SCB01;XD MINAS;14534112;9346532;SIM;NOTIFICAÇÃO ENVIADA VIA PLANILHA POR CONTA DA ALTA DEMANDA;CARTA ENVIADA;14/08/2026;NÃO LOCALIZADO;FINALIZADO;FINALIZADO;;;-;Sudeste;NORMAL
07/08/2026;07/08/2026;260807-000313;EXTRAVIO ;GUIAUTO (IPATINGA);D03;CORONEL FABRICIANO;MG;723962;SCB01;XD MINAS;14532047;9327607;SIM;NOTIFICAÇÃO ENVIADA VIA PLANILHA POR CONTA DA ALTA DEMANDA;CARTA ENVIADA;14/08/2026;NÃO LOCALIZADO;FINALIZADO;FINALIZADO;;;-;Sudeste;NORMAL
03/08/2026;07/08/2026;260807-000319;EXTRAVIO ;CARRERA (OSASCO);J63;OSASCO;SP;722985;SCB01;XD DIADEMA;14518153;9274381/9274382/9290569/9290570/9290571/9290572/929057/9290574/9290575/9290576/9290577/9290578/9290579;SIM;NOTIFICAÇÃO ENVIADA VIA PLANILHA POR CONTA DA ALTA DEMANDA;CARTA ENVIADA;14/08/2026;NÃO LOCALIZADO;FINALIZADO;FINALIZADO;;;-;Sudeste;NORMAL
07/08/2026;07/08/2026;260807-000318;EXTRAVIO ;GUIAUTO (IPATINGA);D03;CORONEL FABRICIANO;MG;724403;SCB01;XD MINAS;14534293;9346559;SIM;NOTIFICAÇÃO ENVIADA VIA PLANILHA POR CONTA DA ALTA DEMANDA;CARTA ENVIADA;14/08/2026;NÃO LOCALIZADO;FINALIZADO;FINALIZADO;;;-;Sudeste;NORMAL
03/08/2026;07/08/2026;260807-000320;EXTRAVIO ;AUTOCLA;I26;ITUIUTABA;MG;717984;SCB01;XD MINAS;14463500;9077582;SIM;NOTIFICAÇÃO ENVIADA VIA PLANILHA POR CONTA DA ALTA DEMANDA;FINALIZADO COMO RESOLVIDO;14/08/2026;LOCALIZADO;FINALIZADO;FINALIZADO;;;-;Sudeste;BACKLOG 22.06_23.07
03/08/2026;07/08/2026;260807-000325;EXTRAVIO ;AUTOCLA;I26;ITUIUTABA;MG;716861;SCB01;XD MINAS;14446974;9023758;SIM;NOTIFICAÇÃO ENVIADA VIA PLANILHA POR CONTA DA ALTA DEMANDA;CARTA ENVIADA;14/08/2026;NÃO LOCALIZADO;FINALIZADO;FINALIZADO;;;-;Sudeste;BACKLOG 22.06_23.07
22/07/2026;07/08/2026;260807-000322;EXTRAVIO ;CARRERA (OSASCO);J63;OSASCO;SP;719540;SCB01;XD DIADEMA;14477544;9128552;SIM;NOTIFICAÇÃO ENVIADA VIA PLANILHA POR CONTA DA ALTA DEMANDA;CARTA ENVIADA;14/08/2026;NÃO LOCALIZADO;FINALIZADO;FINALIZADO;;;-;Sudeste;BACKLOG 22.06_23.07
24/07/2026;07/08/2026;260807-000326;EXTRAVIO ;CARRERA (OSASCO);J63;SÃO PAULO;SP;715351;SCB01;XD DIADEMA;14435457;8941809;SIM;NOTIFICAÇÃO ENVIADA VIA PLANILHA POR CONTA DA ALTA DEMANDA;CARTA ENVIADA;14/08/2026;NÃO LOCALIZADO;FINALIZADO;FINALIZADO;;;-;Sudeste;BACKLOG 22.06_23.07
03/08/2026;07/08/2026;260807-000329;EXTRAVIO ;AUTOCLA;I26;ITUIUTABA;MG;719288;SCB01;CAMILO;14476111;87003690;SIM;NOTIFICAÇÃO ENVIADA VIA PLANILHA POR CONTA DA ALTA DEMANDA;CARTA ENVIADA;14/08/2026;NÃO LOCALIZADO;FINALIZADO;FINALIZADO;;;-;Sudeste;BACKLOG 22.06_23.07
27/07/2026;07/08/2026;260807-000328;EXTRAVIO ;CARRERA (OSASCO);J63;OSASCO;SP;718016;SCB01;XD DIADEMA;14454150;9057258;SIM;NOTIFICAÇÃO ENVIADA VIA PLANILHA POR CONTA DA ALTA DEMANDA;CARTA ENVIADA;14/08/2026;NÃO LOCALIZADO;FINALIZADO;FINALIZADO;;;-;Sudeste;BACKLOG 22.06_23.07
24/07/2026;07/08/2026;260807-000332;EXTRAVIO ;CARRERA (OSASCO);J63;OSASCO;SP;715065;SCB01;XD DIADEMA;14431785;8943068;SIM;NOTIFICAÇÃO ENVIADA VIA PLANILHA POR CONTA DA ALTA DEMANDA;CARTA ENVIADA;14/08/2026;NÃO LOCALIZADO;FINALIZADO;FINALIZADO;;;-;Sudeste;BACKLOG 22.06_23.07
;07/08/2026;260807-000339;EXTRAVIO ;CARRERA (OSASCO);J63;SÃO PAULO;SP;Sem embarque;SCB01;OPERAÇÃO SOR;1451698;9260539;SIM;NOTIFICAÇÃO ENVIADA VIA PLANILHA POR CONTA DA ALTA DEMANDA;CARTA ENVIADA;14/08/2026;NÃO LOCALIZADO;FINALIZADO;FINALIZADO;;;-;Sudeste;NORMAL
07/08/2026;07/08/2026;260807-000342;EXTRAVIO ;SPASSUS;S66;JUNDIAI;SP;724921;SCB01;XD MINAS;14542534;9377636;SIM;NOTIFICAÇÃO ENVIADA VIA PLANILHA POR CONTA DA ALTA DEMANDA;CARTA ENVIADA;14/08/2026;NÃO LOCALIZADO;FINALIZADO;FINALIZADO;;;-;Sudeste;NORMAL
03/08/2026;07/08/2026;260807-000343;EXTRAVIO ;CARRERA (OSASCO);J63;OSASCO;SP;723381;SCB01;XD DIADEMA;14524948;9300988/9305582/9305785;SIM;NOTIFICAÇÃO ENVIADA VIA PLANILHA POR CONTA DA ALTA DEMANDA;CARTA ENVIADA;14/08/2026;NÃO LOCALIZADO;FINALIZADO;FINALIZADO;;;-;Sudeste;NORMAL
03/08/2026;07/08/2026;260807-000349;EXTRAVIO ;AUTOCLA;I26;ITUIUTABA;MG;717518;SCB01;XD MINAS;14454980;9037985/9052199/9052150/9052194/905292/9052450/9052737/9052931/9057244;SIM;NOTIFICAÇÃO ENVIADA VIA PLANILHA POR CONTA DA ALTA DEMANDA;FINALIZADO COMO RESOLVIDO;14/08/2026;LOCALIZADO;FINALIZADO;FINALIZADO;;;-;Sudeste;BACKLOG 22.06_23.07
15/06/2026;07/08/2026;260807-000350;EXTRAVIO ;VIGORITO (ABC);E92;SAO PAULO;SP;710636;SCB01;XD DIADEMA;14464397/14464399/14480116/14478921/14429558/14463687/14476619/14476385/14474030/14479663/14479768/14454908/14480071/14437467/14480115/14486147/14428992/14463684/14428995/14478584/14437467/14459603/14428509/14383710;9077621/9077488/9137303/9123510/8922499/9082063/9123495/9123503/9115304/9137831/9137830/9137649/9052915/9137635/8922380/8922414/9137303/87003981/9137303/0008922417/0008922418/0008922419/9082063/8922135/87003776/8922380/0009065015/0009065024/0009065028/0008922381/0008663263/0008663264//;SIM;NOTIFICAÇÃO ENVIADA VIA PLANILHA POR CONTA DA ALTA DEMANDA;CARTA ENVIADA;14/08/2026;NÃO LOCALIZADO;FINALIZADO;FINALIZADO;;;-;Sudeste;NORMAL
30/07/2026;07/08/2026;260807-000352;EXTRAVIO ;AUTOCLA;I26;ITUIUTABA;MG;718700;SCB01;CAMILO;14470790;9109196;SIM;NOTIFICAÇÃO ENVIADA VIA PLANILHA POR CONTA DA ALTA DEMANDA;CARTA ENVIADA;14/08/2026;NÃO LOCALIZADO;FINALIZADO;FINALIZADO;;;-;Sudeste;BACKLOG 22.06_23.07
03/08/2026;07/08/2026;260807-000355;EXTRAVIO ;AUTOCLA;I26;ITUIUTABA;MG;718926;SCB01;XD MINAS;14475897/14475899;9123194;SIM;NOTIFICAÇÃO ENVIADA VIA PLANILHA POR CONTA DA ALTA DEMANDA;CARTA ENVIADA;14/08/2026;NÃO LOCALIZADO;FINALIZADO;FINALIZADO;;;-;Sudeste;BACKLOG 22.06_23.07
03/08/2026;07/08/2026;260807-000357;EXTRAVIO ;AUTOCLA;I26;ITUIUTABA;MG;716716;SCB01;XD MINAS;14446223;9028105;SIM;NOTIFICAÇÃO ENVIADA VIA PLANILHA POR CONTA DA ALTA DEMANDA;CARTA ENVIADA;14/08/2026;NÃO LOCALIZADO;FINALIZADO;FINALIZADO;;;-;Sudeste;BACKLOG 22.06_23.07
03/08/2026;07/08/2026;260807-000365;EXTRAVIO ;AUTOCLA;I26;ITUIUTABA;MG;721410;SCB01;XD MINAS;14504105/14504322/14503313/14503312/14503828/14499019/14499016/14497012;9218074;SIM;NOTIFICAÇÃO ENVIADA VIA PLANILHA POR CONTA DA ALTA DEMANDA;CARTA ENVIADA;14/08/2026;NÃO LOCALIZADO;FINALIZADO;FINALIZADO;;;-;Sudeste;BACKLOG 22.06_23.07
30/07/2026;07/08/2026;260807-000367;EXTRAVIO ;AUTOCLA;I26;ITUIUTABA;MG;721695;SCB01;XD MINAS;14504505/14504503/14502739;9224222;SIM;NOTIFICAÇÃO ENVIADA VIA PLANILHA POR CONTA DA ALTA DEMANDA;FINALIZADO COMO RESOLVIDO;14/08/2026;LOCALIZADO;FINALIZADO;FINALIZADO;;;-;Sudeste;BACKLOG 22.06_23.07
03/08/2026;07/08/2026;260807-000369;EXTRAVIO ;AUTOCLA;I26;ITUIUTABA;MG;719501;SCB01;XD MINAS;14479995/14479238;9136469/9137972;SIM;NOTIFICAÇÃO ENVIADA VIA PLANILHA POR CONTA DA ALTA DEMANDA;FINALIZADO COMO RESOLVIDO;14/08/2026;LOCALIZADO;FINALIZADO;FINALIZADO;;;-;Sudeste;BACKLOG 22.06_23.07
30/07/2026;07/08/2026;260807-000373;EXTRAVIO ;AUTOCLA;I26;ITUIUTABA;MG;721055;SCB01;XD MINAS;14500395;9201480;SIM;NOTIFICAÇÃO ENVIADA VIA PLANILHA POR CONTA DA ALTA DEMANDA;FINALIZADO COMO RESOLVIDO;14/08/2026;LOCALIZADO;FINALIZADO;FINALIZADO;;;-;Sudeste;BACKLOG 22.06_23.07
30/07/2026;07/08/2026;260807-000374;EXTRAVIO ;AUTOCLA;I26;ITUIUTABA;MG;722069;SCB01;XD MINAS;14511897;9246875/924984;SIM;NOTIFICAÇÃO ENVIADA VIA PLANILHA POR CONTA DA ALTA DEMANDA;FINALIZADO COMO RESOLVIDO;14/08/2026;LOCALIZADO;FINALIZADO;FINALIZADO;;;-;Sudeste;NORMAL
05/08/2026;07/08/2026;260807-000386;EXTRAVIO ;ORCA (BRASILIA);O28;BRASILIA;DF;723627;SCB01;XD DIADEMA;14521434;9295772;SIM;NOTIFICAÇÃO ENVIADA VIA PLANILHA POR CONTA DA ALTA DEMANDA;CARTA ENVIADA;14/08/2026;NÃO LOCALIZADO;FINALIZADO;FINALIZADO;;;-;CO;NORMAL
07/08/2026;07/08/2026;260807-000387;EXTRAVIO ;ORCA (BRASILIA);O28;BRASILIA;DF;723731;SCB01;RIO VERMELHO;14525717;9312672;SIM;NOTIFICAÇÃO ENVIADA VIA PLANILHA POR CONTA DA ALTA DEMANDA;CARTA ENVIADA;14/08/2026;NÃO LOCALIZADO;FINALIZADO;FINALIZADO;;;-;CO;NORMAL
07/08/2026;08/08/2026;260808-000010;EXTRAVIO ;JORLAN (GOIANIA);J23;GOIANIA;GO;724740;SCB01;XD DIADEMA;14537422;9362182;SIM;NOTIFICAÇÃO ENVIADA VIA PLANILHA POR CONTA DA ALTA DEMANDA;CARTA ENVIADA;14/08/2026;NÃO LOCALIZADO;FINALIZADO;FINALIZADO;;;-;CO;NORMAL
07/08/2026;08/08/2026;260808-000011;EXTRAVIO ;JORLAN (GOIANIA);J23;GOIANIA;GO;724740;SCB01;XD DIADEMA;14537418;9362200;SIM;NOTIFICAÇÃO ENVIADA VIA PLANILHA POR CONTA DA ALTA DEMANDA;FINALIZADO COMO RESOLVIDO;14/08/2026;LOCALIZADO;FINALIZADO;FINALIZADO;;;-;CO;NORMAL
07/08/2026;08/08/2026;260808-000013;EXTRAVIO ;JORLAN (GOIANIA);J23;GOIANIA;GO;724740;SCB01;XD DIADEMA;14540282;9368754;SIM;NOTIFICAÇÃO ENVIADA VIA PLANILHA POR CONTA DA ALTA DEMANDA;CARTA ENVIADA;14/08/2026;NÃO LOCALIZADO;FINALIZADO;FINALIZADO;;;-;CO;NORMAL
07/08/2026;08/08/2026;260808-000015;EXTRAVIO ;JORLAN (GOIANIA);J23;GOIANIA;GO;724740;SCB01;XD DIADEMA;14540598;9368824;SIM;NOTIFICAÇÃO ENVIADA VIA PLANILHA POR CONTA DA ALTA DEMANDA;CARTA ENVIADA;14/08/2026;NÃO LOCALIZADO;FINALIZADO;FINALIZADO;;;-;CO;NORMAL
07/08/2026;08/08/2026;260808-000016;EXTRAVIO ;JORLAN (GOIANIA);J23;GOIANIA;GO;724740;SCB01;XD DIADEMA;14540282;9369251;SIM;NOTIFICAÇÃO ENVIADA VIA PLANILHA POR CONTA DA ALTA DEMANDA;FINALIZADO COMO RESOLVIDO;14/08/2026;LOCALIZADO;FINALIZADO;FINALIZADO;;;-;CO;NORMAL
07/08/2026;08/08/2026;260808-000026;EXTRAVIO ;JORLAN (GOIANIA);J23;GOIANIA;GO;724740;SCB01;XD DIADEMA;207271;1559956986;SIM;NOTIFICAÇÃO ENVIADA VIA PLANILHA POR CONTA DA ALTA DEMANDA;CARTA ENVIADA;14/08/2026;NÃO LOCALIZADO;FINALIZADO;FINALIZADO;;;-;CO;NORMAL
07/08/2026;08/08/2026;260808-000028;EXTRAVIO ;JORLAN (GOIANIA);J23;GOIANIA;GO;724740;SCB01;XD DIADEMA;14535626;86028782;SIM;NOTIFICAÇÃO ENVIADA VIA PLANILHA POR CONTA DA ALTA DEMANDA;CARTA ENVIADA;14/08/2026;NÃO LOCALIZADO;FINALIZADO;FINALIZADO;;;-;CO;NORMAL
05/08/2026;08/08/2026;260808-000048;EXTRAVIO ;COTAC (SUZANO);Y21;MOGI DAS CRUZES;SP;723655;SCB01;XD DIADEMA;14528358;9314982;SIM;NOTIFICAÇÃO ENVIADA VIA PLANILHA POR CONTA DA ALTA DEMANDA;CARTA ENVIADA;14/08/2026;NÃO LOCALIZADO;FINALIZADO;FINALIZADO;;;-;Sudeste;NORMAL
20/07/2026;08/08/2026;260808-000050;EXTRAVIO ;COTAC (SUZANO);Y21;SÃO PAULO;SP;719858;SCB01;XD DIADEMA;14485729;9115137/9156003/9156004;SIM;NOTIFICAÇÃO ENVIADA VIA PLANILHA POR CONTA DA ALTA DEMANDA;CARTA ENVIADA;14/08/2026;NÃO LOCALIZADO;FINALIZADO;FINALIZADO;;;-;Sudeste;BACKLOG 22.06_23.07
28/07/2026;08/08/2026;260808-000052;EXTRAVIO ;TUDO (GOIANIA);S16;APARECIDA DE GOIANIA;GO;720203;SCB01;XD DIADEMA;14480596;9140964;SIM;NOTIFICAÇÃO ENVIADA VIA PLANILHA POR CONTA DA ALTA DEMANDA;CARTA ENVIADA;14/08/2026;NÃO LOCALIZADO;FINALIZADO;FINALIZADO;;;-;CO;BACKLOG 22.06_23.07
05/08/2026;08/08/2026;260808-000053;EXTRAVIO ;COTAC (SUZANO);Y21;MOGI DAS CRUZES;SP;723768;SCB01;XD DIADEMA;14527794;9314942/9315365/9315602;SIM;NOTIFICAÇÃO ENVIADA VIA PLANILHA POR CONTA DA ALTA DEMANDA;CARTA ENVIADA;14/08/2026;NÃO LOCALIZADO;FINALIZADO;FINALIZADO;;;-;Sudeste;NORMAL
30/07/2026;08/08/2026;260808-000054;EXTRAVIO ;TUDO (GOIANIA);S16;APARECIDA DE GOIANIA;GO;721681;SCB01;XD DIADEMA;14505341;9229229/9229230;SIM;NOTIFICAÇÃO ENVIADA VIA PLANILHA POR CONTA DA ALTA DEMANDA;CARTA ENVIADA;14/08/2026;NÃO LOCALIZADO;FINALIZADO;FINALIZADO;;;-;CO;BACKLOG 22.06_23.07
25/07/2026;08/08/2026;260808-000057;EXTRAVIO ;COTAC (SUZANO);Y21;MOGI DAS CRUZES;SP;717825;SCB01;XD DIADEMA;14459354;9064204;SIM;NOTIFICAÇÃO ENVIADA VIA PLANILHA POR CONTA DA ALTA DEMANDA;CARTA ENVIADA;14/08/2026;NÃO LOCALIZADO;FINALIZADO;FINALIZADO;;;-;Sudeste;BACKLOG 22.06_23.07
29/07/2026;08/08/2026;260808-000055;EXTRAVIO ;COTAC (SUZANO);Y21;MOGI DAS CRUZES;SP;716584;SCB01;XD DIADEMA;14443897/-14443696/14443732;9009452/9009453/9010025/9010588;SIM;NOTIFICAÇÃO ENVIADA VIA PLANILHA POR CONTA DA ALTA DEMANDA;CARTA ENVIADA;14/08/2026;NÃO LOCALIZADO;FINALIZADO;FINALIZADO;;;-;Sudeste;BACKLOG 22.06_23.07
06/07/2026;08/08/2026;260808-000058;EXTRAVIO ;COTAC (SUZANO);Y21;MOGI DAS CRUZES;SP;716735;SCB01;XD DIADEMA;14446284/14446285/14446286/14446287;8990515;SIM;NOTIFICAÇÃO ENVIADA VIA PLANILHA POR CONTA DA ALTA DEMANDA;CARTA ENVIADA;14/08/2026;NÃO LOCALIZADO;FINALIZADO;FINALIZADO;;;-;Sudeste;BACKLOG 22.06_23.07
07/08/2026;10/08/2026;260810-000047;EXTRAVIO ;CAPRICHO (SAO JOSE DOS CAMPOS);C71;SAO JOSE DOS CAMPOS;SP;720765;SCB01;XD DIADEMA;14497327;9201778;SIM;NOTIFICAÇÃO ENVIADA VIA PLANILHA POR CONTA DA ALTA DEMANDA;CARTA ENVIADA;17/08/2026;NÃO LOCALIZADO;FINALIZADO;FINALIZADO;;;-;Sudeste;BACKLOG 22.06_23.07
07/08/2026;10/08/2026;260810-000128;EXTRAVIO ;NOVA (RIO PRETO);R07;SAO JOSE DO RIO PRETO;SP;725247;SCB01;XD DIADEMA;14549127;9401366;SIM;NOTIFICAÇÃO ENVIADA VIA PLANILHA POR CONTA DA ALTA DEMANDA;CARTA ENVIADA;17/08/2026;NÃO LOCALIZADO;FINALIZADO;FINALIZADO;;;-;Sudeste;NORMAL
11/08/2026;10/08/2026;260810-000137;EXTRAVIO ;GRAMARCA (VARZEA GRANDE);G22;VARZEA GRANDE;MT;725118;SCB01;CARVALIMA;14539201;0009357021/0009357020/0009357022;SIM;NOTIFICAÇÃO ENVIADA VIA PLANILHA POR CONTA DA ALTA DEMANDA;CARTA ENVIADA;17/08/2026;NÃO LOCALIZADO;FINALIZADO;FINALIZADO;;;-;CO;NORMAL
11/08/2026;10/08/2026;260810-000139;EXTRAVIO ;GRAMARCA (VARZEA GRANDE);G22;VARZEA GRANDE;MT;725118;SCB01;CARVALIMA;14545395;9385568;SIM;NOTIFICAÇÃO ENVIADA VIA PLANILHA POR CONTA DA ALTA DEMANDA;CARTA ENVIADA;17/08/2026;NÃO LOCALIZADO;FINALIZADO;FINALIZADO;;;-;CO;NORMAL
11/08/2026;10/08/2026;260810-000144;EXTRAVIO ;GRAMARCA (VARZEA GRANDE);G22;VARZEA GRANDE;MT;725118;SCB01;CARVALIMA;14545424;9385616;SIM;NOTIFICAÇÃO ENVIADA VIA PLANILHA POR CONTA DA ALTA DEMANDA;CARTA ENVIADA;17/08/2026;NÃO LOCALIZADO;FINALIZADO;FINALIZADO;;;-;CO;NORMAL
10/08/2026;10/08/2026;260810-000148;EXTRAVIO ;NOVA (RIO PRETO);R07;SAO JOSE DO RIO PRETO;SP;725475;SCB01;XD DIADEMA;14547232;9388504;SIM;NOTIFICAÇÃO ENVIADA VIA PLANILHA POR CONTA DA ALTA DEMANDA;CARTA ENVIADA;17/08/2026;NÃO LOCALIZADO;FINALIZADO;FINALIZADO;;;-;Sudeste;NORMAL
01/08/2026;10/08/2026;260810-000158;EXTRAVIO ;PERKAL (CAMPO GRANDE);P04;CAMPO GRANDE;MS;722635;SCB01;CARVALIMA;14463037/14463046;9081921/9082019/9082070/9082086/9082086/9082089/9082090/9082091/9082092;SIM;NOTIFICAÇÃO ENVIADA VIA PLANILHA POR CONTA DA ALTA DEMANDA;CARTA ENVIADA;17/08/2026;NÃO LOCALIZADO;FINALIZADO;FINALIZADO;;;-;CO;BACKLOG 22.06_23.07
05/08/2026;10/08/2026;260810-000172;EXTRAVIO ;CARRERA (ALPHAVILLE);K18;BARUERI;SP;723791;SCB01;XD DIADEMA;14527520;9315312;SIM;NOTIFICAÇÃO ENVIADA VIA PLANILHA POR CONTA DA ALTA DEMANDA;FINALIZADO COMO RESOLVIDO;17/08/2026;LOCALIZADO;FINALIZADO;FINALIZADO;;;-;Sudeste;NORMAL
05/08/2026;10/08/2026;260810-000173;EXTRAVIO ;CARRERA (ALPHAVILLE);K18;BARUERI;SP;723967;SCB01;XD DIADEMA;14530993/14531334/14531870;9328077;SIM;NOTIFICAÇÃO ENVIADA VIA PLANILHA POR CONTA DA ALTA DEMANDA;FINALIZADO COMO RESOLVIDO;17/08/2026;LOCALIZADO;FINALIZADO;FINALIZADO;;;-;Sudeste;NORMAL
05/08/2026;10/08/2026;260810-000174;EXTRAVIO ;CARRERA (ALPHAVILLE);K18;BARUERI;SP;723551;SCB01;XD DIADEMA;14526008;9308804;SIM;NOTIFICAÇÃO ENVIADA VIA PLANILHA POR CONTA DA ALTA DEMANDA;FINALIZADO COMO RESOLVIDO;17/08/2026;LOCALIZADO;FINALIZADO;FINALIZADO;;;-;Sudeste;NORMAL
31/07/2026;10/08/2026;260810-000175;EXTRAVIO ;CARRERA (ALPHAVILLE);K18;BARUERI;SP;722250;SCB01;XD DIADEMA;14512487;9255894/9255636;SIM;NOTIFICAÇÃO ENVIADA VIA PLANILHA POR CONTA DA ALTA DEMANDA;CARTA ENVIADA;17/08/2026;NÃO LOCALIZADO;FINALIZADO;FINALIZADO;;;-;Sudeste;NORMAL
10/08/2026;10/08/2026;260810-000177;EXTRAVIO ;GMAIS (BARRA DA TIJUCA);G40;RIO DE JANEIRO;RJ;724991;SCB01;XD DIADEMA;"/14543590;/14543587;/14542985;/14543427;/14543965/";"/9372476;/9372477;/9372504;/9373230;/9373231;/9373232;/9373757;/9373919.";SIM;NOTIFICAÇÃO ENVIADA VIA PLANILHA POR CONTA DA ALTA DEMANDA;CARTA ENVIADA;17/08/2026;NÃO LOCALIZADO;FINALIZADO;FINALIZADO;;;-;Sudeste;NORMAL
10/08/2026;10/08/2026;260810-000187;EXTRAVIO ;GMAIS (BARRA DA TIJUCA);G40;RIO DE JANEIRO;RJ;721078;SCB01;XD DIADEMA;"14496787;/14500026;/14497570;/14501351;/14500299;/14500726;/14500779;/14500780;/14500835;/14500837;/14537738/";"/9129033;/9198285;/9201228;/9201630;/9201856;/9212036;/9212046;/9212047;/9212126;/9284741.";SIM;NOTIFICAÇÃO ENVIADA VIA PLANILHA POR CONTA DA ALTA DEMANDA;CARTA ENVIADA;17/08/2026;NÃO LOCALIZADO;FINALIZADO;FINALIZADO;;;-;Sudeste;BACKLOG 22.06_23.07
10/08/2026;10/08/2026;260810-000188;EXTRAVIO ;GMAIS (BARRA DA TIJUCA);G40;RIO DE JANEIRO;RJ;724874;SCB01;XD DIADEMA;"/14542031;/14542032;/14542257;/14542538/";"/9372722;/9374445;/9374763.";SIM;NOTIFICAÇÃO ENVIADA VIA PLANILHA POR CONTA DA ALTA DEMANDA;CARTA ENVIADA;17/08/2026;NÃO LOCALIZADO;FINALIZADO;FINALIZADO;;;-;Sudeste;NORMAL
29/05/2026;10/08/2026;260810-000190;EXTRAVIO ;GMAIS (BARRA DA TIJUCA);G40;SOROCABA;SP;725405;SCB01;XD DIADEMA;14421803;"/8892319;/8892320";SIM;NOTIFICAÇÃO ENVIADA VIA PLANILHA POR CONTA DA ALTA DEMANDA;CARTA ENVIADA;17/08/2026;NÃO LOCALIZADO;FINALIZADO;FINALIZADO;;;-;Sudeste;NORMAL
29/07/2026;10/08/2026;260810-000197;EXTRAVIO ;AUTOMEC (PAULINIA);M52;INDAIATUBA;SP;721176;SCB01;ALFA;14489616;9175748;SIM;NOTIFICAÇÃO ENVIADA VIA PLANILHA POR CONTA DA ALTA DEMANDA;CARTA ENVIADA;17/08/2026;NÃO LOCALIZADO;FINALIZADO;FINALIZADO;;;-;Sudeste;BACKLOG 22.06_23.07
07/08/2026;10/08/2026;260810-000210;EXTRAVIO ;GUIAUTO (IPATINGA);D03;CORONEL FABRICIANO;MG;724402;SCB01;XD MINAS;14530589;9327036;SIM;NOTIFICAÇÃO ENVIADA VIA PLANILHA POR CONTA DA ALTA DEMANDA;CARTA ENVIADA;17/08/2026;NÃO LOCALIZADO;FINALIZADO;FINALIZADO;;;-;Sudeste;NORMAL
07/08/2026;10/08/2026;260810-000232;EXTRAVIO ;VIAMAR (PEREIRA BARRETO);B68;SAO PAULO;SP;724683;SCB01;XD DIADEMA;14538394;9364681;SIM;NOTIFICAÇÃO ENVIADA VIA PLANILHA POR CONTA DA ALTA DEMANDA;CARTA ENVIADA;17/08/2026;NÃO LOCALIZADO;FINALIZADO;FINALIZADO;;;-;Sudeste;NORMAL
06/08/2026;10/08/2026;260810-000233;EXTRAVIO ;NOVA (BELEM) - PECAS;N43;SAO BERNARDO DO CAMPO;SP;722494;SCB01;XD DIADEMA;14463028;9082080;SIM;NOTIFICAÇÃO ENVIADA VIA PLANILHA POR CONTA DA ALTA DEMANDA;CARTA ENVIADA;17/08/2026;NÃO LOCALIZADO;FINALIZADO;FINALIZADO;;;-;Sudeste;BACKLOG 22.06_23.07
30/07/2026;10/08/2026;260810-000258;EXTRAVIO ;NOVA (BELEM) - PECAS;N43;SAO BERNARDO DO CAMPO;SP;723322;SCB01;XD DIADEMA;14523423;0009337085.0009337089.;SIM;NOTIFICAÇÃO ENVIADA VIA PLANILHA POR CONTA DA ALTA DEMANDA;CARTA ENVIADA;17/08/2026;NÃO LOCALIZADO;FINALIZADO;FINALIZADO;;;-;Sudeste;NORMAL
06/08/2026;10/08/2026;260810-000264;EXTRAVIO ;NOVA (BELEM) - PECAS;N43;SAO BERNARDO DO CAMPO;SP;724422;SCB01;XD DIADEMA;14535567;9337097;SIM;NOTIFICAÇÃO ENVIADA VIA PLANILHA POR CONTA DA ALTA DEMANDA;CARTA ENVIADA;17/08/2026;NÃO LOCALIZADO;FINALIZADO;FINALIZADO;;;-;Sudeste;NORMAL
10/08/2026;10/08/2026;260810-000284;EXTRAVIO ;NOVA (BELEM) - PECAS;N43;SAO BERNARDO DO CAMPO;SP;725441;SCB01;XD DIADEMA;14550830;9403992;SIM;NOTIFICAÇÃO ENVIADA VIA PLANILHA POR CONTA DA ALTA DEMANDA;CARTA ENVIADA;17/08/2026;NÃO LOCALIZADO;FINALIZADO;FINALIZADO;;;-;Sudeste;NORMAL
10/08/2026;10/08/2026;260810-000295;EXTRAVIO ;ABSOLUTA (DIREITOS HUMANOS);D97;SÃO PAULO;SP;725359;SCB01;XD DIADEMA;14546249;9391746;SIM;NOTIFICAÇÃO ENVIADA VIA PLANILHA POR CONTA DA ALTA DEMANDA;FINALIZADO COMO RESOLVIDO;17/08/2026;LOCALIZADO;FINALIZADO;FINALIZADO;;;-;Sudeste;NORMAL
10/07/2026;10/08/2026;260810-000307;EXTRAVIO ;NOVA (BELEM) - PECAS;N43;SAO BERNARDO DO CAMPO;SP;717586;SCB01;XD DIADEMA;14453139;9037965;SIM;NOTIFICAÇÃO ENVIADA VIA PLANILHA POR CONTA DA ALTA DEMANDA;CARTA ENVIADA;17/08/2026;NÃO LOCALIZADO;FINALIZADO;FINALIZADO;;;-;Sudeste;BACKLOG 22.06_23.07
06/08/2026;10/08/2026;260810-000327;EXTRAVIO ;AUTUS (AFONSO PENA);X44;UBERLANDIA;MG;722224;SCB01;XD MINAS;14512742;9255706/9255707;SIM;NOTIFICAÇÃO ENVIADA VIA PLANILHA POR CONTA DA ALTA DEMANDA;FINALIZADO COMO RESOLVIDO;17/08/2026;LOCALIZADO;FINALIZADO;FINALIZADO;;;-;Sudeste;NORMAL
07/08/2026;10/08/2026;260810-000347;EXTRAVIO ;AUTUS (AFONSO PENA);X44;UBERLANDIA;MG;715313;SCB01;XD MINAS;14432348;8947692/8947694/8947695;SIM;NOTIFICAÇÃO ENVIADA VIA PLANILHA POR CONTA DA ALTA DEMANDA;FINALIZADO COMO RESOLVIDO;17/08/2026;LOCALIZADO;FINALIZADO;FINALIZADO;;;-;Sudeste;BACKLOG 22.06_23.07
09/07/2026;10/08/2026;260810-000388;EXTRAVIO ;ACCIOLY (DPEC UBERLANDIA);Y61;UBERLANDIA;MG;717913;SCB01;XD MINAS;14454496;9021463/9020966/9021366;SIM;NOTIFICAÇÃO ENVIADA VIA PLANILHA POR CONTA DA ALTA DEMANDA;CARTA ENVIADA;17/08/2026;NÃO LOCALIZADO;FINALIZADO;FINALIZADO;;;-;Sudeste;BACKLOG 22.06_23.07
28/07/2026;10/08/2026;260810-000389;EXTRAVIO ;ACCIOLY (DPEC UBERLANDIA);Y61;UBERLANDIA;MG;718692;SCB01;XD MINAS;14467665;0009022044/0009090966/0009107636/0009107778/87007876;SIM;NOTIFICAÇÃO ENVIADA VIA PLANILHA POR CONTA DA ALTA DEMANDA;CARTA ENVIADA;17/08/2026;NÃO LOCALIZADO;FINALIZADO;FINALIZADO;;;-;Sudeste;BACKLOG 22.06_23.07
23/07/2026;10/08/2026;260810-000390;EXTRAVIO ;ACCIOLY (DPEC UBERLANDIA);Y61;UBERLANDIA;MG;720208;SCB01;XD MINAS;14485095;0009021992/0009170065/0009170224;SIM;NOTIFICAÇÃO ENVIADA VIA PLANILHA POR CONTA DA ALTA DEMANDA;CARTA ENVIADA;17/08/2026;NÃO LOCALIZADO;FINALIZADO;FINALIZADO;;;-;Sudeste;BACKLOG 22.06_23.07
23/07/2026;10/08/2026;260810-000391;EXTRAVIO ;ACCIOLY (DPEC UBERLANDIA);Y61;UBERLANDIA;MG;720076;SCB01;XD MINAS;14488135;0009021962/0009115318;SIM;NOTIFICAÇÃO ENVIADA VIA PLANILHA POR CONTA DA ALTA DEMANDA;CARTA ENVIADA;17/08/2026;NÃO LOCALIZADO;FINALIZADO;FINALIZADO;;;-;Sudeste;BACKLOG 22.06_23.07
08/07/2026;10/08/2026;260810-000392;EXTRAVIO ;ACCIOLY (DPEC UBERLANDIA);Y61;UBERLANDIA;MG;717642;SCB01;XD MINAS;14457966;87003257;SIM;NOTIFICAÇÃO ENVIADA VIA PLANILHA POR CONTA DA ALTA DEMANDA;CARTA ENVIADA;17/08/2026;NÃO LOCALIZADO;FINALIZADO;FINALIZADO;;;-;Sudeste;BACKLOG 22.06_23.07
29/07/2026;10/08/2026;260810-000393;EXTRAVIO ;ACCIOLY (DPEC UBERLANDIA);Y61;UBERLANDIA;MG;720926;SCB01;XD MINAS;14498733;0009206192/0009206193/0009206229;SIM;NOTIFICAÇÃO ENVIADA VIA PLANILHA POR CONTA DA ALTA DEMANDA;CARTA ENVIADA;17/08/2026;NÃO LOCALIZADO;FINALIZADO;FINALIZADO;;;-;Sudeste;BACKLOG 22.06_23.07
20/07/2026;11/08/2026;260811-000007;EXTRAVIO ;RITMO (POCOS DE CALDAS);R81;POCOS DE CALDAS;MG;713716;SCB01;XD MINAS;14419756;8887471/0008887473;SIM;NOTIFICAÇÃO ENVIADA VIA PLANILHA POR CONTA DA ALTA DEMANDA;CARTA ENVIADA;18/08/2026;NÃO LOCALIZADO;FINALIZADO;FINALIZADO;;;-;Sudeste;BACKLOG 22.06_23.07
06/08/2026;11/08/2026;260811-000010;EXTRAVIO ;RITMO (POCOS DE CALDAS);R81;POCOS DE CALDAS;MG;715511;SCB01;XD MINAS;14436474;8887473;SIM;NOTIFICAÇÃO ENVIADA VIA PLANILHA POR CONTA DA ALTA DEMANDA;FINALIZADO COMO RESOLVIDO;18/08/2026;LOCALIZADO;FINALIZADO;FINALIZADO;;;-;Sudeste;BACKLOG 22.06_23.07
05/08/2026;11/08/2026;260811-000019;EXTRAVIO ;RITMO (POCOS DE CALDAS);R81;POCOS DE CALDAS;MG;715772;SCB01;XD MINAS;14439708;898751;SIM;NOTIFICAÇÃO ENVIADA VIA PLANILHA POR CONTA DA ALTA DEMANDA;CARTA ENVIADA;18/08/2026;NÃO LOCALIZADO;FINALIZADO;FINALIZADO;;;-;Sudeste;BACKLOG 22.06_23.07
05/08/2026;11/08/2026;260811-000029;EXTRAVIO ;RITMO (POCOS DE CALDAS);R81;POCOS DE CALDAS;MG;715772;SCB01;XD MINAS;14436885;0008987116/0008987114/0008989753/0008989755/0008989757;SIM;NOTIFICAÇÃO ENVIADA VIA PLANILHA POR CONTA DA ALTA DEMANDA;CARTA ENVIADA;18/08/2026;NÃO LOCALIZADO;FINALIZADO;FINALIZADO;;;-;Sudeste;BACKLOG 22.06_23.07
03/08/2026;11/08/2026;260811-000056;EXTRAVIO ;RITMO (POCOS DE CALDAS);R81;POCOS DE CALDAS;MG;717597;SCB01;XD MINAS;14455766;9053141;SIM;NOTIFICAÇÃO ENVIADA VIA PLANILHA POR CONTA DA ALTA DEMANDA;CARTA ENVIADA;18/08/2026;NÃO LOCALIZADO;FINALIZADO;FINALIZADO;;;-;Sudeste;BACKLOG 22.06_23.07
03/08/2026;11/08/2026;260811-000068;EXTRAVIO ;RITMO (POCOS DE CALDAS);R81;POCOS DE CALDAS;MG;719362;SCB01;XD MINAS;14475161;0009118192/0009118194/0009118195/0009118196;SIM;NOTIFICAÇÃO ENVIADA VIA PLANILHA POR CONTA DA ALTA DEMANDA;CARTA ENVIADA;18/08/2026;NÃO LOCALIZADO;FINALIZADO;FINALIZADO;;;-;Sudeste;BACKLOG 22.06_23.07
03/08/2026;11/08/2026;260811-000072;EXTRAVIO ;RITMO (POCOS DE CALDAS);R81;POCOS DE CALDAS;MG;719362;SCB01;XD MINAS;14477801;9132727;SIM;NOTIFICAÇÃO ENVIADA VIA PLANILHA POR CONTA DA ALTA DEMANDA;CARTA ENVIADA;18/08/2026;NÃO LOCALIZADO;FINALIZADO;FINALIZADO;;;-;Sudeste;BACKLOG 22.06_23.07
03/08/2026;11/08/2026;260811-000077;EXTRAVIO ;RITMO (POCOS DE CALDAS);R81;POCOS DE CALDAS;MG;719362;SCB01;XD MINAS;14475397;0009118212/0009118209/0009118210;SIM;NOTIFICAÇÃO ENVIADA VIA PLANILHA POR CONTA DA ALTA DEMANDA;CARTA ENVIADA;18/08/2026;NÃO LOCALIZADO;FINALIZADO;FINALIZADO;;;-;Sudeste;BACKLOG 22.06_23.07
;11/08/2026;260811-000089;EXTRAVIO ;OURICAR;O84;OURINHOS;SP;725196;SCB01;ALFA;14545387;9387520;SIM;NOTIFICAÇÃO ENVIADA VIA PLANILHA POR CONTA DA ALTA DEMANDA;CARTA ENVIADA;18/08/2026;NÃO LOCALIZADO;FINALIZADO;FINALIZADO;;;-;Sudeste;NORMAL
;11/08/2026;260811-000125;EXTRAVIO ;ABSOLUTA (SANTOS);J07;PRAIA GRANDE;SP;Sem embarque;SCB01;OPERAÇÃO SOR;14507986;9224618;SIM;NOTIFICAÇÃO ENVIADA VIA PLANILHA POR CONTA DA ALTA DEMANDA;CARTA ENVIADA;18/08/2026;NÃO LOCALIZADO;FINALIZADO;FINALIZADO;;;-;Sudeste;NORMAL
07/08/2026;11/08/2026;260811-000131;EXTRAVIO ;JORLAN (GOIANIA);J23;GOIANIA;GO;724740;SCB01;XD DIADEMA;14535634;86036681;SIM;NOTIFICAÇÃO ENVIADA VIA PLANILHA POR CONTA DA ALTA DEMANDA;FINALIZADO COMO RESOLVIDO;18/08/2026;LOCALIZADO;FINALIZADO;FINALIZADO;;;-;CO;NORMAL
10/08/2026;11/08/2026;260811-000164;EXTRAVIO ;SPASSUS;S66;JUNDIAI;SP;725668;SCB01;XD DIADEMA;14552803;9412924;SIM;NOTIFICAÇÃO ENVIADA VIA PLANILHA POR CONTA DA ALTA DEMANDA;CARTA ENVIADA;18/08/2026;NÃO LOCALIZADO;FINALIZADO;FINALIZADO;;;-;Sudeste;NORMAL
10/08/2026;11/08/2026;260811-000166;EXTRAVIO ;SPASSUS;S66;JUNDIAI;SP;725456;SCB01;XD DIADEMA;14550809;9405209;SIM;NOTIFICAÇÃO ENVIADA VIA PLANILHA POR CONTA DA ALTA DEMANDA;CARTA ENVIADA;18/08/2026;NÃO LOCALIZADO;FINALIZADO;FINALIZADO;;;-;Sudeste;NORMAL
10/08/2026;11/08/2026;260811-000170;EXTRAVIO ;SPASSUS;S66;JUNDIAI;SP;725456;SCB01;XD DIADEMA;14550812;9405211;SIM;NOTIFICAÇÃO ENVIADA VIA PLANILHA POR CONTA DA ALTA DEMANDA;CARTA ENVIADA;18/08/2026;NÃO LOCALIZADO;FINALIZADO;FINALIZADO;;;-;Sudeste;NORMAL
10/08/2026;11/08/2026;260811-000173;EXTRAVIO ;SPASSUS;S66;JUNDIAI;SP;725456;SCB01;XD DIADEMA;14550812;9405212;SIM;NOTIFICAÇÃO ENVIADA VIA PLANILHA POR CONTA DA ALTA DEMANDA;CARTA ENVIADA;18/08/2026;NÃO LOCALIZADO;FINALIZADO;FINALIZADO;;;-;Sudeste;NORMAL
22/07/2026;11/08/2026;260811-000183;EXTRAVIO ;TIGRAO (JI-PARANA);T89;JI PARANA;RO;720065;SCB01;XD DIADEMA;14445817;9007771;SIM;NOTIFICAÇÃO ENVIADA VIA PLANILHA POR CONTA DA ALTA DEMANDA;CARTA ENVIADA;18/08/2026;NÃO LOCALIZADO;FINALIZADO;FINALIZADO;;;-;Norte;BACKLOG 22.06_23.07
06/08/2026;11/08/2026;260811-000202;EXTRAVIO ;AUTUS (AFONSO PENA);X44;UBERLANDIA;MG;722955;SCB01;XD MINAS;14518597;9281725;SIM;NOTIFICAÇÃO ENVIADA VIA PLANILHA POR CONTA DA ALTA DEMANDA;CARTA ENVIADA;18/08/2026;NÃO LOCALIZADO;FINALIZADO;FINALIZADO;;;-;Sudeste;NORMAL
07/08/2026;11/08/2026;260811-000244;EXTRAVIO ;SABENAUTO (DPEC MANAUS);W93;MANAUS;AM;721960;SCB01;XD DIADEMA;14496544/14500511;0009207105//0009161259;SIM;NOTIFICAÇÃO ENVIADA VIA PLANILHA POR CONTA DA ALTA DEMANDA;CARTA ENVIADA;18/08/2026;NÃO LOCALIZADO;FINALIZADO;FINALIZADO;;;-;Norte;BACKLOG 22.06_23.07
01/09/2026;11/08/2026;260811-000250;EXTRAVIO ;SABENAUTO (DPEC MANAUS);W93;MANAUS;AM;718238;SCB01;CARVALIMA;14389531;8777241/8777492/8777494/8777495/8777830;SIM;NOTIFICAÇÃO ENVIADA VIA PLANILHA POR CONTA DA ALTA DEMANDA;CARTA ENVIADA;18/08/2026;NÃO LOCALIZADO;FINALIZADO;FINALIZADO;;;-;Norte;BACKLOG 22.06_23.07
28/07/2026;11/08/2026;260811-000257;EXTRAVIO ;CARRERA (OSASCO);J63;OSASCO;SP;722482;SCB01;XD DIADEMA;14449852; 9041988/9042119;SIM;NOTIFICAÇÃO ENVIADA VIA PLANILHA POR CONTA DA ALTA DEMANDA;CARTA ENVIADA;18/08/2026;NÃO LOCALIZADO;FINALIZADO;FINALIZADO;;;-;Sudeste;BACKLOG 22.06_23.07
04/08/2026;11/08/2026;260811-000262;EXTRAVIO ;GRANDE MINAS (PAMPULHA);F51;CONTAGEM;MG;720249;SCB01;XD MINAS;14491645/14490529/14488481;9179648/9179649/9179650/9179651/9179652/9179653/9177906/9164857;SIM;NOTIFICAÇÃO ENVIADA VIA PLANILHA POR CONTA DA ALTA DEMANDA;FINALIZADO COMO RESOLVIDO;18/08/2026;LOCALIZADO;FINALIZADO;FINALIZADO;;;-;Sudeste;BACKLOG 22.06_23.07
10/08/2026;11/08/2026;260811-000283;EXTRAVIO ;JORLAN (GOIANIA);J23;GOIANIA;GO;725541;SCB01;XD DIADEMA;14549650;9405943;SIM;NOTIFICAÇÃO ENVIADA VIA PLANILHA POR CONTA DA ALTA DEMANDA;CARTA ENVIADA;18/08/2026;NÃO LOCALIZADO;FINALIZADO;FINALIZADO;;;-;CO;NORMAL
11/08/2026;11/08/2026;260811-000289;EXTRAVIO ;AUTORIO;G52;RIO VERDE;GO;723717;SCB01;RIO VERMELHO;14526367;Aguardando retorno da concessionaria;SIM;NOTIFICAÇÃO ENVIADA VIA PLANILHA POR CONTA DA ALTA DEMANDA;Aguardando retorno;18/08/2026;EM ANDAMENTO;PENDENTE;FORA DO PRAZO;;;16 - 20 Dias;CO;NORMAL
10/08/2026;11/08/2026;260811-000291;EXTRAVIO ;JORLAN (BARAO H. DE MELO);J66;BELO HORIZONTE;MG;725008;SCB01;XD MINAS;14525770;9308329/-/9308330;SIM;NOTIFICAÇÃO ENVIADA VIA PLANILHA POR CONTA DA ALTA DEMANDA;CARTA ENVIADA;18/08/2026;NÃO LOCALIZADO;FINALIZADO;FINALIZADO;;;-;Sudeste;NORMAL
26/06/2026;11/08/2026;260811-000294;EXTRAVIO ;AUTUS (AFONSO PENA);X44;UBERLANDIA;MG;713259;SCB01;XD MINAS;14414123/14414124;8871390;SIM;NOTIFICAÇÃO ENVIADA VIA PLANILHA POR CONTA DA ALTA DEMANDA;CARTA ENVIADA;18/08/2026;NÃO LOCALIZADO;FINALIZADO;FINALIZADO;;;-;Sudeste;BACKLOG 22.06_23.07
14/08/2026;11/08/2026;260811-000306;EXTRAVIO ;GRANDE MINAS (PAMPULHA);F51;CONTAGEM;MG;725406;SCB01;XD MINAS;14421793;8892321;SIM;NOTIFICAÇÃO ENVIADA VIA PLANILHA POR CONTA DA ALTA DEMANDA;CARTA ENVIADA;18/08/2026;NÃO LOCALIZADO;FINALIZADO;FINALIZADO;;;-;Sudeste;NORMAL
03/08/2026;11/08/2026;260811-000326;EXTRAVIO ;RITMO (POCOS DE CALDAS);R81;POCOS DE CALDAS;MG;716787;SCB01;XD MINAS;14444239;0009009922/0009009930/0009009938/0009009939/0009009942;SIM;NOTIFICAÇÃO ENVIADA VIA PLANILHA POR CONTA DA ALTA DEMANDA;CARTA ENVIADA;18/08/2026;NÃO LOCALIZADO;FINALIZADO;FINALIZADO;;;-;Sudeste;BACKLOG 22.06_23.07
03/08/2026;11/08/2026;260811-000330;EXTRAVIO ;RITMO (POCOS DE CALDAS);R81;POCOS DE CALDAS;MG;716787;SCB01;XD MINAS;14444343;9008877;SIM;NOTIFICAÇÃO ENVIADA VIA PLANILHA POR CONTA DA ALTA DEMANDA;CARTA ENVIADA;18/08/2026;NÃO LOCALIZADO;FINALIZADO;FINALIZADO;;;-;Sudeste;BACKLOG 22.06_23.07
30/07/2026;11/08/2026;260811-000334;EXTRAVIO ;RITMO (POCOS DE CALDAS);R81;POCOS DE CALDAS;MG;721270;SCB01;XD MINAS;14502067;9218465;SIM;NOTIFICAÇÃO ENVIADA VIA PLANILHA POR CONTA DA ALTA DEMANDA;CARTA ENVIADA;18/08/2026;NÃO LOCALIZADO;FINALIZADO;FINALIZADO;;;-;Sudeste;BACKLOG 22.06_23.07
27/07/2026;11/08/2026;260811-000339;EXTRAVIO ;RITMO (POCOS DE CALDAS);R81;POCOS DE CALDAS;MG;720688;SCB01;XD MINAS;14495663;0009191568/0009191569/0009191570/0009191572;SIM;NOTIFICAÇÃO ENVIADA VIA PLANILHA POR CONTA DA ALTA DEMANDA;FINALIZADO COMO RESOLVIDO;18/08/2026;LOCALIZADO;FINALIZADO;FINALIZADO;;;-;Sudeste;BACKLOG 22.06_23.07
20/07/2026;11/08/2026;260811-000351;EXTRAVIO ;RITMO (POCOS DE CALDAS);R81;POCOS DE CALDAS;MG;715861;SCB01;XD MINAS;14439104;8956559;SIM;NOTIFICAÇÃO ENVIADA VIA PLANILHA POR CONTA DA ALTA DEMANDA;CARTA ENVIADA;18/08/2026;NÃO LOCALIZADO;FINALIZADO;FINALIZADO;;;-;Sudeste;BACKLOG 22.06_23.07
30/07/2026;11/08/2026;260811-000354;EXTRAVIO ;RITMO (POCOS DE CALDAS);R81;POCOS DE CALDAS;MG;722138;SCB01;XD MINAS;14508677;9239995;SIM;NOTIFICAÇÃO ENVIADA VIA PLANILHA POR CONTA DA ALTA DEMANDA;CARTA ENVIADA;18/08/2026;NÃO LOCALIZADO;FINALIZADO;FINALIZADO;;;-;Sudeste;BACKLOG 22.06_23.07
31/07/2026;11/08/2026;260811-000361;EXTRAVIO ;GRANDE MINAS (PAMPULHA);F51;CONTAGEM;MG;722708;SCB01;XD MINAS;14517774;9276362/9126316/9151284/9090353/9037139/9284426/9284743;SIM;NOTIFICAÇÃO ENVIADA VIA PLANILHA POR CONTA DA ALTA DEMANDA;CARTA ENVIADA;18/08/2026;NÃO LOCALIZADO;FINALIZADO;FINALIZADO;;;-;Sudeste;NORMAL
22/07/2026;11/08/2026;260811-000377;EXTRAVIO ;ABSOLUTA (DIREITOS HUMANOS);D97;SÃO PAULO;SP;720746;SCB01;XD DIADEMA;14478128;9132871;SIM;NOTIFICAÇÃO ENVIADA VIA PLANILHA POR CONTA DA ALTA DEMANDA;FINALIZADO COMO RESOLVIDO;18/08/2026;LOCALIZADO;FINALIZADO;FINALIZADO;;;-;Sudeste;BACKLOG 22.06_23.07
11/08/2026;11/08/2026;260811-000411;EXTRAVIO ;ACCIOLY BARAO DE LIMEIRA;A50;RIO DE JANEIRO;RJ;724804;SCB01;CAMILO;14542113;9371099/-/9371493/-/9371347;SIM;NOTIFICAÇÃO ENVIADA VIA PLANILHA POR CONTA DA ALTA DEMANDA;CARTA ENVIADA;18/08/2026;NÃO LOCALIZADO;FINALIZADO;FINALIZADO;;;-;Sudeste;NORMAL
11/08/2026;11/08/2026;260811-000412;EXTRAVIO ;ACCIOLY BARAO DE LIMEIRA;A50;RIO DE JANEIRO;RJ;724804;SCB01;CAMILO;14542107;9371099/-/9371493/-/9371347;SIM;NOTIFICAÇÃO ENVIADA VIA PLANILHA POR CONTA DA ALTA DEMANDA;CARTA ENVIADA;18/08/2026;NÃO LOCALIZADO;FINALIZADO;FINALIZADO;;;-;Sudeste;NORMAL
11/08/2026;11/08/2026;260811-000413;EXTRAVIO ;ACCIOLY BARAO DE LIMEIRA;A50;RIO DE JANEIRO;RJ;724804;SCB01;CAMILO;14541842;9371099/-/9371493/-/9371347;SIM;NOTIFICAÇÃO ENVIADA VIA PLANILHA POR CONTA DA ALTA DEMANDA;CARTA ENVIADA;18/08/2026;NÃO LOCALIZADO;FINALIZADO;FINALIZADO;;;-;Sudeste;NORMAL
23/07/2026;12/08/2026;260812-000003;EXTRAVIO ;RITMO (POCOS DE CALDAS);R81;POCOS DE CALDAS;MG;720983;SCB01;XD MINAS;14496716;0009191285/0009191286/0009191287/0009191289/0009191290/0009191291;SIM;NOTIFICAÇÃO ENVIADA VIA PLANILHA POR CONTA DA ALTA DEMANDA;FINALIZADO COMO RESOLVIDO;19/08/2026;LOCALIZADO;FINALIZADO;FINALIZADO;;;-;Sudeste;BACKLOG 22.06_23.07
23/07/2026;12/08/2026;260812-000005;EXTRAVIO ;RITMO (POCOS DE CALDAS);R81;POCOS DE CALDAS;MG;720983;SCB01;XD MINAS;14497032;80299609;SIM;NOTIFICAÇÃO ENVIADA VIA PLANILHA POR CONTA DA ALTA DEMANDA;CARTA ENVIADA;19/08/2026;NÃO LOCALIZADO;FINALIZADO;FINALIZADO;;;-;Sudeste;BACKLOG 22.06_23.07
27/07/2026;12/08/2026;260812-000053;EXTRAVIO ;ACCIOLY BARAO DE LIMEIRA;A50;BELO HORIZONTE;MG;720754;SCB01;XD DIADEMA;14497985/14496646/14496642/14496639/14497347/14497345/14497343/14496055/14497344/14497980/14497880;9201328/9201596/9201598/9201620/9201623/9201658/9201683/9201684/9198657/9198660/9198677;SIM;NOTIFICAÇÃO ENVIADA VIA PLANILHA POR CONTA DA ALTA DEMANDA;CARTA ENVIADA;19/08/2026;NÃO LOCALIZADO;FINALIZADO;FINALIZADO;;;-;Sudeste;BACKLOG 22.06_23.07
29/07/2026;12/08/2026;260812-000082;EXTRAVIO ;VIGORITO (ABC);E92;SAO PAULO;SP;722342;SCB01;XD DIADEMA;14514809/14512853/14514876/14514541/14514494/14514828/14514288/14514415/;9266433/0009256109/0009256114/0009255860/0009266132/0009266153/0009266368/000925677/0009265833/VOLUME:/0009266215;SIM;NOTIFICAÇÃO ENVIADA VIA PLANILHA POR CONTA DA ALTA DEMANDA;CARTA ENVIADA;19/08/2026;NÃO LOCALIZADO;FINALIZADO;FINALIZADO;;;-;Sudeste;NORMAL
12/08/2026;12/08/2026;260812-000086;EXTRAVIO ;VIGORITO (ABC);E92;SAO PAULO;SP;723952;SCB01;XD DIADEMA;14531133;9224717;SIM;NOTIFICAÇÃO ENVIADA VIA PLANILHA POR CONTA DA ALTA DEMANDA;CARTA ENVIADA;19/08/2026;NÃO LOCALIZADO;FINALIZADO;FINALIZADO;;;-;Sudeste;NORMAL
06/08/2026;12/08/2026;260812-000093;EXTRAVIO ;ACCIOLY BARAO DE LIMEIRA;A50;BELO HORIZONTE;MG;724171;SCB01;XD DIADEMA;14532367;9314944;SIM;NOTIFICAÇÃO ENVIADA VIA PLANILHA POR CONTA DA ALTA DEMANDA;CARTA ENVIADA;19/08/2026;NÃO LOCALIZADO;FINALIZADO;FINALIZADO;;;-;Sudeste;NORMAL
11/08/2026;12/08/2026;260812-000094;EXTRAVIO ;SPASSUS;S66;JUNDIAI;SP;725860;SCB01;XD DIADEMA;14553262;9412579;SIM;NOTIFICAÇÃO ENVIADA VIA PLANILHA POR CONTA DA ALTA DEMANDA;CARTA ENVIADA;19/08/2026;NÃO LOCALIZADO;FINALIZADO;FINALIZADO;;;-;Sudeste;NORMAL
11/08/2026;12/08/2026;260812-000097;EXTRAVIO ;SPASSUS;S66;JUNDIAI;SP;726011;SCB01;OPERAÇÃO SOR;14553211;9415643;SIM;NOTIFICAÇÃO ENVIADA VIA PLANILHA POR CONTA DA ALTA DEMANDA;CARTA ENVIADA;19/08/2026;NÃO LOCALIZADO;FINALIZADO;FINALIZADO;;;-;Sudeste;NORMAL
04/08/2026;12/08/2026;260812-000103;EXTRAVIO ;ACCIOLY BARAO DE LIMEIRA;A50;BELO HORIZONTE;MG;722321;SCB01;XD DIADEMA;14514679;9265351/9265353;SIM;NOTIFICAÇÃO ENVIADA VIA PLANILHA POR CONTA DA ALTA DEMANDA;CARTA ENVIADA;19/08/2026;NÃO LOCALIZADO;FINALIZADO;FINALIZADO;;;-;Sudeste;NORMAL
12/08/2026;12/08/2026;260812-000111;EXTRAVIO ;VIGORITO (ABC);E92;SAO PAULO;SP;723773;SCB01;XD DIADEMA;14528338;9315583;SIM;NOTIFICAÇÃO ENVIADA VIA PLANILHA POR CONTA DA ALTA DEMANDA;CARTA ENVIADA;19/08/2026;NÃO LOCALIZADO;FINALIZADO;FINALIZADO;;;-;Sudeste;NORMAL
22/07/2026;12/08/2026;260812-000123;EXTRAVIO ;VIGORITO (ABC);E92;SAO PAULO;SP;720777;SCB01;XD DIADEMA;14497127/14495958/14497639/;86027518/9191714/9190779;SIM;NOTIFICAÇÃO ENVIADA VIA PLANILHA POR CONTA DA ALTA DEMANDA;CARTA ENVIADA;19/08/2026;NÃO LOCALIZADO;FINALIZADO;FINALIZADO;;;-;Sudeste;BACKLOG 22.06_23.07
12/08/2026;12/08/2026;260812-000137;EXTRAVIO ;VIGORITO (ABC);E92;SAO PAULO;SP;725815;SCB01;XD DIADEMA;14553125/14555033;9416232/9413494;SIM;NOTIFICAÇÃO ENVIADA VIA PLANILHA POR CONTA DA ALTA DEMANDA;CARTA ENVIADA;19/08/2026;NÃO LOCALIZADO;FINALIZADO;FINALIZADO;;;-;Sudeste;NORMAL
05/08/2026;12/08/2026;260812-000136;EXTRAVIO ;VIGORITO (ABC);E92;SAO PAULO;SP;722240;SCB01;XD DIADEMA;14512772/14512636/14513006/14512826/14512379/14512568/14512702/;0009255147/0009255501/0009256046/0009255288/0009255667/0009255928/0009255984/0009255986;SIM;NOTIFICAÇÃO ENVIADA VIA PLANILHA POR CONTA DA ALTA DEMANDA;CARTA ENVIADA;19/08/2026;NÃO LOCALIZADO;FINALIZADO;FINALIZADO;;;-;Sudeste;BACKLOG 22.06_23.07
29/07/2026;12/08/2026;260812-000157;EXTRAVIO ;VIGORITO (ABC);E92;SAO PAULO;SP;722470;SCB01;XD DIADEMA;14450037/14514872/NF:/14515243/14515261/14515090/14514810/14450041;9041889/9042085/9265513/9265520/9265682/9266059/9266083/9266323/9266469;SIM;NOTIFICAÇÃO ENVIADA VIA PLANILHA POR CONTA DA ALTA DEMANDA;CARTA ENVIADA;19/08/2026;NÃO LOCALIZADO;FINALIZADO;FINALIZADO;;;-;Sudeste;BACKLOG 22.06_23.07
09/06/2026;12/08/2026;260812-000158;EXTRAVIO ;CICAL (RIBEIRAO PRETO);D96;RIBEIRÃO PRETO;SP;708221;SCB01;ALFA;14419921 - 14419918 - 14418724 - 14418699 - 14419920 - 14419916 - 14410974 - 14410419 -14410968 -14408492 - 14408728 - 14428490 - 14426997 - 14426054 - 14426048 - 1443055 - 14442652 - 14432143 - 1442794 - 14419914 - 14418073 - 14414664 - 14436371 - 14431622 - 14389939 - 14432373 - 14436750 - 14436841 - 14427036 - 14426775 - 14424321 - 14350566 - 14434806 - 14408434 - 14418454 - 14429680  ;8610121/8791195/8791196/8791198/8791199/8791205/8943382/8942669;SIM;NOTIFICAÇÃO ENVIADA VIA PLANILHA POR CONTA DA ALTA DEMANDA;CARTA ENVIADA;19/08/2026;NÃO LOCALIZADO;FINALIZADO;FINALIZADO;;;-;Sudeste;NORMAL
12/08/2026;12/08/2026;260812-000173;EXTRAVIO ;VIGORITO (ABC);E92;SAO PAULO;SP;724643;SCB01;XD DIADEMA;14537716;86028824;SIM;NOTIFICAÇÃO ENVIADA VIA PLANILHA POR CONTA DA ALTA DEMANDA;CARTA ENVIADA;19/08/2026;NÃO LOCALIZADO;FINALIZADO;FINALIZADO;;;-;Sudeste;NORMAL
12/08/2026;12/08/2026;260812-000181;EXTRAVIO ;VIGORITO (ABC);E92;SAO PAULO;SP;725402;SCB01;XD DIADEMA;14546015/14550908/14550653/14550654/14550655/14550652/14550652;/0009404165/0009404682/0009404589/0009391608;SIM;NOTIFICAÇÃO ENVIADA VIA PLANILHA POR CONTA DA ALTA DEMANDA;CARTA ENVIADA;19/08/2026;NÃO LOCALIZADO;FINALIZADO;FINALIZADO;;;-;Sudeste;NORMAL
12/08/2026;12/08/2026;260812-000186;EXTRAVIO ;VIGORITO (ABC);E92;SAO PAULO;SP;725621;SCB01;XD DIADEMA;14552425/14552822/14551368/14551080/14551362/14552916/14552776;9415985/9415419/9405171/9405050/9405052/9405053/9405064/9405100/9415623/9412893;SIM;NOTIFICAÇÃO ENVIADA VIA PLANILHA POR CONTA DA ALTA DEMANDA;CARTA ENVIADA;19/08/2026;NÃO LOCALIZADO;FINALIZADO;FINALIZADO;;;-;Sudeste;NORMAL
;12/08/2026;260812-000193;EXTRAVIO ;VIGORITO (ABC);E92;SAO PAULO;SP;724190;SCB01;XD DIADEMA;14534739/14531974/14531970;0009334103/00086029009/0009327204;SIM;NOTIFICAÇÃO ENVIADA VIA PLANILHA POR CONTA DA ALTA DEMANDA;CARTA ENVIADA;19/08/2026;NÃO LOCALIZADO;FINALIZADO;FINALIZADO;;;-;Sudeste;NORMAL
12/08/2026;12/08/2026;260812-000201;EXTRAVIO ;VIGORITO (ABC);E92;SAO PAULO;SP;723366;SCB01;XD DIADEMA;14521452/14524242;0009295775/000926544/0009266545.;SIM;NOTIFICAÇÃO ENVIADA VIA PLANILHA POR CONTA DA ALTA DEMANDA;CARTA ENVIADA;19/08/2026;NÃO LOCALIZADO;FINALIZADO;FINALIZADO;;;-;Sudeste;NORMAL
12/08/2026;12/08/2026;260812-000224;EXTRAVIO ;VIGORITO (ABC);E92;SAO PAULO;SP;724399;SCB01;XD DIADEMA;14535382/14532547/14531130/14531619;0009339655/0009331495/0009331464/00086036667.;SIM;NOTIFICAÇÃO ENVIADA VIA PLANILHA POR CONTA DA ALTA DEMANDA;CARTA ENVIADA;19/08/2026;NÃO LOCALIZADO;FINALIZADO;FINALIZADO;;;-;Sudeste;NORMAL
17/07/2026;12/08/2026;260812-000225;EXTRAVIO ;ACCIOLY BARAO DE LIMEIRA;A50;BELO HORIZONTE;MG;715305;SCB01;XD DIADEMA;14437211/14435714/14435776;8946988/8947343/8947392;SIM;NOTIFICAÇÃO ENVIADA VIA PLANILHA POR CONTA DA ALTA DEMANDA;CARTA ENVIADA;19/08/2026;NÃO LOCALIZADO;FINALIZADO;FINALIZADO;;;-;Sudeste;BACKLOG 22.06_23.07
12/08/2026;12/08/2026;260812-000363;EXTRAVIO ;NOVA (BELEM) - PECAS;N43;SAO BERNARDO DO CAMPO;SP;726555;SCB01;XD DIADEMA;14564099;9455333;SIM;NOTIFICAÇÃO ENVIADA VIA PLANILHA POR CONTA DA ALTA DEMANDA;CARTA ENVIADA;19/08/2026;NÃO LOCALIZADO;FINALIZADO;FINALIZADO;;;-;Sudeste;NORMAL
12/08/2026;12/08/2026;260812-000365;EXTRAVIO ;JORLAN (BARAO H. DE MELO);J66;BELO HORIZONTE;MG;724659;SCB01;XD MINAS;14534637;9190863;SIM;NOTIFICAÇÃO ENVIADA VIA PLANILHA POR CONTA DA ALTA DEMANDA;CARTA ENVIADA;19/08/2026;NÃO LOCALIZADO;FINALIZADO;FINALIZADO;;;-;Sudeste;NORMAL
12/08/2026;12/08/2026;260812-000369;EXTRAVIO ;JORLAN (BARAO H. DE MELO);J66;BELO HORIZONTE;MG;724890;SCB01;XD MINAS;14539119;9240000;SIM;NOTIFICAÇÃO ENVIADA VIA PLANILHA POR CONTA DA ALTA DEMANDA;CARTA ENVIADA;19/08/2026;NÃO LOCALIZADO;FINALIZADO;FINALIZADO;;;-;Sudeste;NORMAL
05/08/2026;12/08/2026;260812-000374;EXTRAVIO ;JORLAN (BARAO H. DE MELO);J66;BELO HORIZONTE;MG;723245;SCB01;XD MINAS;14521492;9291941;SIM;NOTIFICAÇÃO ENVIADA VIA PLANILHA POR CONTA DA ALTA DEMANDA;CARTA ENVIADA;19/08/2026;NÃO LOCALIZADO;FINALIZADO;FINALIZADO;;;-;Sudeste;NORMAL
05/08/2026;12/08/2026;260812-000382;EXTRAVIO ;JORLAN (BARAO H. DE MELO);J66;BELO HORIZONTE;MG;723552;SCB01;XD MINAS;14526456;9307787;SIM;NOTIFICAÇÃO ENVIADA VIA PLANILHA POR CONTA DA ALTA DEMANDA;CARTA ENVIADA;19/08/2026;NÃO LOCALIZADO;FINALIZADO;FINALIZADO;;;-;Sudeste;NORMAL
05/08/2026;12/08/2026;260812-000383;EXTRAVIO ;JORLAN (BARAO H. DE MELO);J66;BELO HORIZONTE;MG;723552;SCB01;XD MINAS;14526865;9291895;SIM;NOTIFICAÇÃO ENVIADA VIA PLANILHA POR CONTA DA ALTA DEMANDA;CARTA ENVIADA;19/08/2026;NÃO LOCALIZADO;FINALIZADO;FINALIZADO;;;-;Sudeste;NORMAL
10/08/2026;12/08/2026;260812-000386;EXTRAVIO ;PLANETA (BRASILIA);S28;BRASILIA;DF;725546;SCB01;XD DIADEMA;14549661;9406080;SIM;NOTIFICAÇÃO ENVIADA VIA PLANILHA POR CONTA DA ALTA DEMANDA;FINALIZADO COMO RESOLVIDO;19/08/2026;LOCALIZADO;FINALIZADO;FINALIZADO;;;-;CO;NORMAL
10/08/2026;12/08/2026;260812-000390;EXTRAVIO ;PLANETA (BRASILIA);S28;BRASILIA;DF;725082;SCB01;RIO VERMELHO;14545095;9384578;SIM;NOTIFICAÇÃO ENVIADA VIA PLANILHA POR CONTA DA ALTA DEMANDA;CARTA ENVIADA;19/08/2026;NÃO LOCALIZADO;FINALIZADO;FINALIZADO;;;-;CO;NORMAL
10/08/2026;12/08/2026;260812-000428;EXTRAVIO ;NOVO RIO (ARAGUAINA);N94;ARAGUAINA;TO;720194;SCB01;XD DIADEMA;14478113;87007908/87008099;SIM;NOTIFICAÇÃO ENVIADA VIA PLANILHA POR CONTA DA ALTA DEMANDA;CARTA ENVIADA;19/08/2026;NÃO LOCALIZADO;FINALIZADO;FINALIZADO;;;-;CO;BACKLOG 22.06_23.07
15/07/2026;13/08/2026;260813-000036;EXTRAVIO ;COMERCIAL GURUPI;C31;GURUPI;TO;714120;SCB01;XD DIADEMA;14423142;52141919;SIM;NOTIFICAÇÃO ENVIADA VIA PLANILHA POR CONTA DA ALTA DEMANDA;CARTA ENVIADA;20/08/2026;NÃO LOCALIZADO;FINALIZADO;FINALIZADO;;;-;CO;BACKLOG 22.06_23.07
17/08/2026;13/08/2026;260813-000096;EXTRAVIO ;PROESTE (DRACENA);P59;DRACENA;SP;720640;SCB01;ALFA;14491261;87011949/9168474;SIM;NOTIFICAÇÃO ENVIADA VIA PLANILHA POR CONTA DA ALTA DEMANDA;CARTA ENVIADA;20/08/2026;NÃO LOCALIZADO;FINALIZADO;FINALIZADO;;;-;Sudeste;BACKLOG 22.06_23.07
26/06/2026;13/08/2026;260813-000127;EXTRAVIO ;PLANETA (PARACATU);P08;PARACATU;MG;713318;SCB01;XD MINAS;14414371;0008875462/0008875410;SIM;NOTIFICAÇÃO ENVIADA VIA PLANILHA POR CONTA DA ALTA DEMANDA;CARTA ENVIADA;20/08/2026;NÃO LOCALIZADO;FINALIZADO;FINALIZADO;;;-;Sudeste;BACKLOG 22.06_23.07
;13/08/2026;260813-000233;EXTRAVIO ;NOVA (SANTO AMARO);N09;SAO PAULO;SP;726193;SCB01;XD DIADEMA;14555684;94708088;SIM;NOTIFICAÇÃO ENVIADA VIA PLANILHA POR CONTA DA ALTA DEMANDA;CARTA ENVIADA;20/08/2026;NÃO LOCALIZADO;FINALIZADO;FINALIZADO;;;-;Sudeste;NORMAL
07/07/2026;13/08/2026;260813-000341;EXTRAVIO ;APRAVEL (VOTUPORANGA);A36;JALES;SP;714351;SCB01;ALFA;14424570;8906436;SIM;NOTIFICAÇÃO ENVIADA VIA PLANILHA POR CONTA DA ALTA DEMANDA;CARTA ENVIADA;20/08/2026;NÃO LOCALIZADO;FINALIZADO;FINALIZADO;;;-;Sudeste;BACKLOG 22.06_23.07
13/07/2026;13/08/2026;260813-000359;EXTRAVIO ;VIGORITO (ABC);E92;SAO PAULO;SP;717381;SCB01;XD DIADEMA;14451621 / 14450241/14451695/14450888/14449653/14451778/14451775/14451773/14451779/14451775/14451773/14451611/14451773/14451633/14451624/14451544/14450958,14450959/14450957/14451733/14451543/14451543/14451218/14451541/14451406/14451696/14451698/14451482/14450793;0009037843/0009042018/0009036856/0009037816/0009037817/0009041870/0009037843/9024202/9024203/9024204/0009024205/9024206/9024207/9024208/9024209/0009024210./0009041976/0009037617/0009037706/0009037618/0009037843/0009037053/0009037493/0009037843/0009036980/0009037794/0009037737/0009036980/0009036980/0009041937/0009036980/0009037837/0009036856/0009037705/0009037886/0009037887/0009037888;SIM;NOTIFICAÇÃO ENVIADA VIA PLANILHA POR CONTA DA ALTA DEMANDA;CARTA ENVIADA;20/08/2026;NÃO LOCALIZADO;FINALIZADO;FINALIZADO;;;-;Sudeste;BACKLOG 22.06_23.07
13/08/2026;13/08/2026;260813-000415;EXTRAVIO ;CODIVE (CAMPINAS);K15;CAMPINAS;SP;726509;SCB01;XD DIADEMA;14562441;9446580;SIM;NOTIFICAÇÃO ENVIADA VIA PLANILHA POR CONTA DA ALTA DEMANDA;CARTA ENVIADA;20/08/2026;NÃO LOCALIZADO;FINALIZADO;FINALIZADO;;;-;Sudeste;NORMAL
12/08/2026;13/08/2026;260813-000423;EXTRAVIO ;ACCIOLY BARAO DE LIMEIRA;A50;RIO DE JANEIRO;RJ;725337;SCB01;CAMILO;14550121;9400563;SIM;NOTIFICAÇÃO ENVIADA VIA PLANILHA POR CONTA DA ALTA DEMANDA;CARTA ENVIADA;20/08/2026;NÃO LOCALIZADO;FINALIZADO;FINALIZADO;;;-;Sudeste;NORMAL
12/08/2026;13/08/2026;260813-000426;EXTRAVIO ;ACCIOLY BARAO DE LIMEIRA;A50;RIO DE JANEIRO;RJ;725337;SCB01;CAMILO;14550122;9400563;SIM;NOTIFICAÇÃO ENVIADA VIA PLANILHA POR CONTA DA ALTA DEMANDA;CARTA ENVIADA;20/08/2026;NÃO LOCALIZADO;FINALIZADO;FINALIZADO;;;-;Sudeste;NORMAL
13/08/2026;13/08/2026;260813-000438;EXTRAVIO ;ACCIOLY BARAO DE LIMEIRA;A50;RIO DE JANEIRO;RJ;726100;SCB01;CAMILO;14554024;9372092;SIM;NOTIFICAÇÃO ENVIADA VIA PLANILHA POR CONTA DA ALTA DEMANDA;CARTA ENVIADA;20/08/2026;NÃO LOCALIZADO;FINALIZADO;FINALIZADO;;;-;Sudeste;NORMAL
13/08/2026;13/08/2026;260813-000442;EXTRAVIO ;ACCIOLY BARAO DE LIMEIRA;A50;RIO DE JANEIRO;RJ;726100;SCB01;CAMILO;14553463;9400464;SIM;NOTIFICAÇÃO ENVIADA VIA PLANILHA POR CONTA DA ALTA DEMANDA;CARTA ENVIADA;20/08/2026;NÃO LOCALIZADO;FINALIZADO;FINALIZADO;;;-;Sudeste;NORMAL
13/08/2026;13/08/2026;260813-000445;EXTRAVIO ;ACCIOLY BARAO DE LIMEIRA;A50;RIO DE JANEIRO;RJ;726100;SCB01;CAMILO;14558300;9432900;SIM;NOTIFICAÇÃO ENVIADA VIA PLANILHA POR CONTA DA ALTA DEMANDA;CARTA ENVIADA;20/08/2026;NÃO LOCALIZADO;FINALIZADO;FINALIZADO;;;-;Sudeste;NORMAL
;14/08/2026;260814-000038;EXTRAVIO ;JORLAN (BRASILIA);J59;BRASILIA;DF;Sem embarque;SCB01;OPERAÇÃO SOR;14516226;9133081/9322485;SIM;NOTIFICAÇÃO ENVIADA VIA PLANILHA POR CONTA DA ALTA DEMANDA;CARTA ENVIADA;21/08/2026;NÃO LOCALIZADO;FINALIZADO;FINALIZADO;;;-;CO;NORMAL
05/08/2026;14/08/2026;260814-000080;EXTRAVIO ;PLANETA (PARACATU);P08;PARACATU;MG;723178;SCB01;XD MINAS;14522466;9292152;SIM;NOTIFICAÇÃO ENVIADA VIA PLANILHA POR CONTA DA ALTA DEMANDA;CARTA ENVIADA;21/08/2026;NÃO LOCALIZADO;FINALIZADO;FINALIZADO;;;-;Sudeste;NORMAL
07/08/2026;14/08/2026;260814-000083;EXTRAVIO ;PLANETA (PARACATU);P08;PARACATU;MG;714280;SCB01;XD MINAS;14421847;8822738;SIM;NOTIFICAÇÃO ENVIADA VIA PLANILHA POR CONTA DA ALTA DEMANDA;CARTA ENVIADA;21/08/2026;NÃO LOCALIZADO;FINALIZADO;FINALIZADO;;;-;Sudeste;BACKLOG 22.06_23.07
;14/08/2026;260814-000104;EXTRAVIO ;AUTOMEC (PAULINIA);M52;PAULINIA;SP;679452;SCB01;XD MINAS;13998145/14000101/14000801 ;80210561/7275490/7275403;SIM;NOTIFICAÇÃO ENVIADA VIA PLANILHA POR CONTA DA ALTA DEMANDA;CARTA ENVIADA;21/08/2026;NÃO LOCALIZADO;FINALIZADO;FINALIZADO;;;-;Sudeste;NORMAL
;14/08/2026;260814-000114;EXTRAVIO ;GRANDE MINAS (PAMPULHA);F51;CONTAGEM;MG;726165;SCB01;XD MINAS;14553971/14555266;9412637/9412649/9413701;SIM;NOTIFICAÇÃO ENVIADA VIA PLANILHA POR CONTA DA ALTA DEMANDA;CARTA ENVIADA;21/08/2026;NÃO LOCALIZADO;FINALIZADO;FINALIZADO;;;-;Sudeste;NORMAL
;14/08/2026;260814-000119;EXTRAVIO ;GRANDE MINAS (PAMPULHA);F51;CONTAGEM;MG;726165;SCB01;XD MINAS;14556905;9415675;SIM;NOTIFICAÇÃO ENVIADA VIA PLANILHA POR CONTA DA ALTA DEMANDA;CARTA ENVIADA;21/08/2026;NÃO LOCALIZADO;FINALIZADO;FINALIZADO;;;-;Sudeste;NORMAL
14/08/2026;14/08/2026;260814-000120;EXTRAVIO ;JORLAN (BARAO H. DE MELO);J66;BELO HORIZONTE;MG;726274;SCB01;XD MINAS;14560616;9415572/9415573/9415574;SIM;NOTIFICAÇÃO ENVIADA VIA PLANILHA POR CONTA DA ALTA DEMANDA;CARTA ENVIADA;21/08/2026;NÃO LOCALIZADO;FINALIZADO;FINALIZADO;;;-;Sudeste;NORMAL
17/08/2026;14/08/2026;260814-000128;EXTRAVIO ;GRANDE MINAS (PAMPULHA);F51;CONTAGEM;MG;726470;SCB01;XD MINAS;14563497;9416095;SIM;NOTIFICAÇÃO ENVIADA VIA PLANILHA POR CONTA DA ALTA DEMANDA;CARTA ENVIADA;21/08/2026;NÃO LOCALIZADO;FINALIZADO;FINALIZADO;;;-;Sudeste;NORMAL
03/08/2026;14/08/2026;260814-000192;EXTRAVIO ;CARRERA (OSASCO);J63;OSASCO;SP;723550;SCB01;XD DIADEMA;14527058;9305545/9305545/9305885.;SIM;NOTIFICAÇÃO ENVIADA VIA PLANILHA POR CONTA DA ALTA DEMANDA;CARTA ENVIADA;21/08/2026;NÃO LOCALIZADO;FINALIZADO;FINALIZADO;;;-;Sudeste;NORMAL
05/08/2026;14/08/2026;260814-000196;EXTRAVIO ;ACCIOLY BARAO DE LIMEIRA;A50;BELO HORIZONTE;MG;723339;SCB01;XD DIADEMA;14521373;9291943/9291978/9291979;SIM;NOTIFICAÇÃO ENVIADA VIA PLANILHA POR CONTA DA ALTA DEMANDA;CARTA ENVIADA;21/08/2026;NÃO LOCALIZADO;FINALIZADO;FINALIZADO;;;-;Sudeste;NORMAL
12/08/2026;14/08/2026;260814-000204;EXTRAVIO ;ACCIOLY BARAO DE LIMEIRA;A50;BELO HORIZONTE;MG;725369;SCB01;XD DIADEMA;14421799/14553152;8892322/8892323/9414206;SIM;NOTIFICAÇÃO ENVIADA VIA PLANILHA POR CONTA DA ALTA DEMANDA;CARTA ENVIADA;21/08/2026;NÃO LOCALIZADO;FINALIZADO;FINALIZADO;;;-;Sudeste;NORMAL
12/08/2026;14/08/2026;260814-000206;EXTRAVIO ;ACCIOLY BARAO DE LIMEIRA;A50;BELO HORIZONTE;MG;724845;SCB01;XD DIADEMA;14541944/14542808/14542999;9372629/9374599/9374755;SIM;NOTIFICAÇÃO ENVIADA VIA PLANILHA POR CONTA DA ALTA DEMANDA;CARTA ENVIADA;21/08/2026;NÃO LOCALIZADO;FINALIZADO;FINALIZADO;;;-;Sudeste;NORMAL
13/08/2026;14/08/2026;260814-000210;EXTRAVIO ;SULPAVE;S54;REGISTRO;SP;726457;SCB01;XD DIADEMA;14562333;9444176;SIM;NOTIFICAÇÃO ENVIADA VIA PLANILHA POR CONTA DA ALTA DEMANDA;CARTA ENVIADA;21/08/2026;NÃO LOCALIZADO;FINALIZADO;FINALIZADO;;;-;Sudeste;NORMAL
13/08/2026;14/08/2026;260814-000211;EXTRAVIO ;SULPAVE;S54;REGISTRO;SP;726457;SCB01;XD DIADEMA;14561676;9444275;SIM;NOTIFICAÇÃO ENVIADA VIA PLANILHA POR CONTA DA ALTA DEMANDA;CARTA ENVIADA;21/08/2026;NÃO LOCALIZADO;FINALIZADO;FINALIZADO;;;-;Sudeste;NORMAL
05/08/2026;14/08/2026;260814-000283;EXTRAVIO ;ABSOLUTA (PRAIA GRANDE);K77;PRAIA GRANDE;SP;722212;SCB01;XD DIADEMA;14512632;9246902;SIM;NOTIFICAÇÃO ENVIADA VIA PLANILHA POR CONTA DA ALTA DEMANDA;CARTA ENVIADA;21/08/2026;NÃO LOCALIZADO;FINALIZADO;FINALIZADO;;;-;Sudeste;NORMAL
;14/08/2026;260814-000313;EXTRAVIO ;PROESTE (BOTUCATU);R69;BOTUCATU;SP;Sem embarque;SCB01;OPERAÇÃO SOR;14492167;85122023;SIM;NOTIFICAÇÃO ENVIADA VIA PLANILHA POR CONTA DA ALTA DEMANDA;CARTA ENVIADA;21/08/2026;NÃO LOCALIZADO;FINALIZADO;FINALIZADO;;;-;Sudeste;NORMAL
05/08/2026;14/08/2026;260814-000329;EXTRAVIO ;ACCIOLY BARAO DE LIMEIRA;A50;BELO HORIZONTE;MG;720082;SCB01;CAMILO;14488877;9169859;SIM;NOTIFICAÇÃO ENVIADA VIA PLANILHA POR CONTA DA ALTA DEMANDA;CARTA ENVIADA;21/08/2026;NÃO LOCALIZADO;FINALIZADO;FINALIZADO;;;-;Sudeste;BACKLOG 22.06_23.07
03/08/2026;14/08/2026;260814-000383;EXTRAVIO ;AUTOCLA;I26;ITUIUTABA;MG;717067;SCB01;XD MINAS;14450332;9037317,9037651 e 9037663.;SIM;NOTIFICAÇÃO ENVIADA VIA PLANILHA POR CONTA DA ALTA DEMANDA;CARTA ENVIADA;21/08/2026;NÃO LOCALIZADO;FINALIZADO;FINALIZADO;;;-;Sudeste;BACKLOG 22.06_23.07
;14/08/2026;260814-000397;EXTRAVIO ;TIGRAO (JI-PARANA);T89;JI PARANA;RO;Sem embarque;SCB01;OPERAÇÃO SOR;14363389;98552923/98550168/;SIM;NOTIFICAÇÃO ENVIADA VIA PLANILHA POR CONTA DA ALTA DEMANDA;CARTA ENVIADA;21/08/2026;NÃO LOCALIZADO;FINALIZADO;FINALIZADO;;;-;Norte;NORMAL
31/07/2026;15/08/2026;260815-000019;EXTRAVIO ;AUTORIO;G52;RIO VERDE;GO;720463;SCB01;RIO VERMELHO;14491009/14484250/14480640/14480641/14480652/14478108/14480651/14478109/14480940;9304663 / 9264861/9288695/9369292;SIM;NOTIFICAÇÃO ENVIADA VIA PLANILHA POR CONTA DA ALTA DEMANDA;Aguardando retorno;21/08/2026;EM ANDAMENTO;PENDENTE;FORA DO PRAZO;;;11 - 15 Dias;CO;BACKLOG 22.06_23.07
05/08/2026;15/08/2026;260815-000029;EXTRAVIO ;VEMAQ (CACOAL);V80;CACOAL;MT;717790;SCB01;CARVALIMA;14447626;9008664;SIM;NOTIFICAÇÃO ENVIADA VIA PLANILHA POR CONTA DA ALTA DEMANDA;CARTA ENVIADA;21/08/2026;NÃO LOCALIZADO;FINALIZADO;FINALIZADO;;;-;CO;BACKLOG 22.06_23.07
06/08/2026;15/08/2026;260815-000030;EXTRAVIO ;VEMAQ (CACOAL);V80;CACOAL;MT;719075;SCB01;XD DIADEMA;14444438;9008855;SIM;NOTIFICAÇÃO ENVIADA VIA PLANILHA POR CONTA DA ALTA DEMANDA;CARTA ENVIADA;21/08/2026;NÃO LOCALIZADO;FINALIZADO;FINALIZADO;;;-;CO;BACKLOG 22.06_23.07
04/08/2026;15/08/2026;260815-000045;EXTRAVIO ;SABENAUTO (DPEC CUIABA);C93;CUIABA;MT;723705;SCB01;CARVALIMA;14530016;9323283;SIM;NOTIFICAÇÃO ENVIADA VIA PLANILHA POR CONTA DA ALTA DEMANDA;CARTA ENVIADA;21/08/2026;NÃO LOCALIZADO;FINALIZADO;FINALIZADO;;;-;CO;NORMAL
18/08/2026;15/08/2026;260815-000046;EXTRAVIO ;SABENAUTO (DPEC CUIABA);C93;CUIABA;MT;725525;SCB01;XD DIADEMA;14553158;9399820;SIM;NOTIFICAÇÃO ENVIADA VIA PLANILHA POR CONTA DA ALTA DEMANDA;CARTA ENVIADA;21/08/2026;NÃO LOCALIZADO;FINALIZADO;FINALIZADO;;;-;CO;NORMAL
;17/08/2026;260817-000032;EXTRAVIO ;JORLAN (GOIANIA);J23;GOIANIA;GO;726081;SCB01;XD DIADEMA;14558349;9437315;SIM;NOTIFICAÇÃO ENVIADA VIA PLANILHA POR CONTA DA ALTA DEMANDA;CARTA ENVIADA;24/08/2026;EM ANDAMENTO;PENDENTE;FORA DO PRAZO;;;11 - 15 Dias;CO;NORMAL
21/07/2026;17/08/2026;260817-000188;EXTRAVIO ;PROESTE (BOTUCATU);R69;BOTUCATU;SP;719452;SCB01;ALFA;14431049;85071090;SIM;NOTIFICAÇÃO ENVIADA VIA PLANILHA POR CONTA DA ALTA DEMANDA;CARTA ENVIADA;24/08/2026;EM ANDAMENTO;PENDENTE;FORA DO PRAZO;;;11 - 15 Dias;Sudeste;BACKLOG 22.06_23.07
13/08/2026;17/08/2026;260817-000273;EXTRAVIO ;SABENAUTO (DUQUE DE CAXIAS);U09;DUQUE DE CAXIAS;RJ;726118;SCB01;CAMILO;14556860;9411426;SIM;NOTIFICAÇÃO ENVIADA VIA PLANILHA POR CONTA DA ALTA DEMANDA;CARTA ENVIADA;24/08/2026;EM ANDAMENTO;PENDENTE;FORA DO PRAZO;;;11 - 15 Dias;Sudeste;NORMAL
13/08/2026;17/08/2026;260817-000276;EXTRAVIO ;SABENAUTO (DUQUE DE CAXIAS);U09;DUQUE DE CAXIAS;RJ;726118;SCB01;CAMILO;14556462;9411427;SIM;NOTIFICAÇÃO ENVIADA VIA PLANILHA POR CONTA DA ALTA DEMANDA;CARTA ENVIADA;24/08/2026;EM ANDAMENTO;PENDENTE;FORA DO PRAZO;;;11 - 15 Dias;Sudeste;NORMAL
30/07/2026;17/08/2026;260817-000286;EXTRAVIO ;SABENAUTO (DUQUE DE CAXIAS);U09;DUQUE DE CAXIAS;RJ;722669;SCB01;CAMILO;14514400;9265135;SIM;NOTIFICAÇÃO ENVIADA VIA PLANILHA POR CONTA DA ALTA DEMANDA;CARTA ENVIADA;24/08/2026;EM ANDAMENTO;PENDENTE;FORA DO PRAZO;;;11 - 15 Dias;Sudeste;BACKLOG 22.06_23.07
13/08/2026;17/08/2026;260817-000292;EXTRAVIO ;SABENAUTO (DUQUE DE CAXIAS);U09;DUQUE DE CAXIAS;RJ;724483;SCB01;CAMILO;14535745;9306032;SIM;NOTIFICAÇÃO ENVIADA VIA PLANILHA POR CONTA DA ALTA DEMANDA;CARTA ENVIADA;24/08/2026;EM ANDAMENTO;PENDENTE;FORA DO PRAZO;;;11 - 15 Dias;Sudeste;NORMAL
17/08/2026;17/08/2026;260817-000308;EXTRAVIO ;GRANDE MINAS (PAMPULHA);F51;CONTAGEM;MG;726507;SCB01;XD MINAS;14562260;9444726;SIM;NOTIFICAÇÃO ENVIADA VIA PLANILHA POR CONTA DA ALTA DEMANDA;CARTA ENVIADA;24/08/2026;EM ANDAMENTO;PENDENTE;FORA DO PRAZO;;;11 - 15 Dias;Sudeste;NORMAL
14/08/2026;17/08/2026;260817-000320;EXTRAVIO ;SINOSCAR;D35;NOVO HAMBURGO;RS;726713;SCB01;MINA SUL ;14548233;86033095;SIM;NOTIFICAÇÃO ENVIADA VIA PLANILHA POR CONTA DA ALTA DEMANDA;CARTA ENVIADA;24/08/2026;EM ANDAMENTO;PENDENTE;FORA DO PRAZO;;;11 - 15 Dias;Sul;NORMAL
;17/08/2026;260817-000374;EXTRAVIO ;ARTVEL;P53;MOGI GUACU;SP;725158;SCB01;ALFA;14545389;93877521;SIM;NOTIFICAÇÃO ENVIADA VIA PLANILHA POR CONTA DA ALTA DEMANDA;CARTA ENVIADA;24/08/2026;EM ANDAMENTO;PENDENTE;FORA DO PRAZO;;;11 - 15 Dias;Sudeste;NORMAL
24/07/2026;17/08/2026;260817-000385;EXTRAVIO ;CARRERA (OSASCO);J63;OSASCO;SP;721451;SCB01;XD DIADEMA;14499002 -14498788 - 14499467 -14498975 -14499481;9205271-9205272 - 9205470 - 9205468 - 9205529 - 9210350;SIM;NOTIFICAÇÃO ENVIADA VIA PLANILHA POR CONTA DA ALTA DEMANDA;CARTA ENVIADA;24/08/2026;EM ANDAMENTO;PENDENTE;FORA DO PRAZO;;;11 - 15 Dias;Sudeste;BACKLOG 22.06_23.07
03/08/2026;17/08/2026;260817-000389;EXTRAVIO ;VIGORITO (ABC);E92;SAO PAULO;SP;723361;SCB01;XD DIADEMA;14525116;9308518;SIM;NOTIFICAÇÃO ENVIADA VIA PLANILHA POR CONTA DA ALTA DEMANDA;CARTA ENVIADA;24/08/2026;EM ANDAMENTO;PENDENTE;FORA DO PRAZO;;;11 - 15 Dias;Sudeste;NORMAL
13/08/2026;17/08/2026;260817-000393;EXTRAVIO ;CARRERA (OSASCO);J63;OSASCO;SP;726430;SCB01;XD DIADEMA;14558567;9437178;SIM;NOTIFICAÇÃO ENVIADA VIA PLANILHA POR CONTA DA ALTA DEMANDA;CARTA ENVIADA;24/08/2026;EM ANDAMENTO;PENDENTE;FORA DO PRAZO;;;11 - 15 Dias;Sudeste;NORMAL
;17/08/2026;260817-000399;EXTRAVIO ;GMAIS (BARRA DA TIJUCA);G40;RIO DE JANEIRO;RJ;725890;SCB01;XD DIADEMA;14554569;9415575;SIM;NOTIFICAÇÃO ENVIADA VIA PLANILHA POR CONTA DA ALTA DEMANDA;CARTA ENVIADA;24/08/2026;EM ANDAMENTO;PENDENTE;FORA DO PRAZO;;;11 - 15 Dias;Sudeste;NORMAL
31/07/2026;17/08/2026;260817-000406;EXTRAVIO ;VEIBRAS (CARAGUATATUBA);V44;CARAGUATATUBA;SP;723191;SCB01;XD DIADEMA;14521553;9295831;SIM;NOTIFICAÇÃO ENVIADA VIA PLANILHA POR CONTA DA ALTA DEMANDA;CARTA ENVIADA;24/08/2026;EM ANDAMENTO;PENDENTE;FORA DO PRAZO;;;11 - 15 Dias;Sudeste;NORMAL
12/08/2026;17/08/2026;260817-000410;EXTRAVIO ;GMAIS (BARRA DA TIJUCA);G40;RIO DE JANEIRO;RJ;725818;SCB01;XD DIADEMA;14554812;9414350;SIM;NOTIFICAÇÃO ENVIADA VIA PLANILHA POR CONTA DA ALTA DEMANDA;CARTA ENVIADA;24/08/2026;EM ANDAMENTO;PENDENTE;FORA DO PRAZO;;;11 - 15 Dias;Sudeste;NORMAL
12/08/2026;17/08/2026;260817-000414;EXTRAVIO ;GMAIS (BARRA DA TIJUCA);G40;RIO DE JANEIRO;RJ;725563;SCB01;XD DIADEMA;14550778;9404474;SIM;NOTIFICAÇÃO ENVIADA VIA PLANILHA POR CONTA DA ALTA DEMANDA;CARTA ENVIADA;24/08/2026;EM ANDAMENTO;PENDENTE;FORA DO PRAZO;;;11 - 15 Dias;Sudeste;NORMAL
14/08/2026;17/08/2026;260817-000417;EXTRAVIO ;ROQUEVILLE;R48;SAO ROQUE;SP;727023;SCB01;XD DIADEMA;14562826;9404499;SIM;NOTIFICAÇÃO ENVIADA VIA PLANILHA POR CONTA DA ALTA DEMANDA;CARTA ENVIADA;24/08/2026;EM ANDAMENTO;PENDENTE;FORA DO PRAZO;;;11 - 15 Dias;Sudeste;NORMAL
03/08/2026;17/08/2026;260817-000420;EXTRAVIO ;AUTUS (AFONSO PENA);X44;UBERLANDIA;MG;717360;SCB01;XD MINAS;14452358;9037971;SIM;NOTIFICAÇÃO ENVIADA VIA PLANILHA POR CONTA DA ALTA DEMANDA;CARTA ENVIADA;24/08/2026;EM ANDAMENTO;PENDENTE;FORA DO PRAZO;;;11 - 15 Dias;Sudeste;BACKLOG 22.06_23.07
27/07/2026;17/08/2026;260817-000421;EXTRAVIO ;TIGRAO (JI-PARANA);T89;JI PARANA;RO;720066;SCB01;CARVALIMA;14444429;9008627;SIM;NOTIFICAÇÃO ENVIADA VIA PLANILHA POR CONTA DA ALTA DEMANDA;CARTA ENVIADA;24/08/2026;EM ANDAMENTO;PENDENTE;FORA DO PRAZO;;;11 - 15 Dias;Norte;BACKLOG 22.06_23.07
05/08/2026;17/08/2026;260817-000422;EXTRAVIO ;AUTUS (AFONSO PENA);X44;UBERLANDIA;MG;723758;SCB01;XD MINAS;14527440 -  14527882 ;9314951 - 9315574;SIM;NOTIFICAÇÃO ENVIADA VIA PLANILHA POR CONTA DA ALTA DEMANDA;CARTA ENVIADA;24/08/2026;EM ANDAMENTO;PENDENTE;FORA DO PRAZO;;;11 - 15 Dias;Sudeste;NORMAL
03/08/2026;17/08/2026;260817-000424;EXTRAVIO ;AUTUS (AFONSO PENA);X44;UBERLANDIA;MG;721416;SCB01;XD DIADEMA;14504063;9201274;SIM;NOTIFICAÇÃO ENVIADA VIA PLANILHA POR CONTA DA ALTA DEMANDA;CARTA ENVIADA;24/08/2026;EM ANDAMENTO;PENDENTE;FORA DO PRAZO;;;11 - 15 Dias;Sudeste;BACKLOG 22.06_23.07
;18/08/2026;260818-000007;EXTRAVIO ;FACIL (CASTANHAL);F95;CASTANHAL;PA;716268;SCB01;CARVALIMA;14440814;TOTAL;SIM;NOTIFICAÇÃO ENVIADA VIA PLANILHA POR CONTA DA ALTA DEMANDA;CARTA ENVIADA;25/08/2026;EM ANDAMENTO;PENDENTE;FORA DO PRAZO;;;11 - 15 Dias;Norte;BACKLOG 22.06_23.07
06/08/2026;18/08/2026;260818-000012;EXTRAVIO ;TUDO (GOIANIA);S16;GOIANIA;GO;724264;SCB01;XD DIADEMA;14534115;"9344470 -
9344472 -
9344474
- 9344424";SIM;NOTIFICAÇÃO ENVIADA VIA PLANILHA POR CONTA DA ALTA DEMANDA;CARTA ENVIADA;25/08/2026;EM ANDAMENTO;PENDENTE;FORA DO PRAZO;;;11 - 15 Dias;CO;NORMAL
14/08/2026;18/08/2026;260818-000032;EXTRAVIO ;AUTUS (AFONSO PENA);X44;UBERLANDIA;MG;725795;SCB01;XD DIADEMA;14554970;9414016;SIM;NOTIFICAÇÃO ENVIADA VIA PLANILHA POR CONTA DA ALTA DEMANDA;CARTA ENVIADA;25/08/2026;EM ANDAMENTO;PENDENTE;FORA DO PRAZO;;;11 - 15 Dias;Sudeste;NORMAL
17/08/2026;18/08/2026;260818-000038;EXTRAVIO ;NOVA (BELEM) - PECAS;N43;SAO BERNARDO DO CAMPO;SP;727494;SCB01;XD DIADEMA;14572702;9481185;SIM;NOTIFICAÇÃO ENVIADA VIA PLANILHA POR CONTA DA ALTA DEMANDA;CARTA ENVIADA;25/08/2026;EM ANDAMENTO;PENDENTE;FORA DO PRAZO;;;11 - 15 Dias;Sudeste;NORMAL
06/08/2026;18/08/2026;260818-000059;EXTRAVIO ;TUDO (GOIANIA);S16;GOIANIA;GO;724459;SCB01;XD DIADEMA;14529587;9322890;SIM;NOTIFICAÇÃO ENVIADA VIA PLANILHA POR CONTA DA ALTA DEMANDA;CARTA ENVIADA;25/08/2026;EM ANDAMENTO;PENDENTE;FORA DO PRAZO;;;11 - 15 Dias;CO;NORMAL
17/08/2026;18/08/2026;260818-000082;EXTRAVIO ;AUTOMEC (PAULINIA);M52;PAULINIA;SP;722526;SCB01;ALFA;14463050;85103942;SIM;NOTIFICAÇÃO ENVIADA VIA PLANILHA POR CONTA DA ALTA DEMANDA;CARTA ENVIADA;25/08/2026;EM ANDAMENTO;PENDENTE;FORA DO PRAZO;;;11 - 15 Dias;Sudeste;BACKLOG 22.06_23.07
;18/08/2026;260818-000087;EXTRAVIO ;TUDO (GOIANIA);S16;GOIANIA;GO;723634;SCB01;XD DIADEMA;14524798;9304647;SIM;NOTIFICAÇÃO ENVIADA VIA PLANILHA POR CONTA DA ALTA DEMANDA;CARTA ENVIADA;25/08/2026;EM ANDAMENTO;PENDENTE;FORA DO PRAZO;;;11 - 15 Dias;CO;NORMAL
10/08/2026;18/08/2026;260818-000096;EXTRAVIO ;TUDO (GOIANIA);S16;GOIANIA;GO;725086;SCB01;XD DIADEMA;14545373;9384514;SIM;NOTIFICAÇÃO ENVIADA VIA PLANILHA POR CONTA DA ALTA DEMANDA;CARTA ENVIADA;25/08/2026;EM ANDAMENTO;PENDENTE;FORA DO PRAZO;;;11 - 15 Dias;CO;NORMAL
21/07/2026;18/08/2026;260818-000112;EXTRAVIO ;AUTOGERAIS (ITAJUBA);I14;ITAJUBA;MG;712617;SCB01;CAMILO;14410139;8857591;SIM;NOTIFICAÇÃO ENVIADA VIA PLANILHA POR CONTA DA ALTA DEMANDA;CARTA ENVIADA;25/08/2026;EM ANDAMENTO;PENDENTE;FORA DO PRAZO;;;11 - 15 Dias;Sudeste;BACKLOG 22.06_23.07
16/07/2026;18/08/2026;260818-000126;EXTRAVIO ;CODIVE (CAMPINAS);K15;CAMPINAS;SP;719326;SCB01;XD DIADEMA;14478482;87002585;SIM;NOTIFICAÇÃO ENVIADA VIA PLANILHA POR CONTA DA ALTA DEMANDA;CARTA ENVIADA;25/08/2026;EM ANDAMENTO;PENDENTE;FORA DO PRAZO;;;11 - 15 Dias;Sudeste;BACKLOG 22.06_23.07
04/08/2026;18/08/2026;260818-000151;EXTRAVIO ;GALILEIA (JATAI);G55;QUIRINOPOLIS;GO;720187;SCB01;RIO VERMELHO;14480658;9102894;SIM;NOTIFICAÇÃO ENVIADA VIA PLANILHA POR CONTA DA ALTA DEMANDA;CARTA ENVIADA;25/08/2026;EM ANDAMENTO;PENDENTE;FORA DO PRAZO;;;11 - 15 Dias;CO;BACKLOG 22.06_23.07
04/08/2026;18/08/2026;260818-000153;EXTRAVIO ;GALILEIA (JATAI);G55;QUIRINOPOLIS;GO;720187;SCB01;RIO VERMELHO;14480659;9141125;SIM;NOTIFICAÇÃO ENVIADA VIA PLANILHA POR CONTA DA ALTA DEMANDA;CARTA ENVIADA;25/08/2026;EM ANDAMENTO;PENDENTE;FORA DO PRAZO;;;11 - 15 Dias;CO;BACKLOG 22.06_23.07
04/08/2026;18/08/2026;260818-000162;EXTRAVIO ;GALILEIA (JATAI);G55;QUIRINOPOLIS;GO;720187;SCB01;RIO VERMELHO;14480949;9140955;SIM;NOTIFICAÇÃO ENVIADA VIA PLANILHA POR CONTA DA ALTA DEMANDA;CARTA ENVIADA;25/08/2026;EM ANDAMENTO;PENDENTE;FORA DO PRAZO;;;11 - 15 Dias;CO;BACKLOG 22.06_23.07
04/08/2026;18/08/2026;260818-000165;EXTRAVIO ;GALILEIA (JATAI);G55;QUIRINOPOLIS;GO;720187;SCB01;RIO VERMELHO;14480951;9141080;SIM;NOTIFICAÇÃO ENVIADA VIA PLANILHA POR CONTA DA ALTA DEMANDA;CARTA ENVIADA;25/08/2026;EM ANDAMENTO;PENDENTE;FORA DO PRAZO;;;11 - 15 Dias;CO;BACKLOG 22.06_23.07
04/08/2026;18/08/2026;260818-000166;EXTRAVIO ;GALILEIA (JATAI);G55;QUIRINOPOLIS;GO;720187;SCB01;RIO VERMELHO;14478611;9033110;SIM;NOTIFICAÇÃO ENVIADA VIA PLANILHA POR CONTA DA ALTA DEMANDA;CARTA ENVIADA;25/08/2026;EM ANDAMENTO;PENDENTE;FORA DO PRAZO;;;11 - 15 Dias;CO;BACKLOG 22.06_23.07
17/07/2026;18/08/2026;260818-000196;EXTRAVIO ;AUTOGERAIS (ITAJUBA);I14;ITAJUBA;MG;713971;SCB01;XD DIADEMA;14422663;TOTAL;SIM;NOTIFICAÇÃO ENVIADA VIA PLANILHA POR CONTA DA ALTA DEMANDA;CARTA ENVIADA;25/08/2026;EM ANDAMENTO;PENDENTE;FORA DO PRAZO;;;11 - 15 Dias;Sudeste;BACKLOG 22.06_23.07
18/08/2026;18/08/2026;260818-000202;EXTRAVIO ;NOVA (SANTO AMARO);N09;SAO PAULO;SP;728335;SCB01;XD DIADEMA;14577594;9492136;SIM;NOTIFICAÇÃO ENVIADA VIA PLANILHA POR CONTA DA ALTA DEMANDA;FINALIZADO COMO RESOLVIDO;25/08/2026;EM ANDAMENTO;PENDENTE;FORA DO PRAZO;;;11 - 15 Dias;Sudeste;NORMAL
18/08/2026;18/08/2026;260818-000204;EXTRAVIO ;NOVA (SANTO AMARO);N09;SAO PAULO;SP;727842;SCB01;XD DIADEMA;14578278;9413480;SIM;NOTIFICAÇÃO ENVIADA VIA PLANILHA POR CONTA DA ALTA DEMANDA;FINALIZADO COMO RESOLVIDO;25/08/2026;EM ANDAMENTO;PENDENTE;FORA DO PRAZO;;;11 - 15 Dias;Sudeste;NORMAL
09/06/2026;18/08/2026;260818-000208;EXTRAVIO ;JORLAN (BARAO H. DE MELO);J66;BELO HORIZONTE;MG;727412;SCB01;XD MINAS;14571680;9479036 - 9479037;SIM;NOTIFICAÇÃO ENVIADA VIA PLANILHA POR CONTA DA ALTA DEMANDA;CARTA ENVIADA;25/08/2026;EM ANDAMENTO;PENDENTE;FORA DO PRAZO;;;11 - 15 Dias;Sudeste;NORMAL
18/08/2026;18/08/2026;260818-000214;EXTRAVIO ;JORLAN (BARAO H. DE MELO);J66;BELO HORIZONTE;MG;726823;SCB01;XD MINAS;14563317;9446423 - 9446424 - 9446425;SIM;NOTIFICAÇÃO ENVIADA VIA PLANILHA POR CONTA DA ALTA DEMANDA;CARTA ENVIADA;25/08/2026;EM ANDAMENTO;PENDENTE;FORA DO PRAZO;;;11 - 15 Dias;Sudeste;NORMAL
18/08/2026;18/08/2026;260818-000216;EXTRAVIO ;JORLAN (BARAO H. DE MELO);J66;BELO HORIZONTE;MG;726953;SCB01;XD MINAS;14567695;9466050;SIM;NOTIFICAÇÃO ENVIADA VIA PLANILHA POR CONTA DA ALTA DEMANDA;CARTA ENVIADA;25/08/2026;EM ANDAMENTO;PENDENTE;FORA DO PRAZO;;;11 - 15 Dias;Sudeste;NORMAL
17/08/2026;18/08/2026;260818-000253;EXTRAVIO ;SABENAUTO (DPEC MANAUS);W93;MANAUS;AM;723704;SCB01;CARVALIMA;14492025;9161126;SIM;NOTIFICAÇÃO ENVIADA VIA PLANILHA POR CONTA DA ALTA DEMANDA;CARTA ENVIADA;25/08/2026;EM ANDAMENTO;PENDENTE;FORA DO PRAZO;;;11 - 15 Dias;Norte;NORMAL
05/08/2026;18/08/2026;260818-000256;EXTRAVIO ;ARTVEL (POUSO ALEGRE);P63;POUSO ALEGRE;MG;719596;SCB01;XD DIADEMA;14483102 - 14482912 - 14482281;TOTAL;SIM;NOTIFICAÇÃO ENVIADA VIA PLANILHA POR CONTA DA ALTA DEMANDA;CARTA ENVIADA;25/08/2026;EM ANDAMENTO;PENDENTE;FORA DO PRAZO;;;11 - 15 Dias;Sudeste;BACKLOG 22.06_23.07
17/08/2026;18/08/2026;260818-000255;EXTRAVIO ;ABSOLUTA (PRAIA GRANDE);K77;PRAIA GRANDE;SP;727571;SCB01;XD DIADEMA;14575887;9492569;SIM;NOTIFICAÇÃO ENVIADA VIA PLANILHA POR CONTA DA ALTA DEMANDA;CARTA ENVIADA;25/08/2026;EM ANDAMENTO;PENDENTE;FORA DO PRAZO;;;11 - 15 Dias;Sudeste;NORMAL
17/08/2026;18/08/2026;260818-000279;EXTRAVIO ;VIGORITO (ABC);E92;SAO PAULO;SP;726805;SCB01;XD DIADEMA;14566643 - 14562892 - 14566162 - 14566483 - 14566108 - 14563876; 9413492 - 9450443 - 9464640 -  9464710 - 9464725 -  9415287;SIM;NOTIFICAÇÃO ENVIADA VIA PLANILHA POR CONTA DA ALTA DEMANDA;CARTA ENVIADA;25/08/2026;EM ANDAMENTO;PENDENTE;FORA DO PRAZO;;;11 - 15 Dias;Sudeste;NORMAL
03/08/2026;18/08/2026;260818-000281;EXTRAVIO ;AUTOGERAIS (ITAJUBA);I14;ITAJUBA;MG;717519;SCB01;CAMILO;14455939;9052378;SIM;NOTIFICAÇÃO ENVIADA VIA PLANILHA POR CONTA DA ALTA DEMANDA;CARTA ENVIADA;25/08/2026;EM ANDAMENTO;PENDENTE;FORA DO PRAZO;;;11 - 15 Dias;Sudeste;BACKLOG 22.06_23.07
03/08/2026;18/08/2026;260818-000293;EXTRAVIO ;AUTOGERAIS (ITAJUBA);I14;ITAJUBA;MG;721056;SCB01;XD DIADEMA;14500210;9211955;SIM;NOTIFICAÇÃO ENVIADA VIA PLANILHA POR CONTA DA ALTA DEMANDA;CARTA ENVIADA;25/08/2026;NÃO LOCALIZADO;FINALIZADO;FINALIZADO;;;-;Sudeste;BACKLOG 22.06_23.07
03/08/2026;18/08/2026;260818-000296;EXTRAVIO ;AUTOGERAIS (ITAJUBA);I14;ITAJUBA;MG;721056;SCB01;XD DIADEMA;14500210;9211956;SIM;NOTIFICAÇÃO ENVIADA VIA PLANILHA POR CONTA DA ALTA DEMANDA;CARTA ENVIADA;25/08/2026;NÃO LOCALIZADO;FINALIZADO;FINALIZADO;;;-;Sudeste;BACKLOG 22.06_23.07
17/08/2026;18/08/2026;260818-000297;EXTRAVIO ;VIGORITO (ABC);E92;SAO PAULO;SP;727692;SCB01;XD DIADEMA;14576361;9415664;SIM;NOTIFICAÇÃO ENVIADA VIA PLANILHA POR CONTA DA ALTA DEMANDA;CARTA ENVIADA;25/08/2026;EM ANDAMENTO;PENDENTE;FORA DO PRAZO;;;11 - 15 Dias;Sudeste;NORMAL
17/08/2026;18/08/2026;260818-000303;EXTRAVIO ;VIGORITO (ABC);E92;SAO PAULO;SP;727600;SCB01;XD DIADEMA;14574582;9491050;SIM;NOTIFICAÇÃO ENVIADA VIA PLANILHA POR CONTA DA ALTA DEMANDA;CARTA ENVIADA;25/08/2026;EM ANDAMENTO;PENDENTE;FORA DO PRAZO;;;11 - 15 Dias;Sudeste;NORMAL
03/08/2026;18/08/2026;260818-000311;EXTRAVIO ;AUTOGERAIS (ITAJUBA);I14;ITAJUBA;MG;721056;SCB01;XD DIADEMA;14500210;9211957;SIM;NOTIFICAÇÃO ENVIADA VIA PLANILHA POR CONTA DA ALTA DEMANDA;CARTA ENVIADA;25/08/2026;NÃO LOCALIZADO;FINALIZADO;FINALIZADO;;;-;Sudeste;BACKLOG 22.06_23.07
03/08/2026;18/08/2026;260818-000317;EXTRAVIO ;AUTOGERAIS (ITAJUBA);I14;ITAJUBA;MG;721056;SCB01;XD DIADEMA;14499947;9212069;SIM;NOTIFICAÇÃO ENVIADA VIA PLANILHA POR CONTA DA ALTA DEMANDA;CARTA ENVIADA;25/08/2026;EM ANDAMENTO;PENDENTE;FORA DO PRAZO;;;11 - 15 Dias;Sudeste;BACKLOG 22.06_23.07
30/07/2026;18/08/2026;260818-000318;EXTRAVIO ;CARRERA (OSASCO);J63;OSASCO;SP;723158;SCB01;XD DIADEMA;14521355;TOTAL;SIM;NOTIFICAÇÃO ENVIADA VIA PLANILHA POR CONTA DA ALTA DEMANDA;CARTA ENVIADA;25/08/2026;EM ANDAMENTO;PENDENTE;FORA DO PRAZO;;;11 - 15 Dias;Sudeste;NORMAL
03/08/2026;18/08/2026;260818-000323;EXTRAVIO ;AUTOGERAIS (ITAJUBA);I14;ITAJUBA;MG;721411;SCB01;XD DIADEMA;14503992;9223880;SIM;NOTIFICAÇÃO ENVIADA VIA PLANILHA POR CONTA DA ALTA DEMANDA;CARTA ENVIADA;25/08/2026;EM ANDAMENTO;PENDENTE;FORA DO PRAZO;;;11 - 15 Dias;Sudeste;BACKLOG 22.06_23.07
07/08/2026;18/08/2026;260818-000326;EXTRAVIO ;AUTOGERAIS (ITAJUBA);I14;ITAJUBA;MG;723927;SCB01;XD DIADEMA;14531748;9327884;SIM;NOTIFICAÇÃO ENVIADA VIA PLANILHA POR CONTA DA ALTA DEMANDA;CARTA ENVIADA;25/08/2026;EM ANDAMENTO;PENDENTE;FORA DO PRAZO;;;11 - 15 Dias;Sudeste;NORMAL
05/08/2026;18/08/2026;260818-000330;EXTRAVIO ;AUTOGERAIS (ITAJUBA);I14;ITAJUBA;MG;723506;SCB01;XD DIADEMA;14526903;9275676;SIM;NOTIFICAÇÃO ENVIADA VIA PLANILHA POR CONTA DA ALTA DEMANDA;CARTA ENVIADA;25/08/2026;EM ANDAMENTO;PENDENTE;FORA DO PRAZO;;;11 - 15 Dias;Sudeste;NORMAL
05/08/2026;18/08/2026;260818-000332;EXTRAVIO ;AUTOGERAIS (ITAJUBA);I14;ITAJUBA;MG;723506;SCB01;XD DIADEMA;14526465;9307915;SIM;NOTIFICAÇÃO ENVIADA VIA PLANILHA POR CONTA DA ALTA DEMANDA;CARTA ENVIADA;25/08/2026;EM ANDAMENTO;PENDENTE;FORA DO PRAZO;;;11 - 15 Dias;Sudeste;NORMAL
17/08/2026;18/08/2026;260818-000333;EXTRAVIO ;VIGORITO (ABC);E92;SAO PAULO;SP;727273;SCB01;XD DIADEMA;14570181;9477313;SIM;NOTIFICAÇÃO ENVIADA VIA PLANILHA POR CONTA DA ALTA DEMANDA;CARTA ENVIADA;25/08/2026;EM ANDAMENTO;PENDENTE;FORA DO PRAZO;;;11 - 15 Dias;Sudeste;NORMAL
18/08/2026;18/08/2026;260818-000366;EXTRAVIO ;SULPAVE;S54;REGISTRO;SP;727853;SCB01;XD DIADEMA;14577162;9499563;SIM;NOTIFICAÇÃO ENVIADA VIA PLANILHA POR CONTA DA ALTA DEMANDA;CARTA ENVIADA;25/08/2026;EM ANDAMENTO;PENDENTE;FORA DO PRAZO;;;11 - 15 Dias;Sudeste;NORMAL
18/08/2026;18/08/2026;260818-000367;EXTRAVIO ;SULPAVE;S54;REGISTRO;SP;727853;SCB01;XD DIADEMA;14577160;9499563;SIM;NOTIFICAÇÃO ENVIADA VIA PLANILHA POR CONTA DA ALTA DEMANDA;CARTA ENVIADA;25/08/2026;EM ANDAMENTO;PENDENTE;FORA DO PRAZO;;;11 - 15 Dias;Sudeste;NORMAL
18/08/2026;18/08/2026;260818-000368;EXTRAVIO ;SULPAVE;S54;REGISTRO;SP;727853;SCB01;XD DIADEMA;14577163;9499563;SIM;NOTIFICAÇÃO ENVIADA VIA PLANILHA POR CONTA DA ALTA DEMANDA;CARTA ENVIADA;25/08/2026;EM ANDAMENTO;PENDENTE;FORA DO PRAZO;;;11 - 15 Dias;Sudeste;NORMAL
05/08/2026;18/08/2026;260818-000396;EXTRAVIO ;ARTVEL (POUSO ALEGRE);P63;POUSO ALEGRE;MG;716082;SCB01;XD DIADEMA;206607;TOTAL;SIM;NOTIFICAÇÃO ENVIADA VIA PLANILHA POR CONTA DA ALTA DEMANDA;CARTA ENVIADA;25/08/2026;EM ANDAMENTO;PENDENTE;FORA DO PRAZO;;;11 - 15 Dias;Sudeste;BACKLOG 22.06_23.07
28/07/2026;19/08/2026;260819-000010;EXTRAVIO ;VIGORITO (ABC);E92;SAO PAULO;SP;721828;SCB01;XD DIADEMA;14507026;9237593;SIM;NOTIFICAÇÃO ENVIADA VIA PLANILHA POR CONTA DA ALTA DEMANDA;CARTA ENVIADA;26/08/2026;EM ANDAMENTO;PENDENTE;FORA DO PRAZO;;;11 - 15 Dias;Sudeste;BACKLOG 22.06_23.07
17/08/2026;19/08/2026;260819-000017;EXTRAVIO ;SPASSUS;S66;JUNDIAI;SP;727435;SCB01;XD DIADEMA;14569126;9446687;SIM;NOTIFICAÇÃO ENVIADA VIA PLANILHA POR CONTA DA ALTA DEMANDA;CARTA ENVIADA;26/08/2026;EM ANDAMENTO;PENDENTE;FORA DO PRAZO;;;11 - 15 Dias;Sudeste;NORMAL
18/08/2026;19/08/2026;260819-000020;EXTRAVIO ;SPASSUS;S66;JUNDIAI;SP;727852;SCB01;XD DIADEMA;14577655;9499601;SIM;NOTIFICAÇÃO ENVIADA VIA PLANILHA POR CONTA DA ALTA DEMANDA;CARTA ENVIADA;26/08/2026;EM ANDAMENTO;PENDENTE;FORA DO PRAZO;;;11 - 15 Dias;Sudeste;NORMAL
29/07/2026;19/08/2026;260819-000025;EXTRAVIO ;PERKAL (DOURADOS);K30;DOURADOS;MS;720870;SCB01;XD DIADEMA;14492344;9182420;SIM;NOTIFICAÇÃO ENVIADA VIA PLANILHA POR CONTA DA ALTA DEMANDA;CARTA ENVIADA;26/08/2026;EM ANDAMENTO;PENDENTE;FORA DO PRAZO;;;11 - 15 Dias;CO;BACKLOG 22.06_23.07
19/08/2026;19/08/2026;260819-000027;EXTRAVIO ;PERKAL (DOURADOS);K30;DOURADOS;MS;724575;SCB01;CARVALIMA;14538002;9357537;SIM;NOTIFICAÇÃO ENVIADA VIA PLANILHA POR CONTA DA ALTA DEMANDA;CARTA ENVIADA;26/08/2026;EM ANDAMENTO;PENDENTE;FORA DO PRAZO;;;11 - 15 Dias;CO;NORMAL
04/08/2026;19/08/2026;260819-000061;EXTRAVIO ;GALILEIA (JATAI);G55;QUIRINOPOLIS;GO;720470;SCB01;RIO VERMELHO;14492834;9047343;SIM;NOTIFICAÇÃO ENVIADA VIA PLANILHA POR CONTA DA ALTA DEMANDA;CARTA ENVIADA;26/08/2026;EM ANDAMENTO;PENDENTE;FORA DO PRAZO;;;11 - 15 Dias;CO;BACKLOG 22.06_23.07
17/07/2026;19/08/2026;260819-000062;EXTRAVIO ;GALILEIA (JATAI);G55;QUIRINOPOLIS;GO;717284;SCB01;XD DIADEMA;14450834;9033259;SIM;NOTIFICAÇÃO ENVIADA VIA PLANILHA POR CONTA DA ALTA DEMANDA;CARTA ENVIADA;26/08/2026;EM ANDAMENTO;PENDENTE;FORA DO PRAZO;;;11 - 15 Dias;CO;BACKLOG 22.06_23.07
17/07/2026;19/08/2026;260819-000064;EXTRAVIO ;GALILEIA (JATAI);G55;QUIRINOPOLIS;GO;717284;SCB01;XD DIADEMA;14453618;9046398;SIM;NOTIFICAÇÃO ENVIADA VIA PLANILHA POR CONTA DA ALTA DEMANDA;CARTA ENVIADA;26/08/2026;EM ANDAMENTO;PENDENTE;FORA DO PRAZO;;;11 - 15 Dias;CO;BACKLOG 22.06_23.07
04/08/2026;19/08/2026;260819-000065;EXTRAVIO ;GALILEIA (JATAI);G55;QUIRINOPOLIS;GO;721146;SCB01;RIO VERMELHO;14502293;9216044;SIM;NOTIFICAÇÃO ENVIADA VIA PLANILHA POR CONTA DA ALTA DEMANDA;CARTA ENVIADA;26/08/2026;EM ANDAMENTO;PENDENTE;FORA DO PRAZO;;;11 - 15 Dias;CO;BACKLOG 22.06_23.07
04/08/2026;19/08/2026;260819-000067;EXTRAVIO ;GALILEIA (JATAI);G55;QUIRINOPOLIS;GO;720187;SCB01;RIO VERMELHO;14480218;9141067;SIM;NOTIFICAÇÃO ENVIADA VIA PLANILHA POR CONTA DA ALTA DEMANDA;CARTA ENVIADA;26/08/2026;EM ANDAMENTO;PENDENTE;FORA DO PRAZO;;;11 - 15 Dias;CO;BACKLOG 22.06_23.07
03/08/2026;19/08/2026;260819-000120;EXTRAVIO ;MCV (CARATINGA);C78;CARATINGA;MG;719646;SCB01;XD DIADEMA;14482223/14482225/ 14482227/ 14482229;87003838;SIM;NOTIFICAÇÃO ENVIADA VIA PLANILHA POR CONTA DA ALTA DEMANDA;CARTA ENVIADA;26/08/2026;EM ANDAMENTO;PENDENTE;FORA DO PRAZO;;;11 - 15 Dias;Sudeste;BACKLOG 22.06_23.07
03/08/2026;19/08/2026;260819-000128;EXTRAVIO ;MCV (CARATINGA);C78;CARATINGA;MG;719646;SCB01;XD DIADEMA;14482365;87008351;SIM;NOTIFICAÇÃO ENVIADA VIA PLANILHA POR CONTA DA ALTA DEMANDA;CARTA ENVIADA;26/08/2026;EM ANDAMENTO;PENDENTE;FORA DO PRAZO;;;11 - 15 Dias;Sudeste;BACKLOG 22.06_23.07
11/08/2026;19/08/2026;260819-000177;EXTRAVIO ;LIRAUTO;L26;BOA VISTA;RR;722626;SCB01;CARVALIMA;14500316-4 e 14500328-4;9206769;SIM;NOTIFICAÇÃO ENVIADA VIA PLANILHA POR CONTA DA ALTA DEMANDA;CARTA ENVIADA;26/08/2026;EM ANDAMENTO;PENDENTE;FORA DO PRAZO;;;11 - 15 Dias;Norte;BACKLOG 22.06_23.07
10/08/2026;19/08/2026;260819-000395;EXTRAVIO ;BAVEP (BEBEDOURO);L53;BEBEDOURO;SP;724463;SCB01;ALFA;14530212;9324224;SIM;NOTIFICAÇÃO ENVIADA VIA PLANILHA POR CONTA DA ALTA DEMANDA;CARTA ENVIADA;26/08/2026;EM ANDAMENTO;PENDENTE;FORA DO PRAZO;;;11 - 15 Dias;Sudeste;NORMAL
14/08/2026;19/08/2026;260819-000386;EXTRAVIO ;CAPRICHO (SAO JOSE DOS CAMPOS);C71;SAO JOSE DOS CAMPOS;SP;726789;SCB01;XD DIADEMA;14562147;9444253;SIM;NOTIFICAÇÃO ENVIADA VIA PLANILHA POR CONTA DA ALTA DEMANDA;CARTA ENVIADA;26/08/2026;EM ANDAMENTO;PENDENTE;FORA DO PRAZO;;;11 - 15 Dias;Sudeste;NORMAL
;19/08/2026;260819-000325;EXTRAVIO ;GRANDE MINAS (PAMPULHA);F51;CONTAGEM;MG;726165;SCB01;XD MINAS;14555266;9413701;SIM;NOTIFICAÇÃO ENVIADA VIA PLANILHA POR CONTA DA ALTA DEMANDA;CARTA ENVIADA;26/08/2026;EM ANDAMENTO;PENDENTE;FORA DO PRAZO;;;11 - 15 Dias;Sudeste;NORMAL
14/08/2026;19/08/2026;260819-000321;EXTRAVIO ;GRANDE MINAS (PAMPULHA);F51;CONTAGEM;MG;725972;SCB01;XD MINAS;14553497;9416095;SIM;NOTIFICAÇÃO ENVIADA VIA PLANILHA POR CONTA DA ALTA DEMANDA;CARTA ENVIADA;26/08/2026;EM ANDAMENTO;PENDENTE;FORA DO PRAZO;;;11 - 15 Dias;Sudeste;NORMAL
14/08/2026;19/08/2026;260819-000318;EXTRAVIO ;GRANDE MINAS (PAMPULHA);F51;CONTAGEM;MG;725972;SCB01;XD MINAS;14555114 - 14555115 - 14555112;9415486;SIM;NOTIFICAÇÃO ENVIADA VIA PLANILHA POR CONTA DA ALTA DEMANDA;CARTA ENVIADA;26/08/2026;EM ANDAMENTO;PENDENTE;FORA DO PRAZO;;;11 - 15 Dias;Sudeste;NORMAL
23/07/2026;19/08/2026;260819-000222;EXTRAVIO ;CODIVE (CAMPINAS);K15;CAMPINAS;SP;721086;SCB01;XD DIADEMA;14501094;9212203- 9212204;SIM;NOTIFICAÇÃO ENVIADA VIA PLANILHA POR CONTA DA ALTA DEMANDA;CARTA ENVIADA;26/08/2026;EM ANDAMENTO;PENDENTE;FORA DO PRAZO;;;11 - 15 Dias;Sudeste;BACKLOG 22.06_23.07
23/07/2026;19/08/2026;260819-000219;EXTRAVIO ;CODIVE (CAMPINAS);K15;CAMPINAS;SP;721086;SCB01;XD DIADEMA;14500218;9212112;SIM;NOTIFICAÇÃO ENVIADA VIA PLANILHA POR CONTA DA ALTA DEMANDA;CARTA ENVIADA;26/08/2026;EM ANDAMENTO;PENDENTE;FORA DO PRAZO;;;11 - 15 Dias;Sudeste;BACKLOG 22.06_23.07
19/08/2026;19/08/2026;260819-000206;EXTRAVIO ;JORLAN (BARAO H. DE MELO);J66;BELO HORIZONTE;MG;727712;SCB01;XD MINAS;14575928;9493297 - 9493298;SIM;NOTIFICAÇÃO ENVIADA VIA PLANILHA POR CONTA DA ALTA DEMANDA;CARTA ENVIADA;26/08/2026;EM ANDAMENTO;PENDENTE;FORA DO PRAZO;;;11 - 15 Dias;Sudeste;NORMAL
19/08/2026;19/08/2026;260819-000205;EXTRAVIO ;JORLAN (BARAO H. DE MELO);J66;BELO HORIZONTE;MG;727712;SCB01;XD MINAS;14575688;9493258;SIM;NOTIFICAÇÃO ENVIADA VIA PLANILHA POR CONTA DA ALTA DEMANDA;CARTA ENVIADA;26/08/2026;EM ANDAMENTO;PENDENTE;FORA DO PRAZO;;;11 - 15 Dias;Sudeste;NORMAL
19/08/2026;19/08/2026;260819-000203;EXTRAVIO ;JORLAN (BARAO H. DE MELO);J66;BELO HORIZONTE;MG;727712;SCB01;XD MINAS;14576372;9492348;SIM;NOTIFICAÇÃO ENVIADA VIA PLANILHA POR CONTA DA ALTA DEMANDA;CARTA ENVIADA;26/08/2026;EM ANDAMENTO;PENDENTE;FORA DO PRAZO;;;11 - 15 Dias;Sudeste;NORMAL
13/08/2026;20/08/2026;260820-000342;EXTRAVIO ;NOVA (BELEM) - PECAS;N43;SAO BERNARDO DO CAMPO;SP;726280;SCB01;XD DIADEMA;14561164;9444680;SIM;NOTIFICAÇÃO ENVIADA VIA PLANILHA POR CONTA DA ALTA DEMANDA;CARTA ENVIADA;27/08/2026;EM ANDAMENTO;PENDENTE;FORA DO PRAZO;;;11 - 15 Dias;Sudeste;NORMAL
28/07/2026;20/08/2026;260820-000323;EXTRAVIO ;ORCA (BRASILIA);O28;BRASILIA;DF;720721;SCB01;XD DIADEMA;14497019;9188109;SIM;NOTIFICAÇÃO ENVIADA VIA PLANILHA POR CONTA DA ALTA DEMANDA;CARTA ENVIADA;27/08/2026;EM ANDAMENTO;PENDENTE;FORA DO PRAZO;;;11 - 15 Dias;CO;BACKLOG 22.06_23.07
28/07/2026;20/08/2026;260820-000322;EXTRAVIO ;ORCA (BRASILIA);O28;BRASILIA;DF;721674;SCB01;XD DIADEMA;14499440;9210330;SIM;NOTIFICAÇÃO ENVIADA VIA PLANILHA POR CONTA DA ALTA DEMANDA;CARTA ENVIADA;27/08/2026;EM ANDAMENTO;PENDENTE;FORA DO PRAZO;;;11 - 15 Dias;CO;BACKLOG 22.06_23.07
06/08/2026;20/08/2026;260820-000316;EXTRAVIO ;VEIBRAS;V43;SAO JOSE DOS CAMPOS;SP;721128;SCB01;XD DIADEMA;14495059 - 14495063;87082999 - 87082992;SIM;NOTIFICAÇÃO ENVIADA VIA PLANILHA POR CONTA DA ALTA DEMANDA;CARTA ENVIADA;27/08/2026;EM ANDAMENTO;PENDENTE;FORA DO PRAZO;;;11 - 15 Dias;Sudeste;BACKLOG 22.06_23.07
05/08/2026;20/08/2026;260820-000305;EXTRAVIO ;GRAMARCA (MIGUEL SUTIL);G21;CUIABA;MT;716271;SCB01;XD DIADEMA;14426514;8924968;SIM;NOTIFICAÇÃO ENVIADA VIA PLANILHA POR CONTA DA ALTA DEMANDA;CARTA ENVIADA;27/08/2026;EM ANDAMENTO;PENDENTE;FORA DO PRAZO;;;11 - 15 Dias;CO;BACKLOG 22.06_23.07
30/07/2026;20/08/2026;260820-000290;EXTRAVIO ;LAGOA;X18;BELO HORIZONTE;MG;714467;SCB01;XD MINAS;14427625;8920208;SIM;NOTIFICAÇÃO ENVIADA VIA PLANILHA POR CONTA DA ALTA DEMANDA;CARTA ENVIADA;27/08/2026;EM ANDAMENTO;PENDENTE;FORA DO PRAZO;;;11 - 15 Dias;Sudeste;BACKLOG 22.06_23.07
19/08/2026;20/08/2026;260820-000274;EXTRAVIO ;SABENAUTO (RIO BRANCO);U14;RIO BRANCO;AC;725523;SCB01;CARVALIMA;14444427;9008473;SIM;NOTIFICAÇÃO ENVIADA VIA PLANILHA POR CONTA DA ALTA DEMANDA;CARTA ENVIADA;27/08/2026;EM ANDAMENTO;PENDENTE;FORA DO PRAZO;;;11 - 15 Dias;Norte;NORMAL
19/08/2026;20/08/2026;260820-000271;EXTRAVIO ;SABENAUTO (RIO BRANCO);U14;RIO BRANCO;AC;725523;SCB01;CARVALIMA;14444457;9007741 - 9007612;SIM;NOTIFICAÇÃO ENVIADA VIA PLANILHA POR CONTA DA ALTA DEMANDA;CARTA ENVIADA;27/08/2026;EM ANDAMENTO;PENDENTE;FORA DO PRAZO;;;11 - 15 Dias;Norte;NORMAL
29/07/2026;20/08/2026;260820-000268;EXTRAVIO ;LAGOA;X18;BELO HORIZONTE;MG;716764;SCB01;OPERAÇÃO SOR;1444237 - 14443953;900994 - 9009252;SIM;NOTIFICAÇÃO ENVIADA VIA PLANILHA POR CONTA DA ALTA DEMANDA;CARTA ENVIADA;27/08/2026;EM ANDAMENTO;PENDENTE;FORA DO PRAZO;;;11 - 15 Dias;Sudeste;BACKLOG 22.06_23.07
07/08/2026;20/08/2026;260820-000262;EXTRAVIO ;ORCA (BRASILIA);O28;BRASILIA;DF;723731;SCB01;RIO VERMELHO;14525717;9312672;SIM;NOTIFICAÇÃO ENVIADA VIA PLANILHA POR CONTA DA ALTA DEMANDA;CARTA ENVIADA;27/08/2026;EM ANDAMENTO;PENDENTE;FORA DO PRAZO;;;11 - 15 Dias;CO;NORMAL
12/08/2026;20/08/2026;260820-000231;EXTRAVIO ;PRIMARCA (ENPV BARALDI);P71;SAO PAULO;SP;726004;SCB01;XD DIADEMA;14554059;9419835;SIM;NOTIFICAÇÃO ENVIADA VIA PLANILHA POR CONTA DA ALTA DEMANDA;FINALIZADO COMO RESOLVIDO;27/08/2026;LOCALIZADO;FINALIZADO;FINALIZADO;;;-;Sudeste;NORMAL
20/08/2026;20/08/2026;260820-000114;EXTRAVIO ;SABENAUTO (DUQUE DE CAXIAS);U09;DUQUE DE CAXIAS;RJ;728204;SCB01;CAMILO;14573990;9486932;SIM;NOTIFICAÇÃO ENVIADA VIA PLANILHA POR CONTA DA ALTA DEMANDA;CARTA ENVIADA;27/08/2026;EM ANDAMENTO;PENDENTE;FORA DO PRAZO;;;11 - 15 Dias;Sudeste;NORMAL
19/08/2026;20/08/2026;260820-000107;EXTRAVIO ;PERKAL (CAMPO GRANDE);P04;CAMPO GRANDE;MS;726362;SCB01;CARVALIMA;14528562;9314592;SIM;NOTIFICAÇÃO ENVIADA VIA PLANILHA POR CONTA DA ALTA DEMANDA;CARTA ENVIADA;27/08/2026;EM ANDAMENTO;PENDENTE;FORA DO PRAZO;;;11 - 15 Dias;CO;NORMAL
24/08/2026;20/08/2026;260820-000096;EXTRAVIO ;OURICAR;O84;OURINHOS;SP;727221;SCB01;ALFA;14570616;9477472;SIM;NOTIFICAÇÃO ENVIADA VIA PLANILHA POR CONTA DA ALTA DEMANDA;CARTA ENVIADA;27/08/2026;EM ANDAMENTO;PENDENTE;FORA DO PRAZO;;;11 - 15 Dias;Sudeste;NORMAL
22/07/2026;20/08/2026;260820-000083;EXTRAVIO ;CODIVE (CAMPINAS);K15;CAMPINAS;SP;720540;SCB01;XD DIADEMA;14474631;9120139;SIM;NOTIFICAÇÃO ENVIADA VIA PLANILHA POR CONTA DA ALTA DEMANDA;CARTA ENVIADA;27/08/2026;EM ANDAMENTO;PENDENTE;FORA DO PRAZO;;;11 - 15 Dias;Sudeste;BACKLOG 22.06_23.07
10/08/2026;20/08/2026;260820-000079;EXTRAVIO ;SEMPRE (GOIANIA);C66;GOIANIA;GO;723737;SCB01;XD DIADEMA;14529539;9322451;SIM;NOTIFICAÇÃO ENVIADA VIA PLANILHA POR CONTA DA ALTA DEMANDA;CARTA ENVIADA;27/08/2026;EM ANDAMENTO;PENDENTE;FORA DO PRAZO;;;11 - 15 Dias;CO;NORMAL
19/08/2026;21/08/2026;260821-000377;EXTRAVIO ;AUTUS (AFONSO PENA);X44;UBERLANDIA;MG;727384;SCB01;XD MINAS;14571431;9479018;SIM;NOTIFICAÇÃO ENVIADA VIA PLANILHA POR CONTA DA ALTA DEMANDA;CARTA ENVIADA;28/08/2026;EM ANDAMENTO;PENDENTE;FORA DO PRAZO;;;11 - 15 Dias;Sudeste;NORMAL
15/07/2026;21/08/2026;260821-000342;EXTRAVIO ;CODIVE (CAMPINAS);K15;CAMPINAS;SP;717104;SCB01;XD DIADEMA;14450760;9036996;SIM;NOTIFICAÇÃO ENVIADA VIA PLANILHA POR CONTA DA ALTA DEMANDA;CARTA ENVIADA;28/08/2026;EM ANDAMENTO;PENDENTE;FORA DO PRAZO;;;11 - 15 Dias;Sudeste;BACKLOG 22.06_23.07
15/07/2026;21/08/2026;260821-000338;EXTRAVIO ;CODIVE (CAMPINAS);K15;CAMPINAS;SP;717104;SCB01;XD DIADEMA;14451338;9037036;SIM;NOTIFICAÇÃO ENVIADA VIA PLANILHA POR CONTA DA ALTA DEMANDA;CARTA ENVIADA;28/08/2026;EM ANDAMENTO;PENDENTE;FORA DO PRAZO;;;11 - 15 Dias;Sudeste;BACKLOG 22.06_23.07
21/08/2026;21/08/2026;260821-000311;EXTRAVIO ;SABENAUTO (DPEC FECHADO BRASILIA);T94;BRASILIA;DF;727770;SCB01;RIO VERMELHO;14577025;9498663;SIM;NOTIFICAÇÃO ENVIADA VIA PLANILHA POR CONTA DA ALTA DEMANDA;FINALIZADO COMO RESOLVIDO;28/08/2026;LOCALIZADO;FINALIZADO;FINALIZADO;;;-;CO;NORMAL
20/08/2026;21/08/2026;260821-000237;EXTRAVIO ;GRANDE MINAS (PAMPULHA);F51;CONTAGEM;MG;727604;SCB01;XD MINAS;14575628;9493263;SIM;NOTIFICAÇÃO ENVIADA VIA PLANILHA POR CONTA DA ALTA DEMANDA;CARTA ENVIADA;28/08/2026;EM ANDAMENTO;PENDENTE;FORA DO PRAZO;;;11 - 15 Dias;Sudeste;NORMAL
29/07/2026;21/08/2026;260821-000228;EXTRAVIO ;VIGORITO (ABC);E92;SAO PAULO;SP;721723;SCB01;XD DIADEMA;14504396;9224656;SIM;NOTIFICAÇÃO ENVIADA VIA PLANILHA POR CONTA DA ALTA DEMANDA;CARTA ENVIADA;28/08/2026;EM ANDAMENTO;PENDENTE;FORA DO PRAZO;;;11 - 15 Dias;Sudeste;BACKLOG 22.06_23.07
18/08/2026;21/08/2026;260821-000210;EXTRAVIO ;NOVA (BELEM) - PECAS;N43;SAO BERNARDO DO CAMPO;SP;727841;SCB01;XD DIADEMA;14578289;9413477;SIM;NOTIFICAÇÃO ENVIADA VIA PLANILHA POR CONTA DA ALTA DEMANDA;CARTA ENVIADA;28/08/2026;EM ANDAMENTO;PENDENTE;FORA DO PRAZO;;;11 - 15 Dias;Sudeste;NORMAL
10/07/2026;21/08/2026;260821-000209;EXTRAVIO ;NOVA (BELEM) - PECAS;N43;SAO BERNARDO DO CAMPO;SP;717671;SCB01;XD DIADEMA;14454545;9053190;SIM;NOTIFICAÇÃO ENVIADA VIA PLANILHA POR CONTA DA ALTA DEMANDA;CARTA ENVIADA;28/08/2026;EM ANDAMENTO;PENDENTE;FORA DO PRAZO;;;11 - 15 Dias;Sudeste;BACKLOG 22.06_23.07
08/07/2026;21/08/2026;260821-000177;EXTRAVIO ;ACCIOLY BARAO DE LIMEIRA;A50;SAO JOSE DOS CAMPOS;SP;714568;SCB01;OPERAÇÃO SOR;14428606;8921348;SIM;NOTIFICAÇÃO ENVIADA VIA PLANILHA POR CONTA DA ALTA DEMANDA;CARTA ENVIADA;28/08/2026;EM ANDAMENTO;PENDENTE;FORA DO PRAZO;;;11 - 15 Dias;Sudeste;BACKLOG 22.06_23.07
10/07/2026;21/08/2026;260821-000176;EXTRAVIO ;ACCIOLY BARAO DE LIMEIRA;A50;SAO JOSE DOS CAMPOS;SP;716431;SCB01;OPERAÇÃO SOR;14442568;9009504;SIM;NOTIFICAÇÃO ENVIADA VIA PLANILHA POR CONTA DA ALTA DEMANDA;CARTA ENVIADA;28/08/2026;EM ANDAMENTO;PENDENTE;FORA DO PRAZO;;;11 - 15 Dias;Sudeste;BACKLOG 22.06_23.07
22/07/2026;21/08/2026;260821-000164;EXTRAVIO ;ACCIOLY BARAO DE LIMEIRA;A50;SAO PAULO;SP;714414;SCB01;OPERAÇÃO SOR;14428325;8918227;SIM;NOTIFICAÇÃO ENVIADA VIA PLANILHA POR CONTA DA ALTA DEMANDA;CARTA ENVIADA;28/08/2026;EM ANDAMENTO;PENDENTE;FORA DO PRAZO;;;11 - 15 Dias;Sudeste;BACKLOG 22.06_23.07
25/06/2026;21/08/2026;260821-000160;EXTRAVIO ;ACCIOLY BARAO DE LIMEIRA;A50;SAO PAULO;SP;713207;SCB01;OPERAÇÃO SOR;14417323;8883610;SIM;NOTIFICAÇÃO ENVIADA VIA PLANILHA POR CONTA DA ALTA DEMANDA;CARTA ENVIADA;28/08/2026;EM ANDAMENTO;PENDENTE;FORA DO PRAZO;;;11 - 15 Dias;Sudeste;BACKLOG 22.06_23.07
22/07/2026;21/08/2026;260821-000158;EXTRAVIO ;ACCIOLY BARAO DE LIMEIRA;A50;SAO PAULO;SP;714571;SCB01;OPERAÇÃO SOR;14427422;8918348;SIM;NOTIFICAÇÃO ENVIADA VIA PLANILHA POR CONTA DA ALTA DEMANDA;CARTA ENVIADA;28/08/2026;EM ANDAMENTO;PENDENTE;FORA DO PRAZO;;;11 - 15 Dias;Sudeste;BACKLOG 22.06_23.07
07/08/2026;21/08/2026;260821-000155;EXTRAVIO ;ACCIOLY BARAO DE LIMEIRA;A50;SAO PAULO;SP;715987;SCB01;OPERAÇÃO SOR;14441104;8994783;SIM;NOTIFICAÇÃO ENVIADA VIA PLANILHA POR CONTA DA ALTA DEMANDA;CARTA ENVIADA;28/08/2026;EM ANDAMENTO;PENDENTE;FORA DO PRAZO;;;11 - 15 Dias;Sudeste;BACKLOG 22.06_23.07
17/07/2026;21/08/2026;260821-000148;EXTRAVIO ;ACCIOLY BARAO DE LIMEIRA;A50;SAO PAULO;SP;719759;SCB01;OPERAÇÃO SOR;14485631;9155185;SIM;NOTIFICAÇÃO ENVIADA VIA PLANILHA POR CONTA DA ALTA DEMANDA;CARTA ENVIADA;28/08/2026;EM ANDAMENTO;PENDENTE;FORA DO PRAZO;;;11 - 15 Dias;Sudeste;BACKLOG 22.06_23.07
14/07/2026;21/08/2026;260821-000144;EXTRAVIO ;ACCIOLY BARAO DE LIMEIRA;A50;SAO PAULO;SP;718682;SCB01;OPERAÇÃO SOR;14470596;9089672;SIM;NOTIFICAÇÃO ENVIADA VIA PLANILHA POR CONTA DA ALTA DEMANDA;CARTA ENVIADA;28/08/2026;EM ANDAMENTO;PENDENTE;FORA DO PRAZO;;;11 - 15 Dias;Sudeste;BACKLOG 22.06_23.07
10/07/2026;21/08/2026;260821-000141;EXTRAVIO ;ACCIOLY BARAO DE LIMEIRA;A50;SAO PAULO;SP;718440;SCB01;OPERAÇÃO SOR;14469638;9063510;SIM;NOTIFICAÇÃO ENVIADA VIA PLANILHA POR CONTA DA ALTA DEMANDA;CARTA ENVIADA;28/08/2026;EM ANDAMENTO;PENDENTE;FORA DO PRAZO;;;11 - 15 Dias;Sudeste;BACKLOG 22.06_23.07
10/07/2026;21/08/2026;260821-000139;EXTRAVIO ;ACCIOLY BARAO DE LIMEIRA;A50;SAO PAULO;SP;718440;SCB01;OPERAÇÃO SOR;14469637;9063508;SIM;NOTIFICAÇÃO ENVIADA VIA PLANILHA POR CONTA DA ALTA DEMANDA;CARTA ENVIADA;28/08/2026;EM ANDAMENTO;PENDENTE;FORA DO PRAZO;;;11 - 15 Dias;Sudeste;BACKLOG 22.06_23.07
07/07/2026;21/08/2026;260821-000133;EXTRAVIO ;ACCIOLY BARAO DE LIMEIRA;A50;SAO PAULO;SP;717489;SCB01;OPERAÇÃO SOR;14457629;9063146;SIM;NOTIFICAÇÃO ENVIADA VIA PLANILHA POR CONTA DA ALTA DEMANDA;CARTA ENVIADA;28/08/2026;EM ANDAMENTO;PENDENTE;FORA DO PRAZO;;;11 - 15 Dias;Sudeste;BACKLOG 22.06_23.07
07/07/2026;21/08/2026;260821-000131;EXTRAVIO ;ACCIOLY BARAO DE LIMEIRA;A50;SAO PAULO;SP;717489;SCB01;OPERAÇÃO SOR;14457402;9063186;SIM;NOTIFICAÇÃO ENVIADA VIA PLANILHA POR CONTA DA ALTA DEMANDA;CARTA ENVIADA;28/08/2026;EM ANDAMENTO;PENDENTE;FORA DO PRAZO;;;11 - 15 Dias;Sudeste;BACKLOG 22.06_23.07
22/07/2026;21/08/2026;260821-000129;EXTRAVIO ;ACCIOLY BARAO DE LIMEIRA;A50;SAO PAULO;SP;720923;SCB01;OPERAÇÃO SOR;14499149;9205349;SIM;NOTIFICAÇÃO ENVIADA VIA PLANILHA POR CONTA DA ALTA DEMANDA;CARTA ENVIADA;28/08/2026;EM ANDAMENTO;PENDENTE;FORA DO PRAZO;;;11 - 15 Dias;Sudeste;BACKLOG 22.06_23.07
07/07/2026;21/08/2026;260821-000127;EXTRAVIO ;ACCIOLY BARAO DE LIMEIRA;A50;SAO PAULO;SP;717243;SCB01;OPERAÇÃO SOR;14453627;9049346;SIM;NOTIFICAÇÃO ENVIADA VIA PLANILHA POR CONTA DA ALTA DEMANDA;CARTA ENVIADA;28/08/2026;EM ANDAMENTO;PENDENTE;FORA DO PRAZO;;;11 - 15 Dias;Sudeste;BACKLOG 22.06_23.07
13/08/2026;21/08/2026;260821-000125;EXTRAVIO ;ACCIOLY BARAO DE LIMEIRA;A50;SAO PAULO;SP;726385;SCB01;OPERAÇÃO SOR;14559851;0009433069 / 0009433071;SIM;NOTIFICAÇÃO ENVIADA VIA PLANILHA POR CONTA DA ALTA DEMANDA;CARTA ENVIADA;28/08/2026;EM ANDAMENTO;PENDENTE;FORA DO PRAZO;;;11 - 15 Dias;Sudeste;NORMAL
07/08/2026;21/08/2026;260821-000124;EXTRAVIO ;ACCIOLY BARAO DE LIMEIRA;A50;SAO PAULO;SP;724169;SCB01;XD DIADEMA;14531950;9324721;SIM;NOTIFICAÇÃO ENVIADA VIA PLANILHA POR CONTA DA ALTA DEMANDA;CARTA ENVIADA;28/08/2026;EM ANDAMENTO;PENDENTE;FORA DO PRAZO;;;11 - 15 Dias;Sudeste;NORMAL
02/07/2026;21/08/2026;260821-000121;EXTRAVIO ;ACCIOLY BARAO DE LIMEIRA;A50;SAO PAULO;SP;714226;SCB01;OPERAÇÃO SOR;14423974;0008899057 / 0008899058 / 0008899059 / 0008899060 / 0008899061;SIM;NOTIFICAÇÃO ENVIADA VIA PLANILHA POR CONTA DA ALTA DEMANDA;CARTA ENVIADA;28/08/2026;EM ANDAMENTO;PENDENTE;FORA DO PRAZO;;;11 - 15 Dias;Sudeste;BACKLOG 22.06_23.07
22/07/2026;21/08/2026;260821-000119;EXTRAVIO ;ACCIOLY BARAO DE LIMEIRA;A50;SAO PAULO;SP;715793;SCB01;OPERAÇÃO SOR;14439379;8994323;SIM;NOTIFICAÇÃO ENVIADA VIA PLANILHA POR CONTA DA ALTA DEMANDA;CARTA ENVIADA;28/08/2026;EM ANDAMENTO;PENDENTE;FORA DO PRAZO;;;11 - 15 Dias;Sudeste;BACKLOG 22.06_23.07
10/08/2026;21/08/2026;260821-000093;EXTRAVIO ;NACAO (CAMPO GRANDE);N21;CAMPO GRANDE;MS;716272;SCB01;CARVALIMA;14417784 - 14440504 - 14440603 - 14439645;8890500 - 8993806 - 8997505;SIM;NOTIFICAÇÃO ENVIADA VIA PLANILHA POR CONTA DA ALTA DEMANDA;CARTA ENVIADA;28/08/2026;EM ANDAMENTO;PENDENTE;FORA DO PRAZO;;;11 - 15 Dias;CO;BACKLOG 22.06_23.07
31/07/2026;21/08/2026;260821-000062;EXTRAVIO ;MCV (CARATINGA);C78;CARATINGA;MG;722124;SCB01;XD MINAS;14510741;9247144;SIM;NOTIFICAÇÃO ENVIADA VIA PLANILHA POR CONTA DA ALTA DEMANDA;CARTA ENVIADA;28/08/2026;EM ANDAMENTO;PENDENTE;FORA DO PRAZO;;;11 - 15 Dias;Sudeste;NORMAL
21/08/2026;21/08/2026;260821-000061;EXTRAVIO ;GRANDE MINAS (PAMPULHA);F51;CONTAGEM;MG;728310;SCB01;XD MINAS;14577725;9499837, 9499838, 9499839, 9499840, 9499841, 9499842;SIM;NOTIFICAÇÃO ENVIADA VIA PLANILHA POR CONTA DA ALTA DEMANDA;CARTA ENVIADA;28/08/2026;EM ANDAMENTO;PENDENTE;FORA DO PRAZO;;;11 - 15 Dias;Sudeste;NORMAL
03/08/2026;24/08/2026;260824-000058;EXTRAVIO ;AUTUS (AFONSO PENA);X44;UBERLANDIA;MG;717811;SCB01;XD MINAS;14459766;9064384;SIM;NOTIFICAÇÃO ENVIADA VIA PLANILHA POR CONTA DA ALTA DEMANDA;CARTA ENVIADA;31/08/2026;EM ANDAMENTO;PENDENTE;FORA DO PRAZO;;;6 - 10 Dias;Sudeste;BACKLOG 22.06_23.07
31/07/2026;24/08/2026;260824-000085;EXTRAVIO ;ACCIOLY (DPEC UBERLANDIA);Y61;UBERLANDIA;MG;718247;SCB01;XD MINAS;14464070;9021954;SIM;NOTIFICAÇÃO ENVIADA VIA PLANILHA POR CONTA DA ALTA DEMANDA;CARTA ENVIADA;31/08/2026;EM ANDAMENTO;PENDENTE;FORA DO PRAZO;;;6 - 10 Dias;Sudeste;BACKLOG 22.06_23.07
03/08/2026;24/08/2026;260824-000087;EXTRAVIO ;ACCIOLY (DPEC UBERLANDIA);Y61;UBERLANDIA;MG;719281;SCB01;XD MINAS;14474659;0009114762 e 0009115279;SIM;NOTIFICAÇÃO ENVIADA VIA PLANILHA POR CONTA DA ALTA DEMANDA;CARTA ENVIADA;31/08/2026;EM ANDAMENTO;PENDENTE;FORA DO PRAZO;;;6 - 10 Dias;Sudeste;BACKLOG 22.06_23.07
31/07/2026;24/08/2026;260824-000089;EXTRAVIO ;ACCIOLY (DPEC UBERLANDIA);Y61;UBERLANDIA;MG;719494;SCB01;XD MINAS;14482627;9144436 - 9137475 - 9137486;SIM;NOTIFICAÇÃO ENVIADA VIA PLANILHA POR CONTA DA ALTA DEMANDA;CARTA ENVIADA;31/08/2026;EM ANDAMENTO;PENDENTE;FORA DO PRAZO;;;6 - 10 Dias;Sudeste;BACKLOG 22.06_23.07
20/08/2026;24/08/2026;260824-000090;EXTRAVIO ;ACCIOLY (DPEC UBERLANDIA);Y61;UBERLANDIA;MG;727367;SCB01;XD MINAS;14571865;9479232;SIM;NOTIFICAÇÃO ENVIADA VIA PLANILHA POR CONTA DA ALTA DEMANDA;CARTA ENVIADA;31/08/2026;EM ANDAMENTO;PENDENTE;FORA DO PRAZO;;;6 - 10 Dias;Sudeste;NORMAL
31/07/2026;24/08/2026;260824-000092;EXTRAVIO ;ACCIOLY (DPEC UBERLANDIA);Y61;UBERLANDIA;MG;721048;SCB01;XD MINAS;14500036;9206300 -9212052 - 9198828;SIM;NOTIFICAÇÃO ENVIADA VIA PLANILHA POR CONTA DA ALTA DEMANDA;CARTA ENVIADA;31/08/2026;EM ANDAMENTO;PENDENTE;FORA DO PRAZO;;;6 - 10 Dias;Sudeste;BACKLOG 22.06_23.07
05/08/2026;24/08/2026;260824-000095;EXTRAVIO ;ACCIOLY (DPEC UBERLANDIA);Y61;UBERLANDIA;MG;722942;SCB01;XD MINAS;14520131;9284632;SIM;NOTIFICAÇÃO ENVIADA VIA PLANILHA POR CONTA DA ALTA DEMANDA;CARTA ENVIADA;31/08/2026;EM ANDAMENTO;PENDENTE;FORA DO PRAZO;;;6 - 10 Dias;Sudeste;NORMAL
23/07/2026;24/08/2026;260824-000093;EXTRAVIO ;VEIBRAS;V43;SAO JOSE DOS CAMPOS;SP;718776;SCB01;XD DIADEMA;14468334;9090398;SIM;NOTIFICAÇÃO ENVIADA VIA PLANILHA POR CONTA DA ALTA DEMANDA;CARTA ENVIADA;31/08/2026;EM ANDAMENTO;PENDENTE;FORA DO PRAZO;;;6 - 10 Dias;Sudeste;BACKLOG 22.06_23.07
;24/08/2026;260824-000104;EXTRAVIO ;ACCIOLY (DPEC UBERLANDIA);Y61;UBERLANDIA;MG;726124;SCB01;XD MINAS;14555653;9414338;SIM;NOTIFICAÇÃO ENVIADA VIA PLANILHA POR CONTA DA ALTA DEMANDA;CARTA ENVIADA;31/08/2026;EM ANDAMENTO;PENDENTE;FORA DO PRAZO;;;6 - 10 Dias;Sudeste;NORMAL
23/07/2026;24/08/2026;260824-000110;EXTRAVIO ;ACCIOLY (DPEC UBERLANDIA);Y61;UBERLANDIA;MG;720748;SCB01;XD MINAS;14497141;9191329;SIM;NOTIFICAÇÃO ENVIADA VIA PLANILHA POR CONTA DA ALTA DEMANDA;CARTA ENVIADA;31/08/2026;EM ANDAMENTO;PENDENTE;FORA DO PRAZO;;;6 - 10 Dias;Sudeste;BACKLOG 22.06_23.07
31/07/2026;24/08/2026;260824-000113;EXTRAVIO ;ACCIOLY (DPEC UBERLANDIA);Y61;UBERLANDIA;MG;718098;SCB01;XD MINAS;14463556;9077398 - 9077043 - 9077637;SIM;NOTIFICAÇÃO ENVIADA VIA PLANILHA POR CONTA DA ALTA DEMANDA;CARTA ENVIADA;31/08/2026;EM ANDAMENTO;PENDENTE;FORA DO PRAZO;;;6 - 10 Dias;Sudeste;BACKLOG 22.06_23.07
31/07/2026;24/08/2026;260824-000121;EXTRAVIO ;ACCIOLY (DPEC UBERLANDIA);Y61;UBERLANDIA;MG;721685;SCB01;XD MINAS;14504630;9218255 / 9218258;SIM;NOTIFICAÇÃO ENVIADA VIA PLANILHA POR CONTA DA ALTA DEMANDA;CARTA ENVIADA;31/08/2026;EM ANDAMENTO;PENDENTE;FORA DO PRAZO;;;6 - 10 Dias;Sudeste;BACKLOG 22.06_23.07
24/07/2026;24/08/2026;260824-000432;EXTRAVIO ;NOVA JUARY;N33;REDENCAO;PA;716273;SCB01;XD DIADEMA;14438723;"8993897; 8993901 e 8993902";SIM;NOTIFICAÇÃO ENVIADA VIA PLANILHA POR CONTA DA ALTA DEMANDA;CARTA ENVIADA;31/08/2026;EM ANDAMENTO;PENDENTE;FORA DO PRAZO;;;6 - 10 Dias;Norte;BACKLOG 22.06_23.07
19/08/2026;24/08/2026;260824-000431;EXTRAVIO ;AUTUS (AFONSO PENA);X44;UBERLANDIA;MG;727380;SCB01;XD DIADEMA;14571846;9479338;SIM;NOTIFICAÇÃO ENVIADA VIA PLANILHA POR CONTA DA ALTA DEMANDA;CARTA ENVIADA;31/08/2026;EM ANDAMENTO;PENDENTE;FORA DO PRAZO;;;6 - 10 Dias;Sudeste;NORMAL
;24/08/2026;260824-000424;EXTRAVIO ;STEFANNI;W25;CAPIVARI;SP;sem embarque;SCB01;OPERAÇÃO SOR;14585531;9128423;SIM;NOTIFICAÇÃO ENVIADA VIA PLANILHA POR CONTA DA ALTA DEMANDA;CARTA ENVIADA;31/08/2026;EM ANDAMENTO;PENDENTE;FORA DO PRAZO;;;6 - 10 Dias;Sudeste;NORMAL
27/07/2026;24/08/2026;260824-000411;EXTRAVIO ;STEFANNI;W25;CAPIVARI;SP;720648;SCB01;ALFA;14483474;9128422;SIM;NOTIFICAÇÃO ENVIADA VIA PLANILHA POR CONTA DA ALTA DEMANDA;CARTA ENVIADA;31/08/2026;EM ANDAMENTO;PENDENTE;FORA DO PRAZO;;;6 - 10 Dias;Sudeste;BACKLOG 22.06_23.07
07/08/2026;24/08/2026;260824-000403;EXTRAVIO ;SABENAUTO (DPEC MANAUS);W93;MANAUS;AM;723487;SCB01;CARVALIMA;14508364;9231183;SIM;NOTIFICAÇÃO ENVIADA VIA PLANILHA POR CONTA DA ALTA DEMANDA;CARTA ENVIADA;31/08/2026;EM ANDAMENTO;PENDENTE;FORA DO PRAZO;;;6 - 10 Dias;Norte;NORMAL
16/02/2026;24/08/2026;260824-000353;EXTRAVIO ;LIRAUTO;L26;BOA VISTA;RR;682666;SCB01;NORTEX;14033393;93221446;SIM;NOTIFICAÇÃO ENVIADA VIA PLANILHA POR CONTA DA ALTA DEMANDA;CARTA ENVIADA;31/08/2026;EM ANDAMENTO;PENDENTE;FORA DO PRAZO;;;6 - 10 Dias;Norte;NORMAL
23/03/2026;24/08/2026;260824-000348;EXTRAVIO ;LIRAUTO;L26;BOA VISTA;RR;686893;SCB01;OPERAÇÃO SOR;14086286;85114000;SIM;NOTIFICAÇÃO ENVIADA VIA PLANILHA POR CONTA DA ALTA DEMANDA;CARTA ENVIADA;31/08/2026;EM ANDAMENTO;PENDENTE;FORA DO PRAZO;;;6 - 10 Dias;Norte;NORMAL
07/04/2026;24/08/2026;260824-000344;EXTRAVIO ;LIRAUTO;L26;BOA VISTA;RR;688250;SCB01;NORTEX;14106412;7675145 e 7675404;SIM;NOTIFICAÇÃO ENVIADA VIA PLANILHA POR CONTA DA ALTA DEMANDA;CARTA ENVIADA;31/08/2026;EM ANDAMENTO;PENDENTE;FORA DO PRAZO;;;6 - 10 Dias;Norte;NORMAL
16/04/2026;24/08/2026;260824-000340;EXTRAVIO ;LIRAUTO;L26;BOA VISTA;RR;684277;SCB01;NORTEX;14048688;000744176506 - 0007441765 - 000744176509 - 0007441775 - 0007442340 - 0007442430 - 0007441765 - 000744177503 - 000744176512 - 000744243007 - 000744179302 - 0007441793 - 0007442306;SIM;NOTIFICAÇÃO ENVIADA VIA PLANILHA POR CONTA DA ALTA DEMANDA;CARTA ENVIADA;31/08/2026;EM ANDAMENTO;PENDENTE;FORA DO PRAZO;;;6 - 10 Dias;Norte;NORMAL
24/08/2026;24/08/2026;260824-000314;EXTRAVIO ;CARRERA (OSASCO);J63;OSASCO;SP;730193;SCB01;XD DIADEMA;14595879;9559348;SIM;NOTIFICAÇÃO ENVIADA VIA PLANILHA POR CONTA DA ALTA DEMANDA;CARTA ENVIADA;31/08/2026;EM ANDAMENTO;PENDENTE;FORA DO PRAZO;;;6 - 10 Dias;Sudeste;NORMAL
19/08/2026;24/08/2026;260824-000287;EXTRAVIO ;GRAMARCA (VARZEA GRANDE);G22;VARZEA GRANDE;MT;726876;SCB01;CARVALIMA;14564639;9459074;SIM;NOTIFICAÇÃO ENVIADA VIA PLANILHA POR CONTA DA ALTA DEMANDA;CARTA ENVIADA;31/08/2026;EM ANDAMENTO;PENDENTE;FORA DO PRAZO;;;6 - 10 Dias;CO;NORMAL
;24/08/2026;260824-000273;EXTRAVIO ;VIGORITO (ABC);E92;SAO PAULO;SP;725967;SCB01;XD DIADEMA;14555544 - 14555096 - 14553915;9414386 - 9415309 -9416326;SIM;NOTIFICAÇÃO ENVIADA VIA PLANILHA POR CONTA DA ALTA DEMANDA;CARTA ENVIADA;31/08/2026;EM ANDAMENTO;PENDENTE;FORA DO PRAZO;;;6 - 10 Dias;Sudeste;NORMAL
27/06/2026;25/08/2026;260825-000103;EXTRAVIO ;CARRERA (VILA LEOPOLDINA);J36;SAO PAULO;SP;713519;SCB01;OPERAÇÃO SOR;14418805;8887128;SIM;NOTIFICAÇÃO ENVIADA VIA PLANILHA POR CONTA DA ALTA DEMANDA;CARTA ENVIADA;01/09/2026;EM ANDAMENTO;PENDENTE;FORA DO PRAZO;;;6 - 10 Dias;Sudeste;BACKLOG 22.06_23.07
21/07/2026;25/08/2026;260825-000098;EXTRAVIO ;CARRERA (VILA LEOPOLDINA);J36;SAO PAULO;SP;717846;SCB01;XD DIADEMA;14460008;9064698;SIM;NOTIFICAÇÃO ENVIADA VIA PLANILHA POR CONTA DA ALTA DEMANDA;CARTA ENVIADA;01/09/2026;EM ANDAMENTO;PENDENTE;FORA DO PRAZO;;;6 - 10 Dias;Sudeste;BACKLOG 22.06_23.07
17/08/2026;25/08/2026;260825-000063;EXTRAVIO ;NOVO RIO (ARAGUAINA);N94;ARAGUAINA;TO;723730;SCB01;XD DIADEMA;14528967;9322419;SIM;NOTIFICAÇÃO ENVIADA VIA PLANILHA POR CONTA DA ALTA DEMANDA;CARTA ENVIADA;01/09/2026;EM ANDAMENTO;PENDENTE;FORA DO PRAZO;;;6 - 10 Dias;CO;NORMAL
17/08/2026;25/08/2026;260825-000059;EXTRAVIO ;NOVO RIO (ARAGUAINA);N94;ARAGUAINA;TO;723730;SCB01;XD DIADEMA;14529012;9322392;SIM;NOTIFICAÇÃO ENVIADA VIA PLANILHA POR CONTA DA ALTA DEMANDA;CARTA ENVIADA;01/09/2026;EM ANDAMENTO;PENDENTE;FORA DO PRAZO;;;6 - 10 Dias;CO;NORMAL
;25/08/2026;260825-000056;EXTRAVIO ;NOVO RIO (ARAGUAINA);N94;ARAGUAINA;TO;sem embarque;SCB01;OPERAÇÃO SOR;14529006;9322833;SIM;NOTIFICAÇÃO ENVIADA VIA PLANILHA POR CONTA DA ALTA DEMANDA;CARTA ENVIADA;01/09/2026;EM ANDAMENTO;PENDENTE;FORA DO PRAZO;;;6 - 10 Dias;CO;NORMAL
17/08/2026;25/08/2026;260825-000053;EXTRAVIO ;NOVO RIO (ARAGUAINA);N94;ARAGUAINA;TO;723730;SCB01;XD DIADEMA;14529182;9322612;SIM;NOTIFICAÇÃO ENVIADA VIA PLANILHA POR CONTA DA ALTA DEMANDA;CARTA ENVIADA;01/09/2026;EM ANDAMENTO;PENDENTE;FORA DO PRAZO;;;6 - 10 Dias;CO;NORMAL
17/08/2026;25/08/2026;260825-000051;EXTRAVIO ;NOVO RIO (ARAGUAINA);N94;ARAGUAINA;TO;723730;SCB01;XD DIADEMA;14529540;9322914;SIM;NOTIFICAÇÃO ENVIADA VIA PLANILHA POR CONTA DA ALTA DEMANDA;CARTA ENVIADA;01/09/2026;EM ANDAMENTO;PENDENTE;FORA DO PRAZO;;;6 - 10 Dias;CO;NORMAL
13/08/2026;25/08/2026;260825-000106;EXTRAVIO ;CARRERA (VILA LEOPOLDINA);J36;SAO PAULO;SP;726427;SCB01;XD DIADEMA;14561215;9446118;SIM;NOTIFICAÇÃO ENVIADA VIA PLANILHA POR CONTA DA ALTA DEMANDA;CARTA ENVIADA;01/09/2026;EM ANDAMENTO;PENDENTE;FORA DO PRAZO;;;6 - 10 Dias;Sudeste;NORMAL
17/08/2026;25/08/2026;260825-000105;EXTRAVIO ;VIGORITO (ABC);E92;SAO PAULO;SP;727600;SCB01;XD DIADEMA;14574582;9491050;SIM;NOTIFICAÇÃO ENVIADA VIA PLANILHA POR CONTA DA ALTA DEMANDA;CARTA ENVIADA;01/09/2026;EM ANDAMENTO;PENDENTE;FORA DO PRAZO;;;6 - 10 Dias;Sudeste;NORMAL
13/08/2026;25/08/2026;260825-000107;EXTRAVIO ;CARRERA (VILA LEOPOLDINA);J36;SAO PAULO;SP;726427;SCB01;XD DIADEMA;14561212;9446118;SIM;NOTIFICAÇÃO ENVIADA VIA PLANILHA POR CONTA DA ALTA DEMANDA;CARTA ENVIADA;01/09/2026;EM ANDAMENTO;PENDENTE;FORA DO PRAZO;;;6 - 10 Dias;Sudeste;NORMAL
21/08/2026;25/08/2026;260825-000168;EXTRAVIO ;VALESUL;H56;SAO JOSE DOS PINHAIS;PR;729178;SCB01;OPERAÇÃO SOR;14590139;9539766;SIM;NOTIFICAÇÃO ENVIADA VIA PLANILHA POR CONTA DA ALTA DEMANDA;CARTA ENVIADA;01/09/2026;EM ANDAMENTO;PENDENTE;FORA DO PRAZO;;;6 - 10 Dias;Sul;NORMAL
22/07/2026;25/08/2026;260825-000178;EXTRAVIO ;LAGOA;X18;SETE LAGOAS;MG;712862;SCB01;CAMILO;14410264;8857199;SIM;NOTIFICAÇÃO ENVIADA VIA PLANILHA POR CONTA DA ALTA DEMANDA;CARTA ENVIADA;01/09/2026;EM ANDAMENTO;PENDENTE;FORA DO PRAZO;;;6 - 10 Dias;Sudeste;BACKLOG 22.06_23.07
21/08/2026;25/08/2026;260825-000188;EXTRAVIO ;JORLAN (BARAO H. DE MELO);J66;BELO HORIZONTE;MG;727823;SCB01;XD MINAS;14578153;0009496132, 0009496133, 0009496134, 0009496135, 0009493211, 0009493212;SIM;NOTIFICAÇÃO ENVIADA VIA PLANILHA POR CONTA DA ALTA DEMANDA;CARTA ENVIADA;01/09/2026;EM ANDAMENTO;PENDENTE;FORA DO PRAZO;;;6 - 10 Dias;Sudeste;NORMAL
;25/08/2026;260825-000200;EXTRAVIO ;ACCIOLY BARAO DE LIMEIRA;A50;SAO JOSE DOS CAMPOS;SP;722783;SCB01;XD DIADEMA;14515202;9265840;SIM;NOTIFICAÇÃO ENVIADA VIA PLANILHA POR CONTA DA ALTA DEMANDA;CARTA ENVIADA;01/09/2026;EM ANDAMENTO;PENDENTE;FORA DO PRAZO;;;6 - 10 Dias;Sudeste;NORMAL
;25/08/2026;260825-000201;EXTRAVIO ;ACCIOLY BARAO DE LIMEIRA;A50;SAO JOSE DOS CAMPOS;SP;722315;SCB01;XD DIADEMA;14514460;9266394;SIM;NOTIFICAÇÃO ENVIADA VIA PLANILHA POR CONTA DA ALTA DEMANDA;CARTA ENVIADA;01/09/2026;EM ANDAMENTO;PENDENTE;FORA DO PRAZO;;;6 - 10 Dias;Sudeste;NORMAL
04/08/2026;25/08/2026;260825-000264;EXTRAVIO ;ACCIOLY BARAO DE LIMEIRA;A50;SANTO ANDRE;SP;722786;SCB01;XD DIADEMA;14518284;9276180;SIM;NOTIFICAÇÃO ENVIADA VIA PLANILHA POR CONTA DA ALTA DEMANDA;CARTA ENVIADA;01/09/2026;EM ANDAMENTO;PENDENTE;FORA DO PRAZO;;;6 - 10 Dias;Sudeste;NORMAL
12/08/2026;25/08/2026;260825-000265;EXTRAVIO ;ACCIOLY BARAO DE LIMEIRA;A50;SANTO ANDRE;SP;725937;SCB01;XD DIADEMA;14555525;9416324;SIM;NOTIFICAÇÃO ENVIADA VIA PLANILHA POR CONTA DA ALTA DEMANDA;CARTA ENVIADA;01/09/2026;EM ANDAMENTO;PENDENTE;FORA DO PRAZO;;;6 - 10 Dias;Sudeste;NORMAL
10/08/2026;25/08/2026;260825-000267;EXTRAVIO ;ACCIOLY BARAO DE LIMEIRA;A50;SANTO ANDRE;SP;724842;SCB01;XD DIADEMA;14542585;9373168;SIM;NOTIFICAÇÃO ENVIADA VIA PLANILHA POR CONTA DA ALTA DEMANDA;CARTA ENVIADA;01/09/2026;EM ANDAMENTO;PENDENTE;FORA DO PRAZO;;;6 - 10 Dias;Sudeste;NORMAL
13/08/2026;25/08/2026;260825-000270;EXTRAVIO ;ACCIOLY BARAO DE LIMEIRA;A50;SANTO ANDRE;SP;726474;SCB01;XD DIADEMA;14561830;9445656;SIM;NOTIFICAÇÃO ENVIADA VIA PLANILHA POR CONTA DA ALTA DEMANDA;CARTA ENVIADA;01/09/2026;EM ANDAMENTO;PENDENTE;FORA DO PRAZO;;;6 - 10 Dias;Sudeste;NORMAL
17/08/2026;25/08/2026;260825-000276;EXTRAVIO ;ACCIOLY BARAO DE LIMEIRA;A50;SANTO ANDRE;SP;727576;SCB01;XD DIADEMA;14575892;9492162;SIM;NOTIFICAÇÃO ENVIADA VIA PLANILHA POR CONTA DA ALTA DEMANDA;CARTA ENVIADA;01/09/2026;EM ANDAMENTO;PENDENTE;FORA DO PRAZO;;;6 - 10 Dias;Sudeste;NORMAL
;25/08/2026;260825-000285;EXTRAVIO ;SPASSUS;S66;JUNDIAI;SP;729491;SCB01;OPERAÇÃO SOR;14592715;9547826;SIM;NOTIFICAÇÃO ENVIADA VIA PLANILHA POR CONTA DA ALTA DEMANDA;CARTA ENVIADA;01/09/2026;EM ANDAMENTO;PENDENTE;FORA DO PRAZO;;;6 - 10 Dias;Sudeste;NORMAL
17/08/2026;25/08/2026;260825-000301;EXTRAVIO ;CARRERA (OSASCO);J63;OSASCO;SP;727556;SCB01;OPERAÇÃO SOR;14404944;8821005, 882106, 8821008, 9490906.;SIM;NOTIFICAÇÃO ENVIADA VIA PLANILHA POR CONTA DA ALTA DEMANDA;CARTA ENVIADA;01/09/2026;EM ANDAMENTO;PENDENTE;FORA DO PRAZO;;;6 - 10 Dias;Sudeste;NORMAL
30/06/2026;25/08/2026;260825-000305;EXTRAVIO ;CARRERA (OSASCO);J63;OSASCO;SP;713521;SCB01;OPERAÇÃO SOR;14408602; 8837035, 8837034, 8837033.;SIM;NOTIFICAÇÃO ENVIADA VIA PLANILHA POR CONTA DA ALTA DEMANDA;CARTA ENVIADA;01/09/2026;EM ANDAMENTO;PENDENTE;FORA DO PRAZO;;;6 - 10 Dias;Sudeste;BACKLOG 22.06_23.07
30/06/2026;25/08/2026;260825-000308;EXTRAVIO ;CARRERA (OSASCO);J63;OSASCO;SP;713804;SCB01;XD DIADEMA;14422432;8899190, 8837029, 8837027.;SIM;NOTIFICAÇÃO ENVIADA VIA PLANILHA POR CONTA DA ALTA DEMANDA;CARTA ENVIADA;01/09/2026;EM ANDAMENTO;PENDENTE;FORA DO PRAZO;;;6 - 10 Dias;Sudeste;BACKLOG 22.06_23.07
03/08/2026;25/08/2026;260825-000343;EXTRAVIO ;RITMO (POCOS DE CALDAS);R81;POÇOS DE CALDA;MG;718769;SCB01;CAMILO;14471451;9104175;SIM;NOTIFICAÇÃO ENVIADA VIA PLANILHA POR CONTA DA ALTA DEMANDA;CARTA ENVIADA;01/09/2026;EM ANDAMENTO;PENDENTE;FORA DO PRAZO;;;6 - 10 Dias;Sudeste;BACKLOG 22.06_23.07
;25/08/2026;260825-000344;EXTRAVIO ;RITMO (POCOS DE CALDAS);R81;POÇOS DE CALDA;MG;#N/D;SCB01;OPERAÇÃO SOR;1442236;8755096;SIM;NOTIFICAÇÃO ENVIADA VIA PLANILHA POR CONTA DA ALTA DEMANDA;CARTA ENVIADA;01/09/2026;EM ANDAMENTO;PENDENTE;FORA DO PRAZO;;;6 - 10 Dias;Sudeste;NORMAL
19/08/2026;25/08/2026;260825-000359;EXTRAVIO ;PRIMARCA (ENPV BARALDI);P71;SAO PAULO;SP;727316;SCB01;XD DIADEMA;14570624;9477336;SIM;NOTIFICAÇÃO ENVIADA VIA PLANILHA POR CONTA DA ALTA DEMANDA;CARTA ENVIADA;01/09/2026;EM ANDAMENTO;PENDENTE;FORA DO PRAZO;;;6 - 10 Dias;Sudeste;NORMAL
;25/08/2026;260825-000362;EXTRAVIO ;PRIMARCA (ENPV BARALDI);P71;SAO PAULO;SP;#N/D;SCB01;OPERAÇÃO SOR;1457772;0009499833 - 0009499834;SIM;NOTIFICAÇÃO ENVIADA VIA PLANILHA POR CONTA DA ALTA DEMANDA;CARTA ENVIADA;01/09/2026;EM ANDAMENTO;PENDENTE;FORA DO PRAZO;;;6 - 10 Dias;Sudeste;NORMAL
;25/08/2026;260825-000363;EXTRAVIO ;PRIMARCA (ENPV BARALDI);P71;SAO PAULO;SP;730013;SCB01;OPERAÇÃO SOR;14596342;9562967;SIM;NOTIFICAÇÃO ENVIADA VIA PLANILHA POR CONTA DA ALTA DEMANDA;CARTA ENVIADA;01/09/2026;EM ANDAMENTO;PENDENTE;FORA DO PRAZO;;;6 - 10 Dias;Sudeste;NORMAL
28/08/2026;25/08/2026;260825-000452;EXTRAVIO ;GRAMARCA (VARZEA GRANDE);G22;VARZEA GRANDE;MT;729795;SCB01;CARVALIMA;14594747;0009557997/0009557998;SIM;NOTIFICAÇÃO ENVIADA VIA PLANILHA POR CONTA DA ALTA DEMANDA;CARTA ENVIADA;01/09/2026;EM ANDAMENTO;PENDENTE;FORA DO PRAZO;;;6 - 10 Dias;CO;NORMAL
25/08/2026;25/08/2026;260825-000457;EXTRAVIO ;GRANDE MINAS (PAMPULHA);F51;CONTAGEM;MG;728991;SCB01;OPERAÇÃO SOR;14589145;9538639;SIM;NOTIFICAÇÃO ENVIADA VIA PLANILHA POR CONTA DA ALTA DEMANDA;CARTA ENVIADA;01/09/2026;EM ANDAMENTO;PENDENTE;FORA DO PRAZO;;;6 - 10 Dias;Sudeste;NORMAL
28/08/2026;25/08/2026;260825-000464;EXTRAVIO ;GRAMARCA (VARZEA GRANDE);G22;VARZEA GRANDE;MT;729795;SCB01;CARVALIMA;14595277;9558466;SIM;NOTIFICAÇÃO ENVIADA VIA PLANILHA POR CONTA DA ALTA DEMANDA;CARTA ENVIADA;01/09/2026;EM ANDAMENTO;PENDENTE;FORA DO PRAZO;;;6 - 10 Dias;CO;NORMAL
06/08/2026;25/08/2026;260825-000467;EXTRAVIO ;AUTUS (AFONSO PENA);X44;UBERLANDIA;MG;723348;SCB01;XD DIADEMA;14523004;9297539;SIM;NOTIFICAÇÃO ENVIADA VIA PLANILHA POR CONTA DA ALTA DEMANDA;CARTA ENVIADA;01/09/2026;EM ANDAMENTO;PENDENTE;FORA DO PRAZO;;;6 - 10 Dias;Sudeste;NORMAL
28/08/2026;25/08/2026;260825-000471;EXTRAVIO ;GRAMARCA (VARZEA GRANDE);G22;VARZEA GRANDE;MT;729795;SCB01;CARVALIMA;14595424;9558165;SIM;NOTIFICAÇÃO ENVIADA VIA PLANILHA POR CONTA DA ALTA DEMANDA;CARTA ENVIADA;01/09/2026;EM ANDAMENTO;PENDENTE;FORA DO PRAZO;;;6 - 10 Dias;CO;NORMAL
25/08/2026;25/08/2026;260825-000501;EXTRAVIO ;CARRERA (OSASCO);J63;OSASCO;SP;730507;SCB01;OPERAÇÃO SOR;14601208;9577975, 9577974.;SIM;NOTIFICAÇÃO ENVIADA VIA PLANILHA POR CONTA DA ALTA DEMANDA;CARTA ENVIADA;01/09/2026;EM ANDAMENTO;PENDENTE;FORA DO PRAZO;;;6 - 10 Dias;Sudeste;NORMAL
22/08/2026;25/08/2026;260825-000504;EXTRAVIO ;VEMAQ (VILHENA);V40;VILHENA;RO;726373;SCB01;OPERAÇÃO SOR;14534619;9348238;SIM;NOTIFICAÇÃO ENVIADA VIA PLANILHA POR CONTA DA ALTA DEMANDA;CARTA ENVIADA;01/09/2026;EM ANDAMENTO;PENDENTE;FORA DO PRAZO;;;6 - 10 Dias;Norte;NORMAL
06/07/2026;25/08/2026;260825-000509;EXTRAVIO ;PRIMARCA (ENPV BARALDI);P71;SAO PAULO;SP;716144;SCB01;XD DIADEMA;14415955;8871001;SIM;NOTIFICAÇÃO ENVIADA VIA PLANILHA POR CONTA DA ALTA DEMANDA;CARTA ENVIADA;01/09/2026;EM ANDAMENTO;PENDENTE;FORA DO PRAZO;;;6 - 10 Dias;Sudeste;BACKLOG 22.06_23.07
24/07/2026;25/08/2026;260825-000507;EXTRAVIO ;PRIMARCA (ENPV BARALDI);P71;SAO PAULO;SP;721117;SCB01;XD DIADEMA;14411642;8835606;SIM;NOTIFICAÇÃO ENVIADA VIA PLANILHA POR CONTA DA ALTA DEMANDA;CARTA ENVIADA;01/09/2026;EM ANDAMENTO;PENDENTE;FORA DO PRAZO;;;6 - 10 Dias;Sudeste;BACKLOG 22.06_23.07
06/08/2026;25/08/2026;260825-000512;EXTRAVIO ;PRIMARCA (ENPV BARALDI);P71;SAO PAULO;SP;723995;SCB01;XD DIADEMA;14531298;9328101;SIM;NOTIFICAÇÃO ENVIADA VIA PLANILHA POR CONTA DA ALTA DEMANDA;CARTA ENVIADA;01/09/2026;EM ANDAMENTO;PENDENTE;FORA DO PRAZO;;;6 - 10 Dias;Sudeste;NORMAL
25/08/2026;25/08/2026;260825-000525;EXTRAVIO ;AUTUS (AFONSO PENA);X44;UBERLANDIA;MG;728638;SCB01;OPERAÇÃO SOR;14584323;9525315;SIM;NOTIFICAÇÃO ENVIADA VIA PLANILHA POR CONTA DA ALTA DEMANDA;CARTA ENVIADA;01/09/2026;EM ANDAMENTO;PENDENTE;FORA DO PRAZO;;;6 - 10 Dias;Sudeste;NORMAL
;25/08/2026;260825-000531;EXTRAVIO ;GUIAUTO (IPATINGA);D03;CORONEL FABRICIANO;MG;729447;SCB01;OPERAÇÃO SOR;14422451;86332811;SIM;NOTIFICAÇÃO ENVIADA VIA PLANILHA POR CONTA DA ALTA DEMANDA;CARTA ENVIADA;01/09/2026;EM ANDAMENTO;PENDENTE;FORA DO PRAZO;;;6 - 10 Dias;Sudeste;NORMAL
24/08/2026;26/08/2026;260826-000005;EXTRAVIO ;SPONCHIADO (PASSO FUNDO);S31;PASSO FUNDO;RS;728489;SCB01;OPERAÇÃO SOR;14581379;9511329;SIM;NOTIFICAÇÃO ENVIADA VIA PLANILHA POR CONTA DA ALTA DEMANDA;CARTA ENVIADA;02/09/2026;EM ANDAMENTO;PENDENTE;FORA DO PRAZO;;;6 - 10 Dias;Sul;NORMAL
24/08/2026;26/08/2026;260826-000007;EXTRAVIO ;SPONCHIADO (PASSO FUNDO);S31;PASSO FUNDO;RS;728489;SCB01;OPERAÇÃO SOR;14581387;9512840;SIM;NOTIFICAÇÃO ENVIADA VIA PLANILHA POR CONTA DA ALTA DEMANDA;FINALIZADO COMO RESOLVIDO;02/09/2026;LOCALIZADO;FINALIZADO;FINALIZADO;;;-;Sul;NORMAL
24/08/2026;26/08/2026;260826-000008;EXTRAVIO ;SPONCHIADO (PASSO FUNDO);S31;PASSO FUNDO;RS;728489;SCB01;OPERAÇÃO SOR;14581182;9513792 - 9513793;SIM;NOTIFICAÇÃO ENVIADA VIA PLANILHA POR CONTA DA ALTA DEMANDA;FINALIZADO COMO RESOLVIDO;02/09/2026;LOCALIZADO;FINALIZADO;FINALIZADO;;;-;Sul;NORMAL
25/08/2026;26/08/2026;260826-000050;EXTRAVIO ;CARRERA (VILA LEOPOLDINA);J36;SAO PAULO;SP;729859;SCB01;XD DIADEMA;14594076;9548033;SIM;NOTIFICAÇÃO ENVIADA VIA PLANILHA POR CONTA DA ALTA DEMANDA;FINALIZADO COMO RESOLVIDO;02/09/2026;LOCALIZADO;FINALIZADO;FINALIZADO;;;-;Sudeste;NORMAL
25/08/2026;26/08/2026;260826-000051;EXTRAVIO ;CARRERA (VILA LEOPOLDINA);J36;SAO PAULO;SP;729859;SCB01;XD DIADEMA;14594078;9548033;SIM;NOTIFICAÇÃO ENVIADA VIA PLANILHA POR CONTA DA ALTA DEMANDA;CARTA ENVIADA;02/09/2026;EM ANDAMENTO;PENDENTE;FORA DO PRAZO;;;6 - 10 Dias;Sudeste;NORMAL
25/08/2026;26/08/2026;260826-000052;EXTRAVIO ;CARRERA (VILA LEOPOLDINA);J36;SAO PAULO;SP;729859;SCB01;XD DIADEMA;14594077;9548033;SIM;NOTIFICAÇÃO ENVIADA VIA PLANILHA POR CONTA DA ALTA DEMANDA;CARTA ENVIADA;02/09/2026;EM ANDAMENTO;PENDENTE;FORA DO PRAZO;;;6 - 10 Dias;Sudeste;NORMAL
19/08/2026;26/08/2026;260826-000066;EXTRAVIO ;MCV (GV);C58;GOVERNADOR VALADARES;MG;727724;SCB01;XD DIADEMA;14574796;9490890;SIM;NOTIFICAÇÃO ENVIADA VIA PLANILHA POR CONTA DA ALTA DEMANDA;CARTA ENVIADA;02/09/2026;EM ANDAMENTO;PENDENTE;FORA DO PRAZO;;;6 - 10 Dias;Sudeste;NORMAL
25/08/2026;26/08/2026;260826-000085;EXTRAVIO ;JORLAN (BARAO H. DE MELO);J66;BELO HORIZONTE;MG;729331;SCB01;XD MINAS;14587555;9536122;SIM;NOTIFICAÇÃO ENVIADA VIA PLANILHA POR CONTA DA ALTA DEMANDA;CARTA ENVIADA;02/09/2026;EM ANDAMENTO;PENDENTE;FORA DO PRAZO;;;6 - 10 Dias;Sudeste;NORMAL
21/08/2026;26/08/2026;260826-000105;EXTRAVIO ;TUDO (GOIANIA);S16;GOIANIA;GO;728611;SCB01;XD DIADEMA;14582240;9518162;SIM;NOTIFICAÇÃO ENVIADA VIA PLANILHA POR CONTA DA ALTA DEMANDA;CARTA ENVIADA;02/09/2026;EM ANDAMENTO;PENDENTE;FORA DO PRAZO;;;6 - 10 Dias;CO;NORMAL
05/08/2026;26/08/2026;260826-000109;EXTRAVIO ;RITMO (POCOS DE CALDAS);R81;POÇOS DE CALDA;MG;715772;SCB01;XD MINAS;14436885;8987110 - 8987117 - 8987132;SIM;NOTIFICAÇÃO ENVIADA VIA PLANILHA POR CONTA DA ALTA DEMANDA;CARTA ENVIADA;02/09/2026;EM ANDAMENTO;PENDENTE;FORA DO PRAZO;;;6 - 10 Dias;Sudeste;BACKLOG 22.06_23.07
26/08/2026;26/08/2026;260826-000158;EXTRAVIO ;NOVA (BELEM) - PECAS;N43;SAO BERNARDO DO CAMPO;SP;731121;SCB01;OPERAÇÃO SOR;14609429;9608932;SIM;NOTIFICAÇÃO ENVIADA VIA PLANILHA POR CONTA DA ALTA DEMANDA;CARTA ENVIADA;02/09/2026;EM ANDAMENTO;PENDENTE;FORA DO PRAZO;;;6 - 10 Dias;Sudeste;NORMAL
;26/08/2026;260826-000166;EXTRAVIO ;MOCOVEL;X12;MOCOCA;SP;727219;SCB01;ALFA;14568729;9460436;SIM;NOTIFICAÇÃO ENVIADA VIA PLANILHA POR CONTA DA ALTA DEMANDA;CARTA ENVIADA;02/09/2026;EM ANDAMENTO;PENDENTE;FORA DO PRAZO;;;6 - 10 Dias;Sudeste;NORMAL
;26/08/2026;260826-000201;EXTRAVIO ;NOVA (SANTO AMARO);N09;SAO PAULO;SP;730115;SCB01;OPERAÇÃO SOR;14598317;9563409;SIM;NOTIFICAÇÃO ENVIADA VIA PLANILHA POR CONTA DA ALTA DEMANDA;CARTA ENVIADA;02/09/2026;EM ANDAMENTO;PENDENTE;FORA DO PRAZO;;;6 - 10 Dias;Sudeste;NORMAL
25/08/2026;26/08/2026;260826-000203;EXTRAVIO ;NOVA (SANTO AMARO);N09;SAO PAULO;SP;730524;SCB01;OPERAÇÃO SOR;14598938;9564192;SIM;NOTIFICAÇÃO ENVIADA VIA PLANILHA POR CONTA DA ALTA DEMANDA;CARTA ENVIADA;02/09/2026;EM ANDAMENTO;PENDENTE;FORA DO PRAZO;;;6 - 10 Dias;Sudeste;NORMAL
18/08/2026;26/08/2026;260826-000211;EXTRAVIO ;GMAIS (BARRA DA TIJUCA);G40;RIO DE JANEIRO;RJ;727695;SCB01;XD DIADEMA;14576093; 9493025 / 9492777;SIM;NOTIFICAÇÃO ENVIADA VIA PLANILHA POR CONTA DA ALTA DEMANDA;CARTA ENVIADA;02/09/2026;EM ANDAMENTO;PENDENTE;FORA DO PRAZO;;;6 - 10 Dias;Sudeste;NORMAL
26/08/2026;26/08/2026;260826-000217;EXTRAVIO ;JORLAN (BARAO H. DE MELO);J66;BELO HORIZONTE;MG;729914;SCB01;XD MINAS;14596565;9568583;SIM;NOTIFICAÇÃO ENVIADA VIA PLANILHA POR CONTA DA ALTA DEMANDA;CARTA ENVIADA;02/09/2026;EM ANDAMENTO;PENDENTE;FORA DO PRAZO;;;6 - 10 Dias;Sudeste;NORMAL
24/08/2026;26/08/2026;260826-000265;EXTRAVIO ;SPONCHIADO JARDINE (IPIRANGA);S45;PORTO ALEGRE;RS;728485;SCB01;OPERAÇÃO SOR;14581541;9512799;SIM;NOTIFICAÇÃO ENVIADA VIA PLANILHA POR CONTA DA ALTA DEMANDA;CARTA ENVIADA;02/09/2026;EM ANDAMENTO;PENDENTE;FORA DO PRAZO;;;6 - 10 Dias;Sul;NORMAL
;26/08/2026;260826-000322;EXTRAVIO ;AUTUS (AFONSO PENA);X44;UBERLANDIA;MG;729424;SCB01;OPERAÇÃO SOR;14592782;9547972;SIM;NOTIFICAÇÃO ENVIADA VIA PLANILHA POR CONTA DA ALTA DEMANDA;CARTA ENVIADA;02/09/2026;EM ANDAMENTO;PENDENTE;FORA DO PRAZO;;;6 - 10 Dias;Sudeste;NORMAL
;26/08/2026;260826-000375;EXTRAVIO ;ACCIOLY BARAO DE LIMEIRA;A50;RIO DE JANEIRO;RJ;729120;SCB01;CAMILO;14587131;0009533340_9533252 & 9533253;SIM;NOTIFICAÇÃO ENVIADA VIA PLANILHA POR CONTA DA ALTA DEMANDA;CARTA ENVIADA;02/09/2026;EM ANDAMENTO;PENDENTE;FORA DO PRAZO;;;6 - 10 Dias;Sudeste;NORMAL
;27/08/2026;260827-000007;EXTRAVIO ;TUDO (GOIANIA);S16;GOIANIA;GO;711708;SCB01;ALFA;207370;85129000;SIM;NOTIFICAÇÃO ENVIADA VIA PLANILHA POR CONTA DA ALTA DEMANDA;CARTA ENVIADA;03/09/2026;EM ANDAMENTO;PENDENTE;FORA DO PRAZO;;;6 - 10 Dias;CO;NORMAL
10/08/2026;27/08/2026;260827-000010;EXTRAVIO ;ACCIOLY BARAO DE LIMEIRA;A50;SANTO ANDRE;SP;724842;SCB01;OPERAÇÃO SOR;14542585;9373167;SIM;NOTIFICAÇÃO ENVIADA VIA PLANILHA POR CONTA DA ALTA DEMANDA;CARTA ENVIADA;03/09/2026;EM ANDAMENTO;PENDENTE;FORA DO PRAZO;;;6 - 10 Dias;Sudeste;NORMAL
12/08/2026;27/08/2026;260827-000017;EXTRAVIO ;ACCIOLY BARAO DE LIMEIRA;A50;SANTO ANDRE;SP;725937;SCB01;OPERAÇÃO SOR;14554646;9413790;SIM;NOTIFICAÇÃO ENVIADA VIA PLANILHA POR CONTA DA ALTA DEMANDA;CARTA ENVIADA;03/09/2026;EM ANDAMENTO;PENDENTE;FORA DO PRAZO;;;6 - 10 Dias;Sudeste;NORMAL
17/08/2026;27/08/2026;260827-000014;EXTRAVIO ;ACCIOLY BARAO DE LIMEIRA;A50;SANTO ANDRE;SP;727576;SCB01;XD DIADEMA;14575900;9492162;SIM;NOTIFICAÇÃO ENVIADA VIA PLANILHA POR CONTA DA ALTA DEMANDA;CARTA ENVIADA;03/09/2026;EM ANDAMENTO;PENDENTE;FORA DO PRAZO;;;6 - 10 Dias;Sudeste;NORMAL
24/07/2026;27/08/2026;260827-000019;EXTRAVIO ;ACCIOLY BARAO DE LIMEIRA;A50;SANTO ANDRE;SP;721404;SCB01;OPERAÇÃO SOR;14503814;9218047;SIM;NOTIFICAÇÃO ENVIADA VIA PLANILHA POR CONTA DA ALTA DEMANDA;CARTA ENVIADA;03/09/2026;EM ANDAMENTO;PENDENTE;FORA DO PRAZO;;;6 - 10 Dias;Sudeste;NORMAL
22/07/2026;27/08/2026;260827-000020;EXTRAVIO ;ACCIOLY BARAO DE LIMEIRA;A50;SANTO ANDRE;SP;720752;SCB01;OPERAÇÃO SOR;14496534;9191682;SIM;NOTIFICAÇÃO ENVIADA VIA PLANILHA POR CONTA DA ALTA DEMANDA;CARTA ENVIADA;03/09/2026;EM ANDAMENTO;PENDENTE;FORA DO PRAZO;;;6 - 10 Dias;Sudeste;NORMAL
13/07/2026;27/08/2026;260827-000022;EXTRAVIO ;ACCIOLY BARAO DE LIMEIRA;A50;SANTO ANDRE;SP;714922;SCB01;OPERAÇÃO SOR;14429286;8920692;SIM;NOTIFICAÇÃO ENVIADA VIA PLANILHA POR CONTA DA ALTA DEMANDA;CARTA ENVIADA;03/09/2026;EM ANDAMENTO;PENDENTE;FORA DO PRAZO;;;6 - 10 Dias;Sudeste;NORMAL
16/07/2026;27/08/2026;260827-000035;EXTRAVIO ;ACCIOLY BARAO DE LIMEIRA;A50;SAO PAULO;SP;718923;SCB01;XD DIADEMA;14475729;9118815;SIM;NOTIFICAÇÃO ENVIADA VIA PLANILHA POR CONTA DA ALTA DEMANDA;CARTA ENVIADA;03/09/2026;EM ANDAMENTO;PENDENTE;FORA DO PRAZO;;;6 - 10 Dias;Sudeste;NORMAL
02/07/2026;27/08/2026;260827-000036;EXTRAVIO ;ACCIOLY BARAO DE LIMEIRA;A50;SAO PAULO;SP;715083;SCB01;XD DIADEMA;14429613;8922608;SIM;NOTIFICAÇÃO ENVIADA VIA PLANILHA POR CONTA DA ALTA DEMANDA;CARTA ENVIADA;03/09/2026;EM ANDAMENTO;PENDENTE;FORA DO PRAZO;;;6 - 10 Dias;Sudeste;NORMAL
16/07/2026;27/08/2026;260827-000037;EXTRAVIO ;ACCIOLY BARAO DE LIMEIRA;A50;SAO PAULO;SP;718696;SCB01;XD DIADEMA;14471556;80299164;SIM;NOTIFICAÇÃO ENVIADA VIA PLANILHA POR CONTA DA ALTA DEMANDA;CARTA ENVIADA;03/09/2026;EM ANDAMENTO;PENDENTE;FORA DO PRAZO;;;6 - 10 Dias;Sudeste;NORMAL
17/08/2026;27/08/2026;260827-000040;EXTRAVIO ;ACCIOLY BARAO DE LIMEIRA;A50;SAO PAULO;SP;727540;SCB01;OPERAÇÃO SOR;14569639;9466979;SIM;NOTIFICAÇÃO ENVIADA VIA PLANILHA POR CONTA DA ALTA DEMANDA;CARTA ENVIADA;03/09/2026;EM ANDAMENTO;PENDENTE;FORA DO PRAZO;;;6 - 10 Dias;Sudeste;NORMAL
21/08/2026;27/08/2026;260827-000042;EXTRAVIO ;ACCIOLY BARAO DE LIMEIRA;A50;SAO PAULO;SP;728958;SCB01;XD DIADEMA;14588857;9538771;SIM;NOTIFICAÇÃO ENVIADA VIA PLANILHA POR CONTA DA ALTA DEMANDA;CARTA ENVIADA;03/09/2026;EM ANDAMENTO;PENDENTE;FORA DO PRAZO;;;6 - 10 Dias;Sudeste;NORMAL
12/03/2026;27/08/2026;260827-000044;EXTRAVIO ;ACCIOLY BARAO DE LIMEIRA;A50;SAO PAULO;SP;691667;SCB01;OPERAÇÃO SOR;14156994;78700441;SIM;NOTIFICAÇÃO ENVIADA VIA PLANILHA POR CONTA DA ALTA DEMANDA;CARTA ENVIADA;03/09/2026;EM ANDAMENTO;PENDENTE;FORA DO PRAZO;;;6 - 10 Dias;Sudeste;NORMAL
14/08/2026;27/08/2026;260827-000047;EXTRAVIO ;VEIBRAS;V43;SAO JOSE DOS CAMPOS;SP;726986;SCB01;XD DIADEMA;14567780;9466331;SIM;NOTIFICAÇÃO ENVIADA VIA PLANILHA POR CONTA DA ALTA DEMANDA;CARTA ENVIADA;03/09/2026;EM ANDAMENTO;PENDENTE;FORA DO PRAZO;;;6 - 10 Dias;Sudeste;NORMAL
05/08/2026;27/08/2026;260827-000085;EXTRAVIO ;ACCIOLY BARAO DE LIMEIRA;A50;SAO PAULO;SP;715659;SCB01;XD DIADEMA;14437588;8990665;SIM;NOTIFICAÇÃO ENVIADA VIA PLANILHA POR CONTA DA ALTA DEMANDA;CARTA ENVIADA;03/09/2026;EM ANDAMENTO;PENDENTE;FORA DO PRAZO;;;6 - 10 Dias;Sudeste;NORMAL
20/07/2026;27/08/2026;260827-000090;EXTRAVIO ;ACCIOLY BARAO DE LIMEIRA;A50;SAO PAULO;SP;717802;SCB01;OPERAÇÃO SOR;14456856;0009024302 / 0009024301 / 0009064287;SIM;NOTIFICAÇÃO ENVIADA VIA PLANILHA POR CONTA DA ALTA DEMANDA;CARTA ENVIADA;03/09/2026;EM ANDAMENTO;PENDENTE;FORA DO PRAZO;;;6 - 10 Dias;Sudeste;NORMAL
10/08/2026;27/08/2026;260827-000091;EXTRAVIO ;ACCIOLY BARAO DE LIMEIRA;A50;SAO PAULO;SP;725587;SCB01;OPERAÇÃO SOR;14553234;0009414611 / 0009416286 / 0009416287;SIM;NOTIFICAÇÃO ENVIADA VIA PLANILHA POR CONTA DA ALTA DEMANDA;CARTA ENVIADA;03/09/2026;EM ANDAMENTO;PENDENTE;FORA DO PRAZO;;;6 - 10 Dias;Sudeste;NORMAL
11/08/2026;27/08/2026;260827-000093;EXTRAVIO ;ACCIOLY BARAO DE LIMEIRA;A50;SAO PAULO;SP;725787;SCB01;OPERAÇÃO SOR;14554433;0009416286 / 0009416287;SIM;NOTIFICAÇÃO ENVIADA VIA PLANILHA POR CONTA DA ALTA DEMANDA;CARTA ENVIADA;03/09/2026;EM ANDAMENTO;PENDENTE;FORA DO PRAZO;;;6 - 10 Dias;Sudeste;NORMAL
11/08/2026;27/08/2026;260827-000095;EXTRAVIO ;ACCIOLY BARAO DE LIMEIRA;A50;SAO PAULO;SP;725936;SCB01;OPERAÇÃO SOR;14554861;9413444;SIM;NOTIFICAÇÃO ENVIADA VIA PLANILHA POR CONTA DA ALTA DEMANDA;CARTA ENVIADA;03/09/2026;EM ANDAMENTO;PENDENTE;FORA DO PRAZO;;;6 - 10 Dias;Sudeste;NORMAL
13/08/2026;27/08/2026;260827-000096;EXTRAVIO ;ACCIOLY BARAO DE LIMEIRA;A50;SAO PAULO;SP;726473;SCB01;OPERAÇÃO SOR;14561825;0009445660 / 0009445661;SIM;NOTIFICAÇÃO ENVIADA VIA PLANILHA POR CONTA DA ALTA DEMANDA;CARTA ENVIADA;03/09/2026;EM ANDAMENTO;PENDENTE;FORA DO PRAZO;;;6 - 10 Dias;Sudeste;NORMAL
25/08/2026;27/08/2026;260827-000098;EXTRAVIO ;ACCIOLY BARAO DE LIMEIRA;A50;SAO PAULO;SP;730465;SCB01;OPERAÇÃO SOR;14598731;0009561319 / 0009564196;SIM;NOTIFICAÇÃO ENVIADA VIA PLANILHA POR CONTA DA ALTA DEMANDA;CARTA ENVIADA;03/09/2026;EM ANDAMENTO;PENDENTE;FORA DO PRAZO;;;6 - 10 Dias;Sudeste;NORMAL
;27/08/2026;260827-000101;EXTRAVIO ;PRIMARCA (ENPV BARALDI);P71;SAO PAULO;SP;sem embarque;SCB01;OPERAÇÃO SOR;14427473;87082999;SIM;NOTIFICAÇÃO ENVIADA VIA PLANILHA POR CONTA DA ALTA DEMANDA;CARTA ENVIADA;03/09/2026;EM ANDAMENTO;PENDENTE;FORA DO PRAZO;;;6 - 10 Dias;Sudeste;NORMAL
26/06/2026;27/08/2026;260827-000251;EXTRAVIO ;AUTOCLA;I26;ITUIUTABA;MG;713252;SCB01;OPERAÇÃO SOR;14414118;8871012;SIM;NOTIFICAÇÃO ENVIADA VIA PLANILHA POR CONTA DA ALTA DEMANDA;CARTA ENVIADA;03/09/2026;EM ANDAMENTO;PENDENTE;FORA DO PRAZO;;;6 - 10 Dias;Sudeste;NORMAL
;27/08/2026;260827-000255;EXTRAVIO ;RR;R08;BELEM;PA;726894;SCB01;CARVALIMA;14564634;9459076;SIM;NOTIFICAÇÃO ENVIADA VIA PLANILHA POR CONTA DA ALTA DEMANDA;CARTA ENVIADA;03/09/2026;EM ANDAMENTO;PENDENTE;FORA DO PRAZO;;;6 - 10 Dias;Norte;NORMAL
26/08/2026;27/08/2026;260827-000277;EXTRAVIO ;JUGASA;J30;CRICIUMA;SC;730298;SCB01;OPERAÇÃO SOR;14600055;9560118;SIM;NOTIFICAÇÃO ENVIADA VIA PLANILHA POR CONTA DA ALTA DEMANDA;CARTA ENVIADA;03/09/2026;EM ANDAMENTO;PENDENTE;FORA DO PRAZO;;;6 - 10 Dias;Sul;NORMAL
18/08/2026;27/08/2026;260827-000299;EXTRAVIO ;RR;R08;BELEM;PA;716282;SCB01;OPERAÇÃO SOR;14438819;" 0008993619 - 0008993621 - 0008993623 - 0008993624
 ";SIM;NOTIFICAÇÃO ENVIADA VIA PLANILHA POR CONTA DA ALTA DEMANDA;CARTA ENVIADA;03/09/2026;EM ANDAMENTO;PENDENTE;FORA DO PRAZO;;;6 - 10 Dias;Norte;NORMAL
18/08/2026;27/08/2026;260827-000352;EXTRAVIO ;RR;R08;BELEM;PA;716282;SCB01;OPERAÇÃO SOR;14440027;08993836 - 08993831;SIM;NOTIFICAÇÃO ENVIADA VIA PLANILHA POR CONTA DA ALTA DEMANDA;CARTA ENVIADA;03/09/2026;EM ANDAMENTO;PENDENTE;FORA DO PRAZO;;;6 - 10 Dias;Norte;NORMAL
06/08/2026;27/08/2026;260827-000353;EXTRAVIO ;ASPEN (BARRA MANSA);B05;MACAE;RJ;724266;SCB01;CAMILO;14532466;9333685;SIM;NOTIFICAÇÃO ENVIADA VIA PLANILHA POR CONTA DA ALTA DEMANDA;CARTA ENVIADA;03/09/2026;EM ANDAMENTO;PENDENTE;FORA DO PRAZO;;;6 - 10 Dias;Sudeste;NORMAL
;27/08/2026;260827-000370;EXTRAVIO ;ACCIOLY BARAO DE LIMEIRA;A50;RIO DE JANEIRO;RJ;729736;SCB01;CAMILO;14595539;9559506;SIM;NOTIFICAÇÃO ENVIADA VIA PLANILHA POR CONTA DA ALTA DEMANDA;CARTA ENVIADA;03/09/2026;EM ANDAMENTO;PENDENTE;FORA DO PRAZO;;;6 - 10 Dias;Sudeste;NORMAL
;27/08/2026;260827-000372;EXTRAVIO ;ACCIOLY BARAO DE LIMEIRA;A50;RIO DE JANEIRO;RJ;729736;SCB01;CAMILO;14595630;9559520;SIM;NOTIFICAÇÃO ENVIADA VIA PLANILHA POR CONTA DA ALTA DEMANDA;CARTA ENVIADA;03/09/2026;EM ANDAMENTO;PENDENTE;FORA DO PRAZO;;;6 - 10 Dias;Sudeste;NORMAL
20/08/2026;27/08/2026;260827-000377;EXTRAVIO ;ACCIOLY BARAO DE LIMEIRA;A50;BELO HORIZONTE;MG;727782;SCB01;XD MINAS;14577932;9499687;SIM;NOTIFICAÇÃO ENVIADA VIA PLANILHA POR CONTA DA ALTA DEMANDA;CARTA ENVIADA;03/09/2026;EM ANDAMENTO;PENDENTE;FORA DO PRAZO;;;6 - 10 Dias;Sudeste;NORMAL
26/08/2026;28/08/2026;260828-000068;EXTRAVIO ;ZACARIAS (TOLEDO);Z21;TOLEDO;PR;730353;SCB01;OPERAÇÃO SOR;14600406;9560073;SIM;NOTIFICAÇÃO ENVIADA VIA PLANILHA POR CONTA DA ALTA DEMANDA;CARTA ENVIADA;04/09/2026;EM ANDAMENTO;PENDENTE;NO PRAZO;;;6 - 10 Dias;Sul;NORMAL
18/08/2026;28/08/2026;260828-000072;EXTRAVIO ;RR;R08;BELEM;PA;716282;SCB01;OPERAÇÃO SOR;14440579;8993496;SIM;NOTIFICAÇÃO ENVIADA VIA PLANILHA POR CONTA DA ALTA DEMANDA;CARTA ENVIADA;04/09/2026;EM ANDAMENTO;PENDENTE;NO PRAZO;;;6 - 10 Dias;Norte;NORMAL
20/08/2026;28/08/2026;260828-000100;EXTRAVIO ;VIGORITO (ABC);E92;SAO PAULO;SP;728651;SCB01;OPERAÇÃO SOR;14584424;9525644;SIM;NOTIFICAÇÃO ENVIADA VIA PLANILHA POR CONTA DA ALTA DEMANDA;CARTA ENVIADA;04/09/2026;EM ANDAMENTO;PENDENTE;NO PRAZO;;;6 - 10 Dias;Sudeste;NORMAL
13/08/2026;28/08/2026;260828-000108;EXTRAVIO ;VIGORITO (ABC);E92;SAO PAULO;SP;726409;SCB01;XD DIADEMA;14561331;9444826;SIM;NOTIFICAÇÃO ENVIADA VIA PLANILHA POR CONTA DA ALTA DEMANDA;CARTA ENVIADA;04/09/2026;EM ANDAMENTO;PENDENTE;NO PRAZO;;;6 - 10 Dias;Sudeste;NORMAL
07/08/2026;28/08/2026;260828-000141;EXTRAVIO ;AUTUS (AFONSO PENA);X44;UBERLANDIA;MG;713260;SCB01;OPERAÇÃO SOR;14414376;8875460 - 8875398;SIM;NOTIFICAÇÃO ENVIADA VIA PLANILHA POR CONTA DA ALTA DEMANDA;CARTA ENVIADA;04/09/2026;EM ANDAMENTO;PENDENTE;NO PRAZO;;;6 - 10 Dias;Sudeste;NORMAL
13/08/2026;28/08/2026;260828-000142;EXTRAVIO ;VIGORITO (ABC);E92;SAO PAULO;SP;726498;SCB01;OPERAÇÃO SOR;14562394;86034219;SIM;NOTIFICAÇÃO ENVIADA VIA PLANILHA POR CONTA DA ALTA DEMANDA;CARTA ENVIADA;04/09/2026;EM ANDAMENTO;PENDENTE;NO PRAZO;;;6 - 10 Dias;Sudeste;NORMAL
26/08/2026;28/08/2026;260828-000150;EXTRAVIO ;NOVO RIO (ARAGUAINA);N94;ARAGUAINA;TO;726235;SCB01;RIO VERMELHO;14557887;9431062;SIM;NOTIFICAÇÃO ENVIADA VIA PLANILHA POR CONTA DA ALTA DEMANDA;CARTA ENVIADA;04/09/2026;EM ANDAMENTO;PENDENTE;NO PRAZO;;;6 - 10 Dias;CO;NORMAL
26/08/2026;28/08/2026;260828-000151;EXTRAVIO ;NOVO RIO (ARAGUAINA);N94;ARAGUAINA;TO;726235;SCB01;RIO VERMELHO;14557891;9431062;SIM;NOTIFICAÇÃO ENVIADA VIA PLANILHA POR CONTA DA ALTA DEMANDA;CARTA ENVIADA;04/09/2026;EM ANDAMENTO;PENDENTE;NO PRAZO;;;6 - 10 Dias;CO;NORMAL
26/08/2026;28/08/2026;260828-000152;EXTRAVIO ;NOVO RIO (ARAGUAINA);N94;ARAGUAINA;TO;726235;SCB01;RIO VERMELHO;14557890;9431062;SIM;NOTIFICAÇÃO ENVIADA VIA PLANILHA POR CONTA DA ALTA DEMANDA;CARTA ENVIADA;04/09/2026;EM ANDAMENTO;PENDENTE;NO PRAZO;;;6 - 10 Dias;CO;NORMAL
13/07/2026;28/08/2026;260828-000155;EXTRAVIO ;VIGORITO (ABC);E92;SAO PAULO;SP;718000;SCB01;XD DIADEMA;14459477;9064253;SIM;NOTIFICAÇÃO ENVIADA VIA PLANILHA POR CONTA DA ALTA DEMANDA;CARTA ENVIADA;04/09/2026;EM ANDAMENTO;PENDENTE;NO PRAZO;;;6 - 10 Dias;Sudeste;NORMAL
03/08/2026;28/08/2026;260828-000178;EXTRAVIO ;AUTUS (AFONSO PENA);X44;UBERLANDIA;MG;721062;SCB01;OPERAÇÃO SOR;14491501;260828-000178;SIM;NOTIFICAÇÃO ENVIADA VIA PLANILHA POR CONTA DA ALTA DEMANDA;CARTA ENVIADA;04/09/2026;EM ANDAMENTO;PENDENTE;NO PRAZO;;;6 - 10 Dias;Sudeste;NORMAL
27/08/2026;28/08/2026;260828-000179;EXTRAVIO ;VIGORITO (ABC);E92;SAO PAULO;SP;731154;SCB01;OPERAÇÃO SOR;14607768;9600253;SIM;NOTIFICAÇÃO ENVIADA VIA PLANILHA POR CONTA DA ALTA DEMANDA;CARTA ENVIADA;04/09/2026;EM ANDAMENTO;PENDENTE;NO PRAZO;;;6 - 10 Dias;Sudeste;NORMAL
03/08/2026;28/08/2026;260828-000196;EXTRAVIO ;AUTUS (AFONSO PENA);X44;UBERLANDIA;MG;718709;SCB01;OPERAÇÃO SOR;14468300;9091154;SIM;NOTIFICAÇÃO ENVIADA VIA PLANILHA POR CONTA DA ALTA DEMANDA;CARTA ENVIADA;04/09/2026;EM ANDAMENTO;PENDENTE;NO PRAZO;;;6 - 10 Dias;Sudeste;NORMAL
31/07/2026;28/08/2026;260828-000213;EXTRAVIO ;AUTUS (AFONSO PENA);X44;UBERLANDIA;MG;717357;SCB01;OPERAÇÃO SOR;14451930;9037946;SIM;NOTIFICAÇÃO ENVIADA VIA PLANILHA POR CONTA DA ALTA DEMANDA;CARTA ENVIADA;04/09/2026;EM ANDAMENTO;PENDENTE;NO PRAZO;;;6 - 10 Dias;Sudeste;NORMAL
03/08/2026;28/08/2026;260828-000220;EXTRAVIO ;AUTUS (AFONSO PENA);X44;UBERLANDIA;MG;714423;SCB01;CAMILO;14427673;8921695;SIM;NOTIFICAÇÃO ENVIADA VIA PLANILHA POR CONTA DA ALTA DEMANDA;CARTA ENVIADA;04/09/2026;EM ANDAMENTO;PENDENTE;NO PRAZO;;;6 - 10 Dias;Sudeste;NORMAL
10/07/2026;28/08/2026;260828-000221;EXTRAVIO ;VESSA (VILA VELHA);B15;VILA VELHA;ES;715705;SCB01;CAMILO;14430610;8919252;SIM;NOTIFICAÇÃO ENVIADA VIA PLANILHA POR CONTA DA ALTA DEMANDA;CARTA ENVIADA;04/09/2026;EM ANDAMENTO;PENDENTE;NO PRAZO;;;6 - 10 Dias;Sudeste;NORMAL
03/08/2026;28/08/2026;260828-000223;EXTRAVIO ;VESSA (VILA VELHA);B15;VILA VELHA;ES;720002;SCB01;CAMILO;14477688;9132865;SIM;NOTIFICAÇÃO ENVIADA VIA PLANILHA POR CONTA DA ALTA DEMANDA;CARTA ENVIADA;04/09/2026;EM ANDAMENTO;PENDENTE;NO PRAZO;;;6 - 10 Dias;Sudeste;NORMAL
03/08/2026;28/08/2026;260828-000224;EXTRAVIO ;VESSA (VILA VELHA);B15;VILA VELHA;ES;720002;SCB01;CAMILO;14486443;9143176;SIM;NOTIFICAÇÃO ENVIADA VIA PLANILHA POR CONTA DA ALTA DEMANDA;CARTA ENVIADA;04/09/2026;EM ANDAMENTO;PENDENTE;NO PRAZO;;;6 - 10 Dias;Sudeste;NORMAL
10/08/2026;28/08/2026;260828-000227;EXTRAVIO ;NACAO (CAMPO GRANDE);N21;CAMPO GRANDE;MS;716272;SCB01;CARVALIMA;14440104;8993747;SIM;NOTIFICAÇÃO ENVIADA VIA PLANILHA POR CONTA DA ALTA DEMANDA;CARTA ENVIADA;04/09/2026;EM ANDAMENTO;PENDENTE;NO PRAZO;;;6 - 10 Dias;CO;NORMAL
31/07/2026;28/08/2026;260828-000228;EXTRAVIO ;AUTUS (AFONSO PENA);X44;UBERLANDIA;MG;717522;SCB01;OPERAÇÃO SOR;14454160;9057182;SIM;NOTIFICAÇÃO ENVIADA VIA PLANILHA POR CONTA DA ALTA DEMANDA;CARTA ENVIADA;04/09/2026;EM ANDAMENTO;PENDENTE;NO PRAZO;;;6 - 10 Dias;Sudeste;NORMAL
30/07/2026;28/08/2026;260828-000230;EXTRAVIO ;AUTUS (AFONSO PENA);X44;UBERLANDIA;MG;718259;SCB01;OPERAÇÃO SOR;14463996;9077007;SIM;NOTIFICAÇÃO ENVIADA VIA PLANILHA POR CONTA DA ALTA DEMANDA;CARTA ENVIADA;04/09/2026;EM ANDAMENTO;PENDENTE;NO PRAZO;;;6 - 10 Dias;Sudeste;NORMAL
03/08/2026;28/08/2026;260828-000231;EXTRAVIO ;AUTUS (AFONSO PENA);X44;UBERLANDIA;MG;717810;SCB01;OPERAÇÃO SOR;14459385;9064828;SIM;NOTIFICAÇÃO ENVIADA VIA PLANILHA POR CONTA DA ALTA DEMANDA;CARTA ENVIADA;04/09/2026;EM ANDAMENTO;PENDENTE;NO PRAZO;;;6 - 10 Dias;Sudeste;NORMAL
05/08/2026;28/08/2026;260828-000238;EXTRAVIO ;AUTUS (AFONSO PENA);X44;UBERLANDIA;MG;718109;SCB01;OPERAÇÃO SOR;14464012;9077708;SIM;NOTIFICAÇÃO ENVIADA VIA PLANILHA POR CONTA DA ALTA DEMANDA;CARTA ENVIADA;04/09/2026;EM ANDAMENTO;PENDENTE;NO PRAZO;;;6 - 10 Dias;Sudeste;NORMAL
03/08/2026;28/08/2026;260828-000240;EXTRAVIO ;AUTUS (AFONSO PENA);X44;UBERLANDIA;MG;714961;SCB01;CAMILO;14430242;8922345;SIM;NOTIFICAÇÃO ENVIADA VIA PLANILHA POR CONTA DA ALTA DEMANDA;CARTA ENVIADA;04/09/2026;EM ANDAMENTO;PENDENTE;NO PRAZO;;;6 - 10 Dias;Sudeste;NORMAL
03/08/2026;28/08/2026;260828-000243;EXTRAVIO ;AUTUS (AFONSO PENA);X44;UBERLANDIA;MG;715995;SCB01;OPERAÇÃO SOR;14440334;8990577;SIM;NOTIFICAÇÃO ENVIADA VIA PLANILHA POR CONTA DA ALTA DEMANDA;CARTA ENVIADA;04/09/2026;EM ANDAMENTO;PENDENTE;NO PRAZO;;;6 - 10 Dias;Sudeste;NORMAL
06/08/2026;28/08/2026;260828-000250;EXTRAVIO ;AUTUS (AFONSO PENA);X44;UBERLANDIA;MG;724176;SCB01;XD MINAS;14531955;9327186;SIM;NOTIFICAÇÃO ENVIADA VIA PLANILHA POR CONTA DA ALTA DEMANDA;CARTA ENVIADA;04/09/2026;EM ANDAMENTO;PENDENTE;NO PRAZO;;;6 - 10 Dias;Sudeste;NORMAL
28/08/2026;28/08/2026;260828-000336;EXTRAVIO ;VIGORITO (ABC);E92;SAO PAULO;SP;731254;SCB01;OPERAÇÃO SOR;14612355;9617380;SIM;NOTIFICAÇÃO ENVIADA VIA PLANILHA POR CONTA DA ALTA DEMANDA;CARTA ENVIADA;04/09/2026;EM ANDAMENTO;PENDENTE;NO PRAZO;;;6 - 10 Dias;Sudeste;NORMAL
28/08/2026;28/08/2026;260828-000339;EXTRAVIO ;VIGORITO (ABC);E92;SAO PAULO;SP;731254;SCB01;OPERAÇÃO SOR;14612356;9617380;SIM;NOTIFICAÇÃO ENVIADA VIA PLANILHA POR CONTA DA ALTA DEMANDA;CARTA ENVIADA;04/09/2026;EM ANDAMENTO;PENDENTE;NO PRAZO;;;6 - 10 Dias;Sudeste;NORMAL
28/08/2026;28/08/2026;260828-000338;EXTRAVIO ;LIDER (RECREIO);L45;RIO DE JANEIRO;RJ;730756;SCB01;CAMILO;14597175;9559675;SIM;NOTIFICAÇÃO ENVIADA VIA PLANILHA POR CONTA DA ALTA DEMANDA;CARTA ENVIADA;04/09/2026;EM ANDAMENTO;PENDENTE;NO PRAZO;;;6 - 10 Dias;Sudeste;NORMAL
18/08/2026;28/08/2026;260828-000391;EXTRAVIO ;RR;R08;BELEM;PA;716282;SCB01;OPERAÇÃO SOR;14440101;8993863;SIM;NOTIFICAÇÃO ENVIADA VIA PLANILHA POR CONTA DA ALTA DEMANDA;CARTA ENVIADA;04/09/2026;EM ANDAMENTO;PENDENTE;NO PRAZO;;;6 - 10 Dias;Norte;NORMAL
18/08/2026;28/08/2026;260828-000398;EXTRAVIO ;RR;R08;BELEM;PA;716282;SCB01;OPERAÇÃO SOR;14440581;8993496;SIM;NOTIFICAÇÃO ENVIADA VIA PLANILHA POR CONTA DA ALTA DEMANDA;CARTA ENVIADA;04/09/2026;EM ANDAMENTO;PENDENTE;NO PRAZO;;;6 - 10 Dias;Norte;NORMAL
18/08/2026;28/08/2026;260828-000404;EXTRAVIO ;RR;R08;BELEM;PA;716282;SCB01;OPERAÇÃO SOR;14438805;8993789;SIM;NOTIFICAÇÃO ENVIADA VIA PLANILHA POR CONTA DA ALTA DEMANDA;CARTA ENVIADA;04/09/2026;EM ANDAMENTO;PENDENTE;NO PRAZO;;;6 - 10 Dias;Norte;NORMAL
18/08/2026;28/08/2026;260828-000408;EXTRAVIO ;RR;R08;BELEM;PA;716282;SCB01;OPERAÇÃO SOR;14438802;0008993790 - 0008993791 - 0008993805;SIM;NOTIFICAÇÃO ENVIADA VIA PLANILHA POR CONTA DA ALTA DEMANDA;CARTA ENVIADA;04/09/2026;EM ANDAMENTO;PENDENTE;NO PRAZO;;;6 - 10 Dias;Norte;NORMAL
27/07/2026;29/08/2026;260829-000014;EXTRAVIO ;PEDRAGON (BANDEIRANTES);M76;BRASILIA;DF;721658;SCB01;XD DIADEMA;14505927;9229034;SIM;NOTIFICAÇÃO ENVIADA VIA PLANILHA POR CONTA DA ALTA DEMANDA;CARTA ENVIADA;04/09/2026;EM ANDAMENTO;PENDENTE;NO PRAZO;;;0 - 5 Dias;CO;NORMAL
26/08/2026;29/08/2026;260829-000018;EXTRAVIO ;SPONCHIADO (PASSO FUNDO);S31;PASSO FUNDO;RS;729711;SCB01;OPERAÇÃO SOR;14594766;9549338;SIM;NOTIFICAÇÃO ENVIADA VIA PLANILHA POR CONTA DA ALTA DEMANDA;CARTA ENVIADA;04/09/2026;EM ANDAMENTO;PENDENTE;NO PRAZO;;;0 - 5 Dias;Sul;NORMAL
08/07/2026;29/08/2026;260829-000028;EXTRAVIO ;ACCIOLY BARAO DE LIMEIRA;A50;BELO HORIZONTE;MG;713967;SCB01;OPERAÇÃO SOR;14423743; 0008902157 - 0008902314 - 0008902321 - 0008902343 ;SIM;NOTIFICAÇÃO ENVIADA VIA PLANILHA POR CONTA DA ALTA DEMANDA;CARTA ENVIADA;04/09/2026;EM ANDAMENTO;PENDENTE;NO PRAZO;;;0 - 5 Dias;Sudeste;NORMAL
03/08/2026;29/08/2026;260829-000029;EXTRAVIO ;PEDRAGON (BANDEIRANTES);M76;BRASILIA;DF;720461;SCB01;OPERAÇÃO SOR;14491018; 9141071 e 9141072;SIM;NOTIFICAÇÃO ENVIADA VIA PLANILHA POR CONTA DA ALTA DEMANDA;CARTA ENVIADA;04/09/2026;EM ANDAMENTO;PENDENTE;NO PRAZO;;;0 - 5 Dias;CO;NORMAL
08/07/2026;29/08/2026;260829-000042;EXTRAVIO ;ACCIOLY BARAO DE LIMEIRA;A50;BELO HORIZONTE;MG;715443;SCB01;XD MINAS;14436325;0008989683 - 0008990161 - 0008957032 ;SIM;NOTIFICAÇÃO ENVIADA VIA PLANILHA POR CONTA DA ALTA DEMANDA;CARTA ENVIADA;04/09/2026;EM ANDAMENTO;PENDENTE;NO PRAZO;;;0 - 5 Dias;Sudeste;NORMAL
26/08/2026;29/08/2026;260829-000046;EXTRAVIO ;VALESUL;H56;SAO JOSE DOS PINHAIS;PR;730417;SCB01;OPERAÇÃO SOR;14601614;9576919;SIM;NOTIFICAÇÃO ENVIADA VIA PLANILHA POR CONTA DA ALTA DEMANDA;CARTA ENVIADA;04/09/2026;EM ANDAMENTO;PENDENTE;NO PRAZO;;;0 - 5 Dias;Sul;NORMAL
17/08/2026;31/08/2026;260831-000035;EXTRAVIO ;SABENAUTO (DPEC MANAUS);W93;MANAUS;AM;723704;SCB01;OPERAÇÃO SOR;14492026;9161126;SIM;NOTIFICAÇÃO ENVIADA VIA PLANILHA POR CONTA DA ALTA DEMANDA;CARTA ENVIADA;07/09/2026;EM ANDAMENTO;PENDENTE;NO PRAZO;;;0 - 5 Dias;Norte;NORMAL
;31/08/2026;260831-000045;EXTRAVIO ;TUDO (GOIANIA);S16;GOIANIA;GO;724705;SCB01;OPERAÇÃO SOR;14522847;9288650;SIM;NOTIFICAÇÃO ENVIADA VIA PLANILHA POR CONTA DA ALTA DEMANDA;CARTA ENVIADA;07/09/2026;EM ANDAMENTO;PENDENTE;NO PRAZO;;;0 - 5 Dias;CO;NORMAL
28/08/2026;31/08/2026;260831-000069;EXTRAVIO ;ACCIOLY BARAO DE LIMEIRA;A50;SAO PAULO;SP;732475;SCB01;OPERAÇÃO SOR;14619319;0009631571 / 0009631572 / 0009631573;SIM;NOTIFICAÇÃO ENVIADA VIA PLANILHA POR CONTA DA ALTA DEMANDA;CARTA ENVIADA;07/09/2026;EM ANDAMENTO;PENDENTE;NO PRAZO;;;0 - 5 Dias;Sudeste;NORMAL
;31/08/2026;260831-000365;EXTRAVIO ;ACCIOLY BARAO DE LIMEIRA;A50;RIO DE JANEIRO;RJ;731566;SCB01;CAMILO;14590969;9546676;SIM;NOTIFICAÇÃO ENVIADA VIA PLANILHA POR CONTA DA ALTA DEMANDA;;07/09/2026;EM ANDAMENTO;PENDENTE;NO PRAZO;;;0 - 5 Dias;Sudeste;NORMAL
31/08/2026;31/08/2026;260831-000351;EXTRAVIO ;JORLAN (BARAO H. DE MELO);J66;BELO HORIZONTE;MG;731007;SCB01;XD MINAS;14606757;9600407 - 9600409;SIM;NOTIFICAÇÃO ENVIADA VIA PLANILHA POR CONTA DA ALTA DEMANDA;CARTA ENVIADA;07/09/2026;EM ANDAMENTO;PENDENTE;NO PRAZO;;;0 - 5 Dias;Sudeste;NORMAL
31/08/2026;31/08/2026;260831-000350;EXTRAVIO ;JORLAN (BARAO H. DE MELO);J66;BELO HORIZONTE;MG;731007;SCB01;XD MINAS;14604628;9584662 - 9584663 - 9584664 - 9584665;SIM;NOTIFICAÇÃO ENVIADA VIA PLANILHA POR CONTA DA ALTA DEMANDA;CARTA ENVIADA;07/09/2026;EM ANDAMENTO;PENDENTE;NO PRAZO;;;0 - 5 Dias;Sudeste;NORMAL
31/08/2026;31/08/2026;260831-000349;EXTRAVIO ;JORLAN (BARAO H. DE MELO);J66;BELO HORIZONTE;MG;731007;SCB01;XD MINAS;14605158;9584554 - 9584555 - 9584556 - 9584557 - 9584558 - 9584559 - 9584560 - 9584561 - 9584562 - 9584563 - 9584564 - 9584565 - 9584566 - 9584578 - 9584579;SIM;NOTIFICAÇÃO ENVIADA VIA PLANILHA POR CONTA DA ALTA DEMANDA;CARTA ENVIADA;07/09/2026;EM ANDAMENTO;PENDENTE;NO PRAZO;;;0 - 5 Dias;Sudeste;NORMAL
31/08/2026;31/08/2026;260831-000347;EXTRAVIO ;JORLAN (BARAO H. DE MELO);J66;BELO HORIZONTE;MG;731007;SCB01;XD MINAS;14604204;9584602;SIM;NOTIFICAÇÃO ENVIADA VIA PLANILHA POR CONTA DA ALTA DEMANDA;CARTA ENVIADA;07/09/2026;EM ANDAMENTO;PENDENTE;NO PRAZO;;;0 - 5 Dias;Sudeste;NORMAL
31/08/2026;31/08/2026;260831-000343;EXTRAVIO ;JORLAN (BARAO H. DE MELO);J66;BELO HORIZONTE;MG;731007;SCB01;XD MINAS;14604201;9584584 - 9584588 - 9584589 - 9584590 - 9584591 - 9584592 - 9584593 - 9584594 - 9584595 - 9584604 - 9584605;SIM;NOTIFICAÇÃO ENVIADA VIA PLANILHA POR CONTA DA ALTA DEMANDA;CARTA ENVIADA;07/09/2026;EM ANDAMENTO;PENDENTE;NO PRAZO;;;0 - 5 Dias;Sudeste;NORMAL
;31/08/2026;260831-000331;EXTRAVIO ;LIDER (RECREIO);L45;sem embarque;sem embarque;sem embarque;SCB01;OPERAÇÃO SOR;14617738;9640581;SIM;NOTIFICAÇÃO ENVIADA VIA PLANILHA POR CONTA DA ALTA DEMANDA;CARTA ENVIADA;07/09/2026;EM ANDAMENTO;PENDENTE;NO PRAZO;;;0 - 5 Dias;#N/D;NORMAL
;31/08/2026;260831-000329;EXTRAVIO ;LIDER (RECREIO);L45;sem embarque;sem embarque;sem embarque;SCB01;OPERAÇÃO SOR;14617399;9640434;SIM;NOTIFICAÇÃO ENVIADA VIA PLANILHA POR CONTA DA ALTA DEMANDA;CARTA ENVIADA;07/09/2026;EM ANDAMENTO;PENDENTE;NO PRAZO;;;0 - 5 Dias;#N/D;NORMAL
06/08/2026;31/08/2026;260831-000297;EXTRAVIO ;ASPEN (BARRA MANSA);B05;BARRA MANSA;RJ;724266;SCB01;CAMILO;14532466;9333685;SIM;NOTIFICAÇÃO ENVIADA VIA PLANILHA POR CONTA DA ALTA DEMANDA;;07/09/2026;EM ANDAMENTO;PENDENTE;NO PRAZO;;;0 - 5 Dias;Sudeste;NORMAL
;31/08/2026;260831-000269;EXTRAVIO ;PERKAL (CAMPO GRANDE);P04;CAMPO GRANDE;MS;730376;SCB01;OPERAÇÃO SOR;14600070 - 14600910 - 14600890 - 14600878 - 14600745 - 14597733 - 14601185;0009531255 - 0009576348 - 0009576156 - 0009576289 - 0009576161 - 86030768 - 0009575992 - 0009575993 - 0009575994 - 0009575995 - 0009575996 -0009575997 - 0009575998 - 0009575999 - 0009576000 - 0009576001  ;SIM;NOTIFICAÇÃO ENVIADA VIA PLANILHA POR CONTA DA ALTA DEMANDA;FINALIZADO COMO RESOLVIDO;07/09/2026;LOCALIZADO;FINALIZADO;FINALIZADO;;;-;CO;NORMAL
28/08/2026;31/08/2026;260831-000262;EXTRAVIO ;UVEL (PELOTAS);U19;PELOTAS;RS;730448;SCB01;OPERAÇÃO SOR;14595534;9540376;SIM;NOTIFICAÇÃO ENVIADA VIA PLANILHA POR CONTA DA ALTA DEMANDA;;07/09/2026;EM ANDAMENTO;PENDENTE;NO PRAZO;;;0 - 5 Dias;Sul;NORMAL
;31/08/2026;260831-000220;EXTRAVIO ;GUIAUTO (IPATINGA);D03;IPATINGA;MG;730088;SCB01;OPERAÇÃO SOR;14598516;9568816;SIM;NOTIFICAÇÃO ENVIADA VIA PLANILHA POR CONTA DA ALTA DEMANDA;CARTA ENVIADA;07/09/2026;EM ANDAMENTO;PENDENTE;NO PRAZO;;;0 - 5 Dias;Sudeste;NORMAL
24/08/2026;31/08/2026;260831-000157;EXTRAVIO ;AUTORIO;G52;RIO VERDE;GO;724241;SCB01;RIO VERMELHO;14534111;9344480 - 9344481 - 93444484 - 9344488 - 9344499;SIM;NOTIFICAÇÃO ENVIADA VIA PLANILHA POR CONTA DA ALTA DEMANDA;;07/09/2026;EM ANDAMENTO;PENDENTE;NO PRAZO;;;0 - 5 Dias;CO;NORMAL
01/09/2026;01/09/2026;260901-000396;EXTRAVIO ;AUTOSHOW (LAGES);L49;LAGES;SC;730849;SCB01;OPERAÇÃO SOR;14605463;9592256;SIM;NOTIFICAÇÃO ENVIADA VIA PLANILHA POR CONTA DA ALTA DEMANDA;;08/09/2026;EM ANDAMENTO;PENDENTE;NO PRAZO;;;0 - 5 Dias;Sul;NORMAL
01/09/2026;01/09/2026;260901-000367;EXTRAVIO ;GUIAUTO (IPATINGA);D03;CORONEL FABRICIANO;MG;731816;SCB01;XD MINAS;14612139;9617961;SIM;NOTIFICAÇÃO ENVIADA VIA PLANILHA POR CONTA DA ALTA DEMANDA;CARTA ENVIADA;08/09/2026;EM ANDAMENTO;PENDENTE;NO PRAZO;;;0 - 5 Dias;Sudeste;NORMAL
01/09/2026;01/09/2026;260901-000363;EXTRAVIO ;GUIAUTO (IPATINGA);D03;CORONEL FABRICIANO;MG;731626;SCB01;OPERAÇÃO SOR;14613774;9623818;SIM;NOTIFICAÇÃO ENVIADA VIA PLANILHA POR CONTA DA ALTA DEMANDA;CARTA ENVIADA;08/09/2026;EM ANDAMENTO;PENDENTE;NO PRAZO;;;0 - 5 Dias;Sudeste;NORMAL
01/09/2026;01/09/2026;260901-000357;EXTRAVIO ;GUIAUTO (IPATINGA);D03;OURO PRETO;MG;731625;SCB01;OPERAÇÃO SOR;14610158;9606062;SIM;NOTIFICAÇÃO ENVIADA VIA PLANILHA POR CONTA DA ALTA DEMANDA;CARTA ENVIADA;08/09/2026;EM ANDAMENTO;PENDENTE;NO PRAZO;;;0 - 5 Dias;Sudeste;NORMAL
01/09/2026;01/09/2026;260901-000354;EXTRAVIO ;GUIAUTO (IPATINGA);D03;PONTE NOVA;MG;731818;SCB01;XD MINAS;14612985;9617675;SIM;NOTIFICAÇÃO ENVIADA VIA PLANILHA POR CONTA DA ALTA DEMANDA;CARTA ENVIADA;08/09/2026;EM ANDAMENTO;PENDENTE;NO PRAZO;;;0 - 5 Dias;Sudeste;NORMAL
;01/09/2026;260901-000353;EXTRAVIO ;LIRAUTO;L26;BOA VISTA;RR;726353;SCB01;OPERAÇÃO SOR;14445920-4 E 14445927-4;9008788 - 9007880;SIM;NOTIFICAÇÃO ENVIADA VIA PLANILHA POR CONTA DA ALTA DEMANDA;;08/09/2026;EM ANDAMENTO;PENDENTE;NO PRAZO;;;0 - 5 Dias;Norte;NORMAL
24/08/2026;01/09/2026;260901-000345;EXTRAVIO ;CARRERA (ALPHAVILLE);K18;BARUERI;SP;730192;SCB01;XD DIADEMA;14598142;9563123;SIM;NOTIFICAÇÃO ENVIADA VIA PLANILHA POR CONTA DA ALTA DEMANDA;;08/09/2026;EM ANDAMENTO;PENDENTE;NO PRAZO;;;0 - 5 Dias;Sudeste;NORMAL
;01/09/2026;260901-000299;EXTRAVIO ;ACCIOLY BARAO DE LIMEIRA;A50;BELO HORIZONTE;MG;716564;SCB01;OPERAÇÃO SOR;14443731 - 14443741;0009009463 - 0009010614;SIM;NOTIFICAÇÃO ENVIADA VIA PLANILHA POR CONTA DA ALTA DEMANDA;;08/09/2026;EM ANDAMENTO;PENDENTE;NO PRAZO;;;0 - 5 Dias;Sudeste;NORMAL
05/08/2026;01/09/2026;260901-000264;EXTRAVIO ;CARRERA (ASA NORTE);W36;BRASILIA;DF;723622;SCB01;RIO VERMELHO;14525108;9304578;SIM;NOTIFICAÇÃO ENVIADA VIA PLANILHA POR CONTA DA ALTA DEMANDA;;08/09/2026;EM ANDAMENTO;PENDENTE;NO PRAZO;;;0 - 5 Dias;CO;NORMAL
05/08/2026;01/09/2026;260901-000257;EXTRAVIO ;CARRERA (ASA NORTE);W36;BRASILIA;DF;723622;SCB01;RIO VERMELHO;14524345;9304362;SIM;NOTIFICAÇÃO ENVIADA VIA PLANILHA POR CONTA DA ALTA DEMANDA;;08/09/2026;EM ANDAMENTO;PENDENTE;NO PRAZO;;;0 - 5 Dias;CO;NORMAL
27/08/2026;01/09/2026;260901-000248;EXTRAVIO ;GMAIS (BARRA DA TIJUCA);G40;RIO DE JANEIRO;RJ;730990;SCB01;XD DIADEMA;14604195;9584587 / 9584599 / 9584600 / 9584601.;SIM;NOTIFICAÇÃO ENVIADA VIA PLANILHA POR CONTA DA ALTA DEMANDA;;08/09/2026;EM ANDAMENTO;PENDENTE;NO PRAZO;;;0 - 5 Dias;Sudeste;NORMAL
31/08/2026;01/09/2026;260901-000212;EXTRAVIO ;SULPAVE;S54;REGISTRO;SP;732172;SCB01;XD DIADEMA;14617358;9634854;SIM;NOTIFICAÇÃO ENVIADA VIA PLANILHA POR CONTA DA ALTA DEMANDA;FINALIZADO COMO RESOLVIDO;08/09/2026;LOCALIZADO;FINALIZADO;FINALIZADO;;;-;Sudeste;NORMAL
;01/09/2026;260901-000194;EXTRAVIO ;ACCIOLY BARAO DE LIMEIRA;A50;BELO HORIZONTE;MG;717065;SCB01;OPERAÇÃO SOR;14451089 - 14451178 - 14450600; 0009037350 - 0009037519 - 0009037687 ;SIM;NOTIFICAÇÃO ENVIADA VIA PLANILHA POR CONTA DA ALTA DEMANDA;;08/09/2026;EM ANDAMENTO;PENDENTE;NO PRAZO;;;0 - 5 Dias;Sudeste;NORMAL
;01/09/2026;260901-000185;EXTRAVIO ;VEMAQ (CACOAL);V80;CACOAL;RO;732502;SCB01;OPERAÇÃO SOR;14451887;9008347;SIM;NOTIFICAÇÃO ENVIADA VIA PLANILHA POR CONTA DA ALTA DEMANDA;;08/09/2026;EM ANDAMENTO;PENDENTE;NO PRAZO;;;0 - 5 Dias;Norte;NORMAL
02/09/2026;01/09/2026;260901-000184;EXTRAVIO ;METRONORTE (JOINVILLE - AMERICA);I56;JOINVILLE;SC;731723;SCB01;OPERAÇÃO SOR;14612766;9621060;SIM;NOTIFICAÇÃO ENVIADA VIA PLANILHA POR CONTA DA ALTA DEMANDA;FINALIZADO COMO RESOLVIDO;08/09/2026;LOCALIZADO;FINALIZADO;FINALIZADO;;;-;Sul;NORMAL
;01/09/2026;260901-000164;EXTRAVIO ;SABENAUTO (DPEC MANAUS);W93;MANAUS;AM;727521;SCB01;OPERAÇÃO SOR;14552021;9393437;SIM;NOTIFICAÇÃO ENVIADA VIA PLANILHA POR CONTA DA ALTA DEMANDA;CARTA ENVIADA;08/09/2026;EM ANDAMENTO;PENDENTE;NO PRAZO;;;0 - 5 Dias;Norte;NORMAL
;01/09/2026;260901-000163;EXTRAVIO ;SABENAUTO (DPEC MANAUS);W93;MANAUS;AM;727174;SCB01;OPERAÇÃO SOR;14551551 - 14551553;9394799;SIM;NOTIFICAÇÃO ENVIADA VIA PLANILHA POR CONTA DA ALTA DEMANDA;CARTA ENVIADA;08/09/2026;EM ANDAMENTO;PENDENTE;NO PRAZO;;;0 - 5 Dias;Norte;NORMAL
;01/09/2026;260901-000162;EXTRAVIO ;SABENAUTO (DPEC MANAUS);W93;MANAUS;AM;718238;SCB01;OPERAÇÃO SOR;14389531 - 14392114 - 14447185;0008777241 - 0008777830 - 0008777176 - 0009023290 - 0009023291 ;SIM;NOTIFICAÇÃO ENVIADA VIA PLANILHA POR CONTA DA ALTA DEMANDA;CARTA ENVIADA;08/09/2026;EM ANDAMENTO;PENDENTE;NO PRAZO;;;0 - 5 Dias;Norte;NORMAL
;01/09/2026;260901-000159;EXTRAVIO ;ACCIOLY BARAO DE LIMEIRA;A50;BELO HORIZONTE;MG;716713;SCB01;OPERAÇÃO SOR;14445876 - 14443960;0009009839 - 0009023805;SIM;NOTIFICAÇÃO ENVIADA VIA PLANILHA POR CONTA DA ALTA DEMANDA;;08/09/2026;EM ANDAMENTO;PENDENTE;NO PRAZO;;;0 - 5 Dias;Sudeste;NORMAL
05/08/2026;01/09/2026;260901-000151;EXTRAVIO ;VEMAQ (CACOAL);V80;CACOAL;RO;721348;SCB01;CARVALIMA;14490861;9162396 - 9162397;SIM;NOTIFICAÇÃO ENVIADA VIA PLANILHA POR CONTA DA ALTA DEMANDA;;08/09/2026;EM ANDAMENTO;PENDENTE;NO PRAZO;;;0 - 5 Dias;Norte;NORMAL
20/07/2026;01/09/2026;260901-000103;EXTRAVIO ;ACCIOLY BARAO DE LIMEIRA;A50;BELO HORIZONTE;MG;716081;SCB01;XD MINAS;14421529;8809185;SIM;NOTIFICAÇÃO ENVIADA VIA PLANILHA POR CONTA DA ALTA DEMANDA;;08/09/2026;EM ANDAMENTO;PENDENTE;NO PRAZO;;;0 - 5 Dias;Sudeste;NORMAL
05/08/2026;01/09/2026;260901-000061;EXTRAVIO ;ARTVEL (POUSO ALEGRE);P63;POUSO ALEGRE;MG;719500;SCB01;XD DIADEMA;14482477;9144303;SIM;NOTIFICAÇÃO ENVIADA VIA PLANILHA POR CONTA DA ALTA DEMANDA;;08/09/2026;EM ANDAMENTO;PENDENTE;NO PRAZO;;;0 - 5 Dias;Sudeste;NORMAL
;01/09/2026;260901-000021;EXTRAVIO ;ARTVEL (POUSO ALEGRE);P63;POUSO ALEGRE;MG;715306;SCB01;OPERAÇÃO SOR;14436651 - 14436483;8956619 - 8956620 - 8956621;SIM;NOTIFICAÇÃO ENVIADA VIA PLANILHA POR CONTA DA ALTA DEMANDA;;08/09/2026;EM ANDAMENTO;PENDENTE;NO PRAZO;;;0 - 5 Dias;Sudeste;NORMAL
;02/09/2026;260902-000370;EXTRAVIO ;SPONCHIADO JARDINE (IPIRANGA);S45;;;sem embarque;SCB01;OPERAÇÃO SOR;14607660;87081000;SIM;NOTIFICAÇÃO ENVIADA VIA PLANILHA POR CONTA DA ALTA DEMANDA;;09/09/2026;EM ANDAMENTO;PENDENTE;NO PRAZO;;;0 - 5 Dias;#N/D;NORMAL
01/09/2026;02/09/2026;260902-000331;EXTRAVIO ;CARRERA (VILA LEOPOLDINA);J36;SAO PAULO;SP;732143;SCB01;XD DIADEMA;14618231;9635240;SIM;NOTIFICAÇÃO ENVIADA VIA PLANILHA POR CONTA DA ALTA DEMANDA;;09/09/2026;EM ANDAMENTO;PENDENTE;NO PRAZO;;;0 - 5 Dias;Sudeste;NORMAL
01/09/2026;02/09/2026;260902-000330;EXTRAVIO ;CARRERA (VILA LEOPOLDINA);J36;SAO PAULO;SP;732256;SCB01;XD DIADEMA;14612076;9617188 / 9617189 / 9617190 / 9617191;SIM;NOTIFICAÇÃO ENVIADA VIA PLANILHA POR CONTA DA ALTA DEMANDA;;09/09/2026;EM ANDAMENTO;PENDENTE;NO PRAZO;;;0 - 5 Dias;Sudeste;NORMAL
02/09/2026;02/09/2026;260902-000323;EXTRAVIO ;GRANDE MINAS (PAMPULHA);F51;CONTAGEM;MG;732248;SCB01;XD MINAS;14613347;9499014;SIM;NOTIFICAÇÃO ENVIADA VIA PLANILHA POR CONTA DA ALTA DEMANDA;;09/09/2026;EM ANDAMENTO;PENDENTE;NO PRAZO;;;0 - 5 Dias;Sudeste;NORMAL
;02/09/2026;260902-000318;EXTRAVIO ;TUDO (GOIANIA);S16;GOIANIA;GO;731535;SCB01;XD DIADEMA;208528;85071090;SIM;NOTIFICAÇÃO ENVIADA VIA PLANILHA POR CONTA DA ALTA DEMANDA;;09/09/2026;EM ANDAMENTO;PENDENTE;NO PRAZO;;;0 - 5 Dias;CO;NORMAL
20/07/2026;02/09/2026;260902-000317;EXTRAVIO ;RITMO (POCOS DE CALDAS);R81;POCOS DE CALDAS;MG;713716;SCB01;CAMILO;14419756;8887458 - 8887471 - 8887473;SIM;NOTIFICAÇÃO ENVIADA VIA PLANILHA POR CONTA DA ALTA DEMANDA;;09/09/2026;EM ANDAMENTO;PENDENTE;NO PRAZO;;;0 - 5 Dias;Sudeste;NORMAL
01/09/2026;02/09/2026;260902-000310;EXTRAVIO ;MARKA (DIVINOPOLIS);D73;ITAUNA;MG;730725;SCB01;XD DIADEMA;14603426;9589461;SIM;NOTIFICAÇÃO ENVIADA VIA PLANILHA POR CONTA DA ALTA DEMANDA;;09/09/2026;EM ANDAMENTO;PENDENTE;NO PRAZO;;;0 - 5 Dias;Sudeste;NORMAL
;02/09/2026;260902-000273;EXTRAVIO ;SABENAUTO (DPEC MANAUS);W93;MANAUS;AM;726370;SCB01;OPERAÇÃO SOR;14470010;9091578;SIM;NOTIFICAÇÃO ENVIADA VIA PLANILHA POR CONTA DA ALTA DEMANDA;;09/09/2026;EM ANDAMENTO;PENDENTE;NO PRAZO;;;0 - 5 Dias;Norte;NORMAL
03/08/2026;02/09/2026;260902-000266;EXTRAVIO ;RITMO (POCOS DE CALDAS);R81;GUAXUPE;MG;719910;SCB01;XD DIADEMA;14422360;8755096;SIM;NOTIFICAÇÃO ENVIADA VIA PLANILHA POR CONTA DA ALTA DEMANDA;;09/09/2026;EM ANDAMENTO;PENDENTE;NO PRAZO;;;0 - 5 Dias;Sudeste;NORMAL
;02/09/2026;260902-000226;EXTRAVIO ;GMAIS (BARRA DA TIJUCA);G40;RIO DE JANEIRO;RJ;732574;SCB01;OPERAÇÃO SOR;"14621148;  14621145.";9646421;SIM;NOTIFICAÇÃO ENVIADA VIA PLANILHA POR CONTA DA ALTA DEMANDA;;09/09/2026;EM ANDAMENTO;PENDENTE;NO PRAZO;;;0 - 5 Dias;Sudeste;NORMAL
27/08/2026;02/09/2026;260902-000168;EXTRAVIO ;ABSOLUTA (GUARUJA);J77;GUARUJA;SP;731123;SCB01;XD DIADEMA;14607257;9601654;SIM;NOTIFICAÇÃO ENVIADA VIA PLANILHA POR CONTA DA ALTA DEMANDA;;09/09/2026;EM ANDAMENTO;PENDENTE;NO PRAZO;;;0 - 5 Dias;Sudeste;NORMAL
02/09/2026;02/09/2026;260902-000098;EXTRAVIO ;GRANDE MINAS (PAMPULHA);F51;BELO HORIZONTE;MG;732247;SCB01;OPERAÇÃO SOR;14618938;9635380;SIM;NOTIFICAÇÃO ENVIADA VIA PLANILHA POR CONTA DA ALTA DEMANDA;;09/09/2026;EM ANDAMENTO;PENDENTE;NO PRAZO;;;0 - 5 Dias;Sudeste;NORMAL
01/09/2026;02/09/2026;260902-000095;EXTRAVIO ;GRANDE MINAS (PAMPULHA);F51;BELO HORIZONTE;MG;731812;SCB01;XD MINAS;14614718;9627396;SIM;NOTIFICAÇÃO ENVIADA VIA PLANILHA POR CONTA DA ALTA DEMANDA;;09/09/2026;EM ANDAMENTO;PENDENTE;NO PRAZO;;;0 - 5 Dias;Sudeste;NORMAL
01/09/2026;02/09/2026;260902-000092;EXTRAVIO ;GRANDE MINAS (PAMPULHA);F51;BELO HORIZONTE;MG;731812;SCB01;XD MINAS;14614715;9627396;SIM;NOTIFICAÇÃO ENVIADA VIA PLANILHA POR CONTA DA ALTA DEMANDA;;09/09/2026;EM ANDAMENTO;PENDENTE;NO PRAZO;;;0 - 5 Dias;Sudeste;NORMAL
28/08/2026;02/09/2026;260902-000017;EXTRAVIO ;NICOLA (SANTIAGO);N37;SANTA ROSA;RS;730310;SCB01;OPERAÇÃO SOR;14598695;9559973;SIM;NOTIFICAÇÃO ENVIADA VIA PLANILHA POR CONTA DA ALTA DEMANDA;;09/09/2026;EM ANDAMENTO;PENDENTE;NO PRAZO;;;0 - 5 Dias;Sul;NORMAL
02/09/2026;03/09/2026;260903-000047;EXTRAVIO ;TUDO (GOIANIA);S16;GOIANIA;GO;732790;SCB01;OPERAÇÃO SOR;14622770;9656343;SIM;NOTIFICAÇÃO ENVIADA VIA PLANILHA POR CONTA DA ALTA DEMANDA;;10/09/2026;EM ANDAMENTO;PENDENTE;NO PRAZO;;;0 - 5 Dias;CO;NORMAL
;03/09/2026;260903-000052;EXTRAVIO ;TUDO (GOIANIA);S16;GOIANIA;GO;731118;SCB01;OPERAÇÃO SOR;14606633;9598547 - 9598351;SIM;NOTIFICAÇÃO ENVIADA VIA PLANILHA POR CONTA DA ALTA DEMANDA;;10/09/2026;EM ANDAMENTO;PENDENTE;NO PRAZO;;;0 - 5 Dias;CO;NORMAL
02/09/2026;03/09/2026;260903-000056;EXTRAVIO ;TUDO (GOIANIA);S16;GOIANIA;GO;732676;SCB01;OPERAÇÃO SOR;14621075;9623071 - 9648467 - 9648428;SIM;NOTIFICAÇÃO ENVIADA VIA PLANILHA POR CONTA DA ALTA DEMANDA;;10/09/2026;EM ANDAMENTO;PENDENTE;NO PRAZO;;;0 - 5 Dias;CO;NORMAL
;03/09/2026;260903-000057;EXTRAVIO ;METRONORTE (AV JK);L56;;;sem embarque;SCB01;OPERAÇÃO SOR;14437366;87089510;SIM;NOTIFICAÇÃO ENVIADA VIA PLANILHA POR CONTA DA ALTA DEMANDA;;10/09/2026;EM ANDAMENTO;PENDENTE;NO PRAZO;;;0 - 5 Dias;#N/D;NORMAL
17/07/2026;03/09/2026;260903-000060;EXTRAVIO ;GRAMARCA (MIGUEL SUTIL);G21;CUIABA;MT;718544;SCB01;XD DIADEMA;206997;87089100;SIM;NOTIFICAÇÃO ENVIADA VIA PLANILHA POR CONTA DA ALTA DEMANDA;;10/09/2026;EM ANDAMENTO;PENDENTE;NO PRAZO;;;0 - 5 Dias;CO;NORMAL
;03/09/2026;260903-000062;EXTRAVIO ;TUDO (GOIANIA);S16;GOIANIA;GO;731535;SCB01;XD DIADEMA;14608666;9598209 - 9598210 - 9598211 -9598212 -9598213 - 9598308 - 9598309 - 9598734 - 9598791 - 9615533 - 9615534;SIM;NOTIFICAÇÃO ENVIADA VIA PLANILHA POR CONTA DA ALTA DEMANDA;;10/09/2026;EM ANDAMENTO;PENDENTE;NO PRAZO;;;0 - 5 Dias;CO;NORMAL
28/08/2026;03/09/2026;260903-000202;EXTRAVIO ;ROQUEVILLE;R48;SAO ROQUE;SP;730734;SCB01;OPERAÇÃO SOR;14604671 - 14604673;9584098 - 9584092;SIM;NOTIFICAÇÃO ENVIADA VIA PLANILHA POR CONTA DA ALTA DEMANDA;;10/09/2026;EM ANDAMENTO;PENDENTE;NO PRAZO;;;0 - 5 Dias;Sudeste;NORMAL
30/06/2026;03/09/2026;260903-000218;EXTRAVIO ;VIAMAR (PEREIRA BARRETO);B68;SAO PAULO;SP;714499;SCB01;XD DIADEMA;14427280;8920354;SIM;NOTIFICAÇÃO ENVIADA VIA PLANILHA POR CONTA DA ALTA DEMANDA;;10/09/2026;EM ANDAMENTO;PENDENTE;NO PRAZO;;;0 - 5 Dias;Sudeste;NORMAL
06/07/2026;03/09/2026;260903-000219;EXTRAVIO ;VIAMAR (PEREIRA BARRETO);B68;SAO PAULO;SP;716626;SCB01;XD DIADEMA;14443750;9010515;SIM;NOTIFICAÇÃO ENVIADA VIA PLANILHA POR CONTA DA ALTA DEMANDA;;10/09/2026;EM ANDAMENTO;PENDENTE;NO PRAZO;;;0 - 5 Dias;Sudeste;NORMAL
;03/09/2026;260903-000232;EXTRAVIO ;JORLAN (GOIANIA);J23;GOIANIA;GO;731524;SCB01;XD DIADEMA;14607946;9606574;SIM;NOTIFICAÇÃO ENVIADA VIA PLANILHA POR CONTA DA ALTA DEMANDA;;10/09/2026;EM ANDAMENTO;PENDENTE;NO PRAZO;;;0 - 5 Dias;CO;NORMAL
31/08/2026;03/09/2026;260903-000246;EXTRAVIO ;VIGORITO (ABC);E92;SAO PAULO;SP;730635;SCB01;OPERAÇÃO SOR;14600261;9571905;SIM;NOTIFICAÇÃO ENVIADA VIA PLANILHA POR CONTA DA ALTA DEMANDA;;10/09/2026;EM ANDAMENTO;PENDENTE;NO PRAZO;;;0 - 5 Dias;Sudeste;NORMAL
29/05/2026;03/09/2026;260903-000250;EXTRAVIO ;PRIMARCA (ENPV BARALDI);P71;SAO PAULO;SP;707296;SCB01;OPERAÇÃO SOR;14339432;8780812;SIM;NOTIFICAÇÃO ENVIADA VIA PLANILHA POR CONTA DA ALTA DEMANDA;;10/09/2026;EM ANDAMENTO;PENDENTE;NO PRAZO;;;0 - 5 Dias;Sudeste;NORMAL
31/08/2026;03/09/2026;260903-000249;EXTRAVIO ;VIGORITO (ABC);E92;SAO PAULO;SP;731808;SCB01;OPERAÇÃO SOR;14610093 - 14613064;0009037843 - 009617984;SIM;NOTIFICAÇÃO ENVIADA VIA PLANILHA POR CONTA DA ALTA DEMANDA;;10/09/2026;EM ANDAMENTO;PENDENTE;NO PRAZO;;;0 - 5 Dias;Sudeste;NORMAL
31/08/2026;03/09/2026;260903-000253;EXTRAVIO ;VIGORITO (ABC);E92;SAO PAULO;SP;730987;SCB01;OPERAÇÃO SOR;14605917;9595235;SIM;NOTIFICAÇÃO ENVIADA VIA PLANILHA POR CONTA DA ALTA DEMANDA;;10/09/2026;EM ANDAMENTO;PENDENTE;NO PRAZO;;;0 - 5 Dias;Sudeste;NORMAL
31/08/2026;03/09/2026;260903-000255;EXTRAVIO ;VIGORITO (ABC);E92;SAO PAULO;SP;731159;SCB01;OPERAÇÃO SOR;14608084;9606480;SIM;NOTIFICAÇÃO ENVIADA VIA PLANILHA POR CONTA DA ALTA DEMANDA;;10/09/2026;EM ANDAMENTO;PENDENTE;NO PRAZO;;;0 - 5 Dias;Sudeste;NORMAL
31/08/2026;03/09/2026;260903-000264;EXTRAVIO ;VIGORITO (ABC);E92;SAO PAULO;SP;731620;SCB01;XD DIADEMA;14613640 - 14613976;0009561839 -0005219959 - 0009562621;SIM;NOTIFICAÇÃO ENVIADA VIA PLANILHA POR CONTA DA ALTA DEMANDA;;10/09/2026;EM ANDAMENTO;PENDENTE;NO PRAZO;;;0 - 5 Dias;Sudeste;NORMAL
31/08/2026;03/09/2026;260903-000276;EXTRAVIO ;PLANETA (BRASILIA);S28;BRASILIA;DF;731531;SCB01;RIO VERMELHO;14611257; 9615531-9615532;SIM;NOTIFICAÇÃO ENVIADA VIA PLANILHA POR CONTA DA ALTA DEMANDA;;10/09/2026;EM ANDAMENTO;PENDENTE;NO PRAZO;;;0 - 5 Dias;CO;NORMAL
14/08/2026;03/09/2026;260903-000334;EXTRAVIO ;GRANDE MINAS (PAMPULHA);F51;BELO HORIZONTE;MG;725972;SCB01;XD DIADEMA;14555112;9415486;SIM;NOTIFICAÇÃO ENVIADA VIA PLANILHA POR CONTA DA ALTA DEMANDA;;10/09/2026;EM ANDAMENTO;PENDENTE;NO PRAZO;;;0 - 5 Dias;Sudeste;NORMAL
14/08/2026;03/09/2026;260903-000335;EXTRAVIO ;GRANDE MINAS (PAMPULHA);F51;BELO HORIZONTE;MG;725972;SCB01;XD DIADEMA;14555114;9415486;SIM;NOTIFICAÇÃO ENVIADA VIA PLANILHA POR CONTA DA ALTA DEMANDA;;10/09/2026;EM ANDAMENTO;PENDENTE;NO PRAZO;;;0 - 5 Dias;Sudeste;NORMAL
14/08/2026;03/09/2026;260903-000336;EXTRAVIO ;GRANDE MINAS (PAMPULHA);F51;BELO HORIZONTE;MG;725972;SCB01;XD DIADEMA;14555115;9415486;SIM;NOTIFICAÇÃO ENVIADA VIA PLANILHA POR CONTA DA ALTA DEMANDA;;10/09/2026;EM ANDAMENTO;PENDENTE;NO PRAZO;;;0 - 5 Dias;Sudeste;NORMAL
;03/09/2026;260903-000340;EXTRAVIO ;AUTOMEC (AMERICANA);M93;AMERICANA;SP;sem embarque;SCB01;OPERAÇÃO SOR;128455;87081000;SIM;NOTIFICAÇÃO ENVIADA VIA PLANILHA POR CONTA DA ALTA DEMANDA;;10/09/2026;EM ANDAMENTO;PENDENTE;NO PRAZO;;;0 - 5 Dias;Sudeste;NORMAL
;03/09/2026;260903-000345;EXTRAVIO ;AUTOMEC (AMERICANA);M93;AMERICANA;SP;678695;SCB01;OPERAÇÃO SOR;13989418;7236727;SIM;NOTIFICAÇÃO ENVIADA VIA PLANILHA POR CONTA DA ALTA DEMANDA;;10/09/2026;EM ANDAMENTO;PENDENTE;NO PRAZO;;;0 - 5 Dias;Sudeste;NORMAL
;03/09/2026;260903-000347;EXTRAVIO ;AUTOMEC (AMERICANA);M93;AMERICANA;SP;678695;SCB01;OPERAÇÃO SOR;13991619;7245382;SIM;NOTIFICAÇÃO ENVIADA VIA PLANILHA POR CONTA DA ALTA DEMANDA;;10/09/2026;EM ANDAMENTO;PENDENTE;NO PRAZO;;;0 - 5 Dias;Sudeste;NORMAL
;03/09/2026;260903-000350;EXTRAVIO ;AUTOMEC (AMERICANA);M93;AMERICANA;SP;678695;SCB01;OPERAÇÃO SOR;13991081;80210484;SIM;NOTIFICAÇÃO ENVIADA VIA PLANILHA POR CONTA DA ALTA DEMANDA;;10/09/2026;EM ANDAMENTO;PENDENTE;NO PRAZO;;;0 - 5 Dias;Sudeste;NORMAL
;03/09/2026;260903-000353;EXTRAVIO ;AUTOMEC (AMERICANA);M93;AMERICANA;SP;674555;SCB01;OPERAÇÃO SOR;13941635;7067825;SIM;NOTIFICAÇÃO ENVIADA VIA PLANILHA POR CONTA DA ALTA DEMANDA;;10/09/2026;EM ANDAMENTO;PENDENTE;NO PRAZO;;;0 - 5 Dias;Sudeste;NORMAL
;03/09/2026;260903-000354;EXTRAVIO ;AUTOMEC (AMERICANA);M93;AMERICANA;SP;674555;SCB01;OPERAÇÃO SOR;13942346;7067779;SIM;NOTIFICAÇÃO ENVIADA VIA PLANILHA POR CONTA DA ALTA DEMANDA;;10/09/2026;EM ANDAMENTO;PENDENTE;NO PRAZO;;;0 - 5 Dias;Sudeste;NORMAL
;04/09/2026;260904-000014;EXTRAVIO ;PROESTE (TUPA);P39;SOROCABA;SP;680656;SCB01;ALFA;81977;;SIM;NOTIFICAÇÃO ENVIADA VIA PLANILHA POR CONTA DA ALTA DEMANDA;;11/09/2026;EM ANDAMENTO;PENDENTE;NO PRAZO;;;0 - 5 Dias;Sudeste;NORMAL
01/09/2026;04/09/2026;260904-000022;EXTRAVIO ;JORLAN (BARAO H. DE MELO);J66;BELO HORIZONTE;MG;731640;SCB01;XD MINAS;14613638;9583774;SIM;NOTIFICAÇÃO ENVIADA VIA PLANILHA POR CONTA DA ALTA DEMANDA;;11/09/2026;EM ANDAMENTO;PENDENTE;NO PRAZO;;;0 - 5 Dias;Sudeste;NORMAL
02/09/2026;04/09/2026;260904-000025;EXTRAVIO ;JORLAN (BARAO H. DE MELO);J66;BELO HORIZONTE;MG;732147;SCB01;OPERAÇÃO SOR;14619426;9635626;SIM;NOTIFICAÇÃO ENVIADA VIA PLANILHA POR CONTA DA ALTA DEMANDA;;11/09/2026;EM ANDAMENTO;PENDENTE;NO PRAZO;;;0 - 5 Dias;Sudeste;NORMAL
02/09/2026;04/09/2026;260904-000027;EXTRAVIO ;JORLAN (BARAO H. DE MELO);J66;BELO HORIZONTE;MG;732147;SCB01;OPERAÇÃO SOR;14618997;9635189 - 9635214;SIM;NOTIFICAÇÃO ENVIADA VIA PLANILHA POR CONTA DA ALTA DEMANDA;;11/09/2026;EM ANDAMENTO;PENDENTE;NO PRAZO;;;0 - 5 Dias;Sudeste;NORMAL
01/09/2026;04/09/2026;260904-000028;EXTRAVIO ;JORLAN (BARAO H. DE MELO);J66;BELO HORIZONTE;MG;731827;SCB01;XD DIADEMA;14612147;9617993 - 9618004;SIM;NOTIFICAÇÃO ENVIADA VIA PLANILHA POR CONTA DA ALTA DEMANDA;;11/09/2026;EM ANDAMENTO;PENDENTE;NO PRAZO;;;0 - 5 Dias;Sudeste;NORMAL
